parameters,macs,correct,examples,accuracy,loss,shirt_precision,shirt_recall,shirt_f1,macro_f1,validation_half_correct,components
2207556,3183978880,5717,6000,0.9528333333333333,0.15295259654521942,0.8838028169014085,0.8366666666666667,0.8595890410958904,0.9526467414697372,"[2853, 2864]","[{""name"": ""accuracy_wide_clean_swa"", ""views"": 10, ""temperature"": 1.5, ""weight"": 0.325, ""sha256"": ""0aa9d82bef91689cc3b4b76c97b385153e325887adf376d641f082358aabea0f""}, {""name"": ""accuracy_p2_clean_swa"", ""views"": 30, ""temperature"": 1.25, ""weight"": 0.325, ""sha256"": ""31e66eb705618c067df9d65c5a5cb991addbb4f567a7c5dbab408f87859d6227""}, {""name"": ""mixer_pruned_75"", ""views"": 10, ""temperature"": 1.0, ""weight"": 0.35, ""sha256"": ""c0b7eafe5070b3985442bfdf729ab2955c7340a172dc5b817150cc02771d5f53""}]"
3505302,3261201664,5699,6000,0.9498333333333333,0.15518653392791748,0.8769771528998243,0.8316666666666667,0.853721129170231,0.9496417203180509,"[2840, 2859]","[{""name"": ""accuracy_wide_clean_swa"", ""views"": 10, ""temperature"": 1.5, ""weight"": 0.29250000000000004, ""sha256"": ""0aa9d82bef91689cc3b4b76c97b385153e325887adf376d641f082358aabea0f""}, {""name"": ""accuracy_p2_clean_swa"", ""views"": 30, ""temperature"": 1.25, ""weight"": 0.29250000000000004, ""sha256"": ""31e66eb705618c067df9d65c5a5cb991addbb4f567a7c5dbab408f87859d6227""}, {""name"": ""mixer_pruned_75"", ""views"": 10, ""temperature"": 1.0, ""weight"": 0.315, ""sha256"": ""c0b7eafe5070b3985442bfdf729ab2955c7340a172dc5b817150cc02771d5f53""}, {""name"": ""garment_wide"", ""views"": 1, ""temperature"": 2.0, ""weight"": 0.1}]"
3505302,3261201664,5696,6000,0.9493333333333334,0.15822401642799377,0.8807017543859649,0.8366666666666667,0.8581196581196581,0.9491628037183236,"[2839, 2857]","[{""name"": ""accuracy_wide_clean_swa"", ""views"": 10, ""temperature"": 1.5, ""weight"": 0.26, ""sha256"": ""0aa9d82bef91689cc3b4b76c97b385153e325887adf376d641f082358aabea0f""}, {""name"": ""accuracy_p2_clean_swa"", ""views"": 30, ""temperature"": 1.25, ""weight"": 0.26, ""sha256"": ""31e66eb705618c067df9d65c5a5cb991addbb4f567a7c5dbab408f87859d6227""}, {""name"": ""mixer_pruned_75"", ""views"": 10, ""temperature"": 1.0, ""weight"": 0.27999999999999997, ""sha256"": ""c0b7eafe5070b3985442bfdf729ab2955c7340a172dc5b817150cc02771d5f53""}, {""name"": ""garment_wide"", ""views"": 1, ""temperature"": 2.0, ""weight"": 0.2}]"
3505302,3261201664,5685,6000,0.9475,0.16407985985279083,0.8765432098765432,0.8283333333333334,0.8517566409597258,0.9472970334903644,"[2833, 2852]","[{""name"": ""accuracy_wide_clean_swa"", ""views"": 10, ""temperature"": 1.5, ""weight"": 0.21125000000000002, ""sha256"": ""0aa9d82bef91689cc3b4b76c97b385153e325887adf376d641f082358aabea0f""}, {""name"": ""accuracy_p2_clean_swa"", ""views"": 30, ""temperature"": 1.25, ""weight"": 0.21125000000000002, ""sha256"": ""31e66eb705618c067df9d65c5a5cb991addbb4f567a7c5dbab408f87859d6227""}, {""name"": ""mixer_pruned_75"", ""views"": 10, ""temperature"": 1.0, ""weight"": 0.22749999999999998, ""sha256"": ""c0b7eafe5070b3985442bfdf729ab2955c7340a172dc5b817150cc02771d5f53""}, {""name"": ""garment_wide"", ""views"": 1, ""temperature"": 2.0, ""weight"": 0.35}]"
3505302,3261201664,5671,6000,0.9451666666666667,0.17160072922706604,0.8641975308641975,0.8166666666666667,0.8397600685518424,0.9449439970434698,"[2822, 2849]","[{""name"": ""accuracy_wide_clean_swa"", ""views"": 10, ""temperature"": 1.5, ""weight"": 0.1625, ""sha256"": ""0aa9d82bef91689cc3b4b76c97b385153e325887adf376d641f082358aabea0f""}, {""name"": ""accuracy_p2_clean_swa"", ""views"": 30, ""temperature"": 1.25, ""weight"": 0.1625, ""sha256"": ""31e66eb705618c067df9d65c5a5cb991addbb4f567a7c5dbab408f87859d6227""}, {""name"": ""mixer_pruned_75"", ""views"": 10, ""temperature"": 1.0, ""weight"": 0.175, ""sha256"": ""c0b7eafe5070b3985442bfdf729ab2955c7340a172dc5b817150cc02771d5f53""}, {""name"": ""garment_wide"", ""views"": 1, ""temperature"": 2.0, ""weight"": 0.5}]"
1297746,77222784,5643,6000,0.9405,0.23100519180297852,0.8446771378708552,0.8066666666666666,0.8252344416027281,0.9403121094401538,"[2804, 2839]","[{""name"": ""garment_wide"", ""views"": 1, ""temperature"": 2.0, ""weight"": 1.0}]"
3505302,3956206720,5708,6000,0.9513333333333334,0.15321919322013855,0.8835978835978836,0.835,0.8586118251928021,0.9511417681568485,"[2848, 2860]","[{""name"": ""accuracy_wide_clean_swa"", ""views"": 10, ""temperature"": 1.5, ""weight"": 0.29250000000000004, ""sha256"": ""0aa9d82bef91689cc3b4b76c97b385153e325887adf376d641f082358aabea0f""}, {""name"": ""accuracy_p2_clean_swa"", ""views"": 30, ""temperature"": 1.25, ""weight"": 0.29250000000000004, ""sha256"": ""31e66eb705618c067df9d65c5a5cb991addbb4f567a7c5dbab408f87859d6227""}, {""name"": ""mixer_pruned_75"", ""views"": 10, ""temperature"": 1.0, ""weight"": 0.315, ""sha256"": ""c0b7eafe5070b3985442bfdf729ab2955c7340a172dc5b817150cc02771d5f53""}, {""name"": ""garment_wide"", ""views"": 10, ""temperature"": 1.5, ""weight"": 0.1}]"
3505302,3956206720,5702,6000,0.9503333333333334,0.15378457307815552,0.8816254416961131,0.8316666666666667,0.855917667238422,0.9501292957317027,"[2843, 2859]","[{""name"": ""accuracy_wide_clean_swa"", ""views"": 10, ""temperature"": 1.5, ""weight"": 0.26, ""sha256"": ""0aa9d82bef91689cc3b4b76c97b385153e325887adf376d641f082358aabea0f""}, {""name"": ""accuracy_p2_clean_swa"", ""views"": 30, ""temperature"": 1.25, ""weight"": 0.26, ""sha256"": ""31e66eb705618c067df9d65c5a5cb991addbb4f567a7c5dbab408f87859d6227""}, {""name"": ""mixer_pruned_75"", ""views"": 10, ""temperature"": 1.0, ""weight"": 0.27999999999999997, ""sha256"": ""c0b7eafe5070b3985442bfdf729ab2955c7340a172dc5b817150cc02771d5f53""}, {""name"": ""garment_wide"", ""views"": 10, ""temperature"": 1.5, ""weight"": 0.2}]"
3505302,3956206720,5695,6000,0.9491666666666667,0.15519805252552032,0.8783068783068783,0.83,0.8534704370179949,0.9489650286910003,"[2834, 2861]","[{""name"": ""accuracy_wide_clean_swa"", ""views"": 10, ""temperature"": 1.5, ""weight"": 0.21125000000000002, ""sha256"": ""0aa9d82bef91689cc3b4b76c97b385153e325887adf376d641f082358aabea0f""}, {""name"": ""accuracy_p2_clean_swa"", ""views"": 30, ""temperature"": 1.25, ""weight"": 0.21125000000000002, ""sha256"": ""31e66eb705618c067df9d65c5a5cb991addbb4f567a7c5dbab408f87859d6227""}, {""name"": ""mixer_pruned_75"", ""views"": 10, ""temperature"": 1.0, ""weight"": 0.22749999999999998, ""sha256"": ""c0b7eafe5070b3985442bfdf729ab2955c7340a172dc5b817150cc02771d5f53""}, {""name"": ""garment_wide"", ""views"": 10, ""temperature"": 1.5, ""weight"": 0.35}]"
3505302,3956206720,5696,6000,0.9493333333333334,0.15736161172389984,0.8783068783068783,0.83,0.8534704370179949,0.9491330619799131,"[2837, 2859]","[{""name"": ""accuracy_wide_clean_swa"", ""views"": 10, ""temperature"": 1.5, ""weight"": 0.1625, ""sha256"": ""0aa9d82bef91689cc3b4b76c97b385153e325887adf376d641f082358aabea0f""}, {""name"": ""accuracy_p2_clean_swa"", ""views"": 30, ""temperature"": 1.25, ""weight"": 0.1625, ""sha256"": ""31e66eb705618c067df9d65c5a5cb991addbb4f567a7c5dbab408f87859d6227""}, {""name"": ""mixer_pruned_75"", ""views"": 10, ""temperature"": 1.0, ""weight"": 0.175, ""sha256"": ""c0b7eafe5070b3985442bfdf729ab2955c7340a172dc5b817150cc02771d5f53""}, {""name"": ""garment_wide"", ""views"": 10, ""temperature"": 1.5, ""weight"": 0.5}]"
1297746,772227840,5682,6000,0.947,0.17774668335914612,0.8688811188811189,0.8283333333333334,0.8481228668941979,0.9468178046796931,"[2828, 2854]","[{""name"": ""garment_wide"", ""views"": 10, ""temperature"": 1.5, ""weight"": 1.0}]"
3505302,4573988992,5710,6000,0.9516666666666667,0.1534869223833084,0.8867256637168142,0.835,0.8600858369098713,0.9514609568546317,"[2849, 2861]","[{""name"": ""accuracy_wide_clean_swa"", ""views"": 10, ""temperature"": 1.5, ""weight"": 0.29250000000000004, ""sha256"": ""0aa9d82bef91689cc3b4b76c97b385153e325887adf376d641f082358aabea0f""}, {""name"": ""accuracy_p2_clean_swa"", ""views"": 30, ""temperature"": 1.25, ""weight"": 0.29250000000000004, ""sha256"": ""31e66eb705618c067df9d65c5a5cb991addbb4f567a7c5dbab408f87859d6227""}, {""name"": ""mixer_pruned_75"", ""views"": 10, ""temperature"": 1.0, ""weight"": 0.315, ""sha256"": ""c0b7eafe5070b3985442bfdf729ab2955c7340a172dc5b817150cc02771d5f53""}, {""name"": ""garment_wide"", ""views"": 18, ""temperature"": 1.5, ""weight"": 0.1}]"
3505302,4573988992,5702,6000,0.9503333333333334,0.15431439876556396,0.8816254416961131,0.8316666666666667,0.855917667238422,0.9501235713700638,"[2845, 2857]","[{""name"": ""accuracy_wide_clean_swa"", ""views"": 10, ""temperature"": 1.5, ""weight"": 0.26, ""sha256"": ""0aa9d82bef91689cc3b4b76c97b385153e325887adf376d641f082358aabea0f""}, {""name"": ""accuracy_p2_clean_swa"", ""views"": 30, ""temperature"": 1.25, ""weight"": 0.26, ""sha256"": ""31e66eb705618c067df9d65c5a5cb991addbb4f567a7c5dbab408f87859d6227""}, {""name"": ""mixer_pruned_75"", ""views"": 10, ""temperature"": 1.0, ""weight"": 0.27999999999999997, ""sha256"": ""c0b7eafe5070b3985442bfdf729ab2955c7340a172dc5b817150cc02771d5f53""}, {""name"": ""garment_wide"", ""views"": 18, ""temperature"": 1.5, ""weight"": 0.2}]"
3505302,4573988992,5695,6000,0.9491666666666667,0.15607964992523193,0.8802816901408451,0.8333333333333334,0.8561643835616438,0.9489719429424165,"[2837, 2858]","[{""name"": ""accuracy_wide_clean_swa"", ""views"": 10, ""temperature"": 1.5, ""weight"": 0.21125000000000002, ""sha256"": ""0aa9d82bef91689cc3b4b76c97b385153e325887adf376d641f082358aabea0f""}, {""name"": ""accuracy_p2_clean_swa"", ""views"": 30, ""temperature"": 1.25, ""weight"": 0.21125000000000002, ""sha256"": ""31e66eb705618c067df9d65c5a5cb991addbb4f567a7c5dbab408f87859d6227""}, {""name"": ""mixer_pruned_75"", ""views"": 10, ""temperature"": 1.0, ""weight"": 0.22749999999999998, ""sha256"": ""c0b7eafe5070b3985442bfdf729ab2955c7340a172dc5b817150cc02771d5f53""}, {""name"": ""garment_wide"", ""views"": 18, ""temperature"": 1.5, ""weight"": 0.35}]"
3505302,4573988992,5698,6000,0.9496666666666667,0.15850503742694855,0.8833922261484098,0.8333333333333334,0.8576329331046312,0.9494695934752766,"[2839, 2859]","[{""name"": ""accuracy_wide_clean_swa"", ""views"": 10, ""temperature"": 1.5, ""weight"": 0.1625, ""sha256"": ""0aa9d82bef91689cc3b4b76c97b385153e325887adf376d641f082358aabea0f""}, {""name"": ""accuracy_p2_clean_swa"", ""views"": 30, ""temperature"": 1.25, ""weight"": 0.1625, ""sha256"": ""31e66eb705618c067df9d65c5a5cb991addbb4f567a7c5dbab408f87859d6227""}, {""name"": ""mixer_pruned_75"", ""views"": 10, ""temperature"": 1.0, ""weight"": 0.175, ""sha256"": ""c0b7eafe5070b3985442bfdf729ab2955c7340a172dc5b817150cc02771d5f53""}, {""name"": ""garment_wide"", ""views"": 18, ""temperature"": 1.5, ""weight"": 0.5}]"
1297746,1390010112,5679,6000,0.9465,0.176277756690979,0.8666666666666667,0.8233333333333334,0.8444444444444444,0.9462962331335067,"[2826, 2853]","[{""name"": ""garment_wide"", ""views"": 18, ""temperature"": 1.5, ""weight"": 1.0}]"
3505302,5500662400,5710,6000,0.9516666666666667,0.1526947170495987,0.8824561403508772,0.8383333333333334,0.8598290598290599,0.9514837865456084,"[2850, 2860]","[{""name"": ""accuracy_wide_clean_swa"", ""views"": 10, ""temperature"": 1.5, ""weight"": 0.29250000000000004, ""sha256"": ""0aa9d82bef91689cc3b4b76c97b385153e325887adf376d641f082358aabea0f""}, {""name"": ""accuracy_p2_clean_swa"", ""views"": 30, ""temperature"": 1.25, ""weight"": 0.29250000000000004, ""sha256"": ""31e66eb705618c067df9d65c5a5cb991addbb4f567a7c5dbab408f87859d6227""}, {""name"": ""mixer_pruned_75"", ""views"": 10, ""temperature"": 1.0, ""weight"": 0.315, ""sha256"": ""c0b7eafe5070b3985442bfdf729ab2955c7340a172dc5b817150cc02771d5f53""}, {""name"": ""garment_wide"", ""views"": 30, ""temperature"": 1.25, ""weight"": 0.1}]"
3505302,5500662400,5708,6000,0.9513333333333334,0.152777761220932,0.8820422535211268,0.835,0.8578767123287672,0.9511390462972781,"[2847, 2861]","[{""name"": ""accuracy_wide_clean_swa"", ""views"": 10, ""temperature"": 1.5, ""weight"": 0.26, ""sha256"": ""0aa9d82bef91689cc3b4b76c97b385153e325887adf376d641f082358aabea0f""}, {""name"": ""accuracy_p2_clean_swa"", ""views"": 30, ""temperature"": 1.25, ""weight"": 0.26, ""sha256"": ""31e66eb705618c067df9d65c5a5cb991addbb4f567a7c5dbab408f87859d6227""}, {""name"": ""mixer_pruned_75"", ""views"": 10, ""temperature"": 1.0, ""weight"": 0.27999999999999997, ""sha256"": ""c0b7eafe5070b3985442bfdf729ab2955c7340a172dc5b817150cc02771d5f53""}, {""name"": ""garment_wide"", ""views"": 30, ""temperature"": 1.25, ""weight"": 0.2}]"
3505302,5500662400,5695,6000,0.9491666666666667,0.15352198481559753,0.8765432098765432,0.8283333333333334,0.8517566409597258,0.9489607080184375,"[2836, 2859]","[{""name"": ""accuracy_wide_clean_swa"", ""views"": 10, ""temperature"": 1.5, ""weight"": 0.21125000000000002, ""sha256"": ""0aa9d82bef91689cc3b4b76c97b385153e325887adf376d641f082358aabea0f""}, {""name"": ""accuracy_p2_clean_swa"", ""views"": 30, ""temperature"": 1.25, ""weight"": 0.21125000000000002, ""sha256"": ""31e66eb705618c067df9d65c5a5cb991addbb4f567a7c5dbab408f87859d6227""}, {""name"": ""mixer_pruned_75"", ""views"": 10, ""temperature"": 1.0, ""weight"": 0.22749999999999998, ""sha256"": ""c0b7eafe5070b3985442bfdf729ab2955c7340a172dc5b817150cc02771d5f53""}, {""name"": ""garment_wide"", ""views"": 30, ""temperature"": 1.25, ""weight"": 0.35}]"
3505302,5500662400,5695,6000,0.9491666666666667,0.1550723761320114,0.872822299651568,0.835,0.8534923339011925,0.9490080870012163,"[2838, 2857]","[{""name"": ""accuracy_wide_clean_swa"", ""views"": 10, ""temperature"": 1.5, ""weight"": 0.1625, ""sha256"": ""0aa9d82bef91689cc3b4b76c97b385153e325887adf376d641f082358aabea0f""}, {""name"": ""accuracy_p2_clean_swa"", ""views"": 30, ""temperature"": 1.25, ""weight"": 0.1625, ""sha256"": ""31e66eb705618c067df9d65c5a5cb991addbb4f567a7c5dbab408f87859d6227""}, {""name"": ""mixer_pruned_75"", ""views"": 10, ""temperature"": 1.0, ""weight"": 0.175, ""sha256"": ""c0b7eafe5070b3985442bfdf729ab2955c7340a172dc5b817150cc02771d5f53""}, {""name"": ""garment_wide"", ""views"": 30, ""temperature"": 1.25, ""weight"": 0.5}]"
1297746,2316683520,5670,6000,0.945,0.17582102119922638,0.8559027777777778,0.8216666666666667,0.8384353741496599,0.9448204504525324,"[2819, 2851]","[{""name"": ""garment_wide"", ""views"": 30, ""temperature"": 1.25, ""weight"": 1.0}]"
3505302,3261201664,5701,6000,0.9501666666666667,0.15523800253868103,0.8771929824561403,0.8333333333333334,0.8547008547008547,0.9499818439152182,"[2843, 2858]","[{""name"": ""accuracy_wide_clean_swa"", ""views"": 10, ""temperature"": 1.5, ""weight"": 0.29250000000000004, ""sha256"": ""0aa9d82bef91689cc3b4b76c97b385153e325887adf376d641f082358aabea0f""}, {""name"": ""accuracy_p2_clean_swa"", ""views"": 30, ""temperature"": 1.25, ""weight"": 0.29250000000000004, ""sha256"": ""31e66eb705618c067df9d65c5a5cb991addbb4f567a7c5dbab408f87859d6227""}, {""name"": ""mixer_pruned_75"", ""views"": 10, ""temperature"": 1.0, ""weight"": 0.315, ""sha256"": ""c0b7eafe5070b3985442bfdf729ab2955c7340a172dc5b817150cc02771d5f53""}, {""name"": ""garment_wide_ema"", ""views"": 1, ""temperature"": 2.0, ""weight"": 0.1}]"
3505302,3261201664,5695,6000,0.9491666666666667,0.15834110975265503,0.8776223776223776,0.8366666666666667,0.856655290102389,0.949002652836746,"[2839, 2856]","[{""name"": ""accuracy_wide_clean_swa"", ""views"": 10, ""temperature"": 1.5, ""weight"": 0.26, ""sha256"": ""0aa9d82bef91689cc3b4b76c97b385153e325887adf376d641f082358aabea0f""}, {""name"": ""accuracy_p2_clean_swa"", ""views"": 30, ""temperature"": 1.25, ""weight"": 0.26, ""sha256"": ""31e66eb705618c067df9d65c5a5cb991addbb4f567a7c5dbab408f87859d6227""}, {""name"": ""mixer_pruned_75"", ""views"": 10, ""temperature"": 1.0, ""weight"": 0.27999999999999997, ""sha256"": ""c0b7eafe5070b3985442bfdf729ab2955c7340a172dc5b817150cc02771d5f53""}, {""name"": ""garment_wide_ema"", ""views"": 1, ""temperature"": 2.0, ""weight"": 0.2}]"
3505302,3261201664,5682,6000,0.947,0.16430498659610748,0.8743362831858407,0.8233333333333334,0.848068669527897,0.9467770194111488,"[2831, 2851]","[{""name"": ""accuracy_wide_clean_swa"", ""views"": 10, ""temperature"": 1.5, ""weight"": 0.21125000000000002, ""sha256"": ""0aa9d82bef91689cc3b4b76c97b385153e325887adf376d641f082358aabea0f""}, {""name"": ""accuracy_p2_clean_swa"", ""views"": 30, ""temperature"": 1.25, ""weight"": 0.21125000000000002, ""sha256"": ""31e66eb705618c067df9d65c5a5cb991addbb4f567a7c5dbab408f87859d6227""}, {""name"": ""mixer_pruned_75"", ""views"": 10, ""temperature"": 1.0, ""weight"": 0.22749999999999998, ""sha256"": ""c0b7eafe5070b3985442bfdf729ab2955c7340a172dc5b817150cc02771d5f53""}, {""name"": ""garment_wide_ema"", ""views"": 1, ""temperature"": 2.0, ""weight"": 0.35}]"
3505302,3261201664,5673,6000,0.9455,0.1719353199005127,0.8657243816254417,0.8166666666666667,0.8404802744425386,0.945269991122835,"[2823, 2850]","[{""name"": ""accuracy_wide_clean_swa"", ""views"": 10, ""temperature"": 1.5, ""weight"": 0.1625, ""sha256"": ""0aa9d82bef91689cc3b4b76c97b385153e325887adf376d641f082358aabea0f""}, {""name"": ""accuracy_p2_clean_swa"", ""views"": 30, ""temperature"": 1.25, ""weight"": 0.1625, ""sha256"": ""31e66eb705618c067df9d65c5a5cb991addbb4f567a7c5dbab408f87859d6227""}, {""name"": ""mixer_pruned_75"", ""views"": 10, ""temperature"": 1.0, ""weight"": 0.175, ""sha256"": ""c0b7eafe5070b3985442bfdf729ab2955c7340a172dc5b817150cc02771d5f53""}, {""name"": ""garment_wide_ema"", ""views"": 1, ""temperature"": 2.0, ""weight"": 0.5}]"
1297746,77222784,5645,6000,0.9408333333333333,0.23136934638023376,0.8464223385689355,0.8083333333333333,0.8269394714407502,0.9406300746124991,"[2807, 2838]","[{""name"": ""garment_wide_ema"", ""views"": 1, ""temperature"": 2.0, ""weight"": 1.0}]"
3505302,3956206720,5710,6000,0.9516666666666667,0.1532551646232605,0.8851590106007067,0.835,0.8593481989708405,0.9514728612527005,"[2848, 2862]","[{""name"": ""accuracy_wide_clean_swa"", ""views"": 10, ""temperature"": 1.5, ""weight"": 0.29250000000000004, ""sha256"": ""0aa9d82bef91689cc3b4b76c97b385153e325887adf376d641f082358aabea0f""}, {""name"": ""accuracy_p2_clean_swa"", ""views"": 30, ""temperature"": 1.25, ""weight"": 0.29250000000000004, ""sha256"": ""31e66eb705618c067df9d65c5a5cb991addbb4f567a7c5dbab408f87859d6227""}, {""name"": ""mixer_pruned_75"", ""views"": 10, ""temperature"": 1.0, ""weight"": 0.315, ""sha256"": ""c0b7eafe5070b3985442bfdf729ab2955c7340a172dc5b817150cc02771d5f53""}, {""name"": ""garment_wide_ema"", ""views"": 10, ""temperature"": 1.5, ""weight"": 0.1}]"
3505302,3956206720,5704,6000,0.9506666666666667,0.15384745597839355,0.8833922261484098,0.8333333333333334,0.8576329331046312,0.9504664916491856,"[2844, 2860]","[{""name"": ""accuracy_wide_clean_swa"", ""views"": 10, ""temperature"": 1.5, ""weight"": 0.26, ""sha256"": ""0aa9d82bef91689cc3b4b76c97b385153e325887adf376d641f082358aabea0f""}, {""name"": ""accuracy_p2_clean_swa"", ""views"": 30, ""temperature"": 1.25, ""weight"": 0.26, ""sha256"": ""31e66eb705618c067df9d65c5a5cb991addbb4f567a7c5dbab408f87859d6227""}, {""name"": ""mixer_pruned_75"", ""views"": 10, ""temperature"": 1.0, ""weight"": 0.27999999999999997, ""sha256"": ""c0b7eafe5070b3985442bfdf729ab2955c7340a172dc5b817150cc02771d5f53""}, {""name"": ""garment_wide_ema"", ""views"": 10, ""temperature"": 1.5, ""weight"": 0.2}]"
3505302,3956206720,5695,6000,0.9491666666666667,0.1552903950214386,0.8785211267605634,0.8316666666666667,0.8544520547945206,0.9489696736892921,"[2835, 2860]","[{""name"": ""accuracy_wide_clean_swa"", ""views"": 10, ""temperature"": 1.5, ""weight"": 0.21125000000000002, ""sha256"": ""0aa9d82bef91689cc3b4b76c97b385153e325887adf376d641f082358aabea0f""}, {""name"": ""accuracy_p2_clean_swa"", ""views"": 30, ""temperature"": 1.25, ""weight"": 0.21125000000000002, ""sha256"": ""31e66eb705618c067df9d65c5a5cb991addbb4f567a7c5dbab408f87859d6227""}, {""name"": ""mixer_pruned_75"", ""views"": 10, ""temperature"": 1.0, ""weight"": 0.22749999999999998, ""sha256"": ""c0b7eafe5070b3985442bfdf729ab2955c7340a172dc5b817150cc02771d5f53""}, {""name"": ""garment_wide_ema"", ""views"": 10, ""temperature"": 1.5, ""weight"": 0.35}]"
3505302,3956206720,5696,6000,0.9493333333333334,0.15747256577014923,0.8783068783068783,0.83,0.8534704370179949,0.9491327546870636,"[2838, 2858]","[{""name"": ""accuracy_wide_clean_swa"", ""views"": 10, ""temperature"": 1.5, ""weight"": 0.1625, ""sha256"": ""0aa9d82bef91689cc3b4b76c97b385153e325887adf376d641f082358aabea0f""}, {""name"": ""accuracy_p2_clean_swa"", ""views"": 30, ""temperature"": 1.25, ""weight"": 0.1625, ""sha256"": ""31e66eb705618c067df9d65c5a5cb991addbb4f567a7c5dbab408f87859d6227""}, {""name"": ""mixer_pruned_75"", ""views"": 10, ""temperature"": 1.0, ""weight"": 0.175, ""sha256"": ""c0b7eafe5070b3985442bfdf729ab2955c7340a172dc5b817150cc02771d5f53""}, {""name"": ""garment_wide_ema"", ""views"": 10, ""temperature"": 1.5, ""weight"": 0.5}]"
1297746,772227840,5680,6000,0.9466666666666667,0.17773176729679108,0.8673647469458988,0.8283333333333334,0.8473998294970162,0.9464962292351844,"[2828, 2852]","[{""name"": ""garment_wide_ema"", ""views"": 10, ""temperature"": 1.5, ""weight"": 1.0}]"
3505302,4573988992,5711,6000,0.9518333333333333,0.15276312828063965,0.8867256637168142,0.835,0.8600858369098713,0.9516292789849459,"[2849, 2862]","[{""name"": ""accuracy_wide_clean_swa"", ""views"": 10, ""temperature"": 1.5, ""weight"": 0.29250000000000004, ""sha256"": ""0aa9d82bef91689cc3b4b76c97b385153e325887adf376d641f082358aabea0f""}, {""name"": ""accuracy_p2_clean_swa"", ""views"": 30, ""temperature"": 1.25, ""weight"": 0.29250000000000004, ""sha256"": ""31e66eb705618c067df9d65c5a5cb991addbb4f567a7c5dbab408f87859d6227""}, {""name"": ""mixer_pruned_75"", ""views"": 10, ""temperature"": 1.0, ""weight"": 0.315, ""sha256"": ""c0b7eafe5070b3985442bfdf729ab2955c7340a172dc5b817150cc02771d5f53""}, {""name"": ""garment_wide_ema"", ""views"": 18, ""temperature"": 1.25, ""weight"": 0.1}]"
3505302,4573988992,5701,6000,0.9501666666666667,0.15286970138549805,0.8802816901408451,0.8333333333333334,0.8561643835616438,0.949969103216574,"[2844, 2857]","[{""name"": ""accuracy_wide_clean_swa"", ""views"": 10, ""temperature"": 1.5, ""weight"": 0.26, ""sha256"": ""0aa9d82bef91689cc3b4b76c97b385153e325887adf376d641f082358aabea0f""}, {""name"": ""accuracy_p2_clean_swa"", ""views"": 30, ""temperature"": 1.25, ""weight"": 0.26, ""sha256"": ""31e66eb705618c067df9d65c5a5cb991addbb4f567a7c5dbab408f87859d6227""}, {""name"": ""mixer_pruned_75"", ""views"": 10, ""temperature"": 1.0, ""weight"": 0.27999999999999997, ""sha256"": ""c0b7eafe5070b3985442bfdf729ab2955c7340a172dc5b817150cc02771d5f53""}, {""name"": ""garment_wide_ema"", ""views"": 18, ""temperature"": 1.25, ""weight"": 0.2}]"
3505302,4573988992,5694,6000,0.949,0.15360970795154572,0.8774080560420315,0.835,0.8556789069171649,0.9488200537405651,"[2837, 2857]","[{""name"": ""accuracy_wide_clean_swa"", ""views"": 10, ""temperature"": 1.5, ""weight"": 0.21125000000000002, ""sha256"": ""0aa9d82bef91689cc3b4b76c97b385153e325887adf376d641f082358aabea0f""}, {""name"": ""accuracy_p2_clean_swa"", ""views"": 30, ""temperature"": 1.25, ""weight"": 0.21125000000000002, ""sha256"": ""31e66eb705618c067df9d65c5a5cb991addbb4f567a7c5dbab408f87859d6227""}, {""name"": ""mixer_pruned_75"", ""views"": 10, ""temperature"": 1.0, ""weight"": 0.22749999999999998, ""sha256"": ""c0b7eafe5070b3985442bfdf729ab2955c7340a172dc5b817150cc02771d5f53""}, {""name"": ""garment_wide_ema"", ""views"": 18, ""temperature"": 1.25, ""weight"": 0.35}]"
3505302,4573988992,5698,6000,0.9496666666666667,0.15514521300792694,0.8816254416961131,0.8316666666666667,0.855917667238422,0.9494622917342349,"[2839, 2859]","[{""name"": ""accuracy_wide_clean_swa"", ""views"": 10, ""temperature"": 1.5, ""weight"": 0.1625, ""sha256"": ""0aa9d82bef91689cc3b4b76c97b385153e325887adf376d641f082358aabea0f""}, {""name"": ""accuracy_p2_clean_swa"", ""views"": 30, ""temperature"": 1.25, ""weight"": 0.1625, ""sha256"": ""31e66eb705618c067df9d65c5a5cb991addbb4f567a7c5dbab408f87859d6227""}, {""name"": ""mixer_pruned_75"", ""views"": 10, ""temperature"": 1.0, ""weight"": 0.175, ""sha256"": ""c0b7eafe5070b3985442bfdf729ab2955c7340a172dc5b817150cc02771d5f53""}, {""name"": ""garment_wide_ema"", ""views"": 18, ""temperature"": 1.25, ""weight"": 0.5}]"
1297746,1390010112,5680,6000,0.9466666666666667,0.17625705897808075,0.868421052631579,0.825,0.8461538461538461,0.9464644560105742,"[2829, 2851]","[{""name"": ""garment_wide_ema"", ""views"": 18, ""temperature"": 1.25, ""weight"": 1.0}]"
3505302,5500662400,5711,6000,0.9518333333333333,0.15271340310573578,0.8824561403508772,0.8383333333333334,0.8598290598290599,0.9516519886403785,"[2850, 2861]","[{""name"": ""accuracy_wide_clean_swa"", ""views"": 10, ""temperature"": 1.5, ""weight"": 0.29250000000000004, ""sha256"": ""0aa9d82bef91689cc3b4b76c97b385153e325887adf376d641f082358aabea0f""}, {""name"": ""accuracy_p2_clean_swa"", ""views"": 30, ""temperature"": 1.25, ""weight"": 0.29250000000000004, ""sha256"": ""31e66eb705618c067df9d65c5a5cb991addbb4f567a7c5dbab408f87859d6227""}, {""name"": ""mixer_pruned_75"", ""views"": 10, ""temperature"": 1.0, ""weight"": 0.315, ""sha256"": ""c0b7eafe5070b3985442bfdf729ab2955c7340a172dc5b817150cc02771d5f53""}, {""name"": ""garment_wide_ema"", ""views"": 30, ""temperature"": 1.25, ""weight"": 0.1}]"
3505302,5500662400,5709,6000,0.9515,0.1528225988149643,0.8822495606326889,0.8366666666666667,0.8588537211291702,0.9513113960715618,"[2848, 2861]","[{""name"": ""accuracy_wide_clean_swa"", ""views"": 10, ""temperature"": 1.5, ""weight"": 0.26, ""sha256"": ""0aa9d82bef91689cc3b4b76c97b385153e325887adf376d641f082358aabea0f""}, {""name"": ""accuracy_p2_clean_swa"", ""views"": 30, ""temperature"": 1.25, ""weight"": 0.26, ""sha256"": ""31e66eb705618c067df9d65c5a5cb991addbb4f567a7c5dbab408f87859d6227""}, {""name"": ""mixer_pruned_75"", ""views"": 10, ""temperature"": 1.0, ""weight"": 0.27999999999999997, ""sha256"": ""c0b7eafe5070b3985442bfdf729ab2955c7340a172dc5b817150cc02771d5f53""}, {""name"": ""garment_wide_ema"", ""views"": 30, ""temperature"": 1.25, ""weight"": 0.2}]"
3505302,5500662400,5698,6000,0.9496666666666667,0.1536102443933487,0.8769771528998243,0.8316666666666667,0.853721129170231,0.9494731856782017,"[2837, 2861]","[{""name"": ""accuracy_wide_clean_swa"", ""views"": 10, ""temperature"": 1.5, ""weight"": 0.21125000000000002, ""sha256"": ""0aa9d82bef91689cc3b4b76c97b385153e325887adf376d641f082358aabea0f""}, {""name"": ""accuracy_p2_clean_swa"", ""views"": 30, ""temperature"": 1.25, ""weight"": 0.21125000000000002, ""sha256"": ""31e66eb705618c067df9d65c5a5cb991addbb4f567a7c5dbab408f87859d6227""}, {""name"": ""mixer_pruned_75"", ""views"": 10, ""temperature"": 1.0, ""weight"": 0.22749999999999998, ""sha256"": ""c0b7eafe5070b3985442bfdf729ab2955c7340a172dc5b817150cc02771d5f53""}, {""name"": ""garment_wide_ema"", ""views"": 30, ""temperature"": 1.25, ""weight"": 0.35}]"
3505302,5500662400,5701,6000,0.9501666666666667,0.15520362555980682,0.8747826086956522,0.8383333333333334,0.8561702127659574,0.9500090773694694,"[2841, 2860]","[{""name"": ""accuracy_wide_clean_swa"", ""views"": 10, ""temperature"": 1.5, ""weight"": 0.1625, ""sha256"": ""0aa9d82bef91689cc3b4b76c97b385153e325887adf376d641f082358aabea0f""}, {""name"": ""accuracy_p2_clean_swa"", ""views"": 30, ""temperature"": 1.25, ""weight"": 0.1625, ""sha256"": ""31e66eb705618c067df9d65c5a5cb991addbb4f567a7c5dbab408f87859d6227""}, {""name"": ""mixer_pruned_75"", ""views"": 10, ""temperature"": 1.0, ""weight"": 0.175, ""sha256"": ""c0b7eafe5070b3985442bfdf729ab2955c7340a172dc5b817150cc02771d5f53""}, {""name"": ""garment_wide_ema"", ""views"": 30, ""temperature"": 1.25, ""weight"": 0.5}]"
1297746,2316683520,5670,6000,0.945,0.1758754402399063,0.8571428571428571,0.82,0.838160136286201,0.9448050694527002,"[2819, 2851]","[{""name"": ""garment_wide_ema"", ""views"": 30, ""temperature"": 1.25, ""weight"": 1.0}]"
3505302,3261201664,5700,6000,0.95,0.15487848222255707,0.8769771528998243,0.8316666666666667,0.853721129170231,0.9498082783489472,"[2842, 2858]","[{""name"": ""accuracy_wide_clean_swa"", ""views"": 10, ""temperature"": 1.5, ""weight"": 0.29250000000000004, ""sha256"": ""0aa9d82bef91689cc3b4b76c97b385153e325887adf376d641f082358aabea0f""}, {""name"": ""accuracy_p2_clean_swa"", ""views"": 30, ""temperature"": 1.25, ""weight"": 0.29250000000000004, ""sha256"": ""31e66eb705618c067df9d65c5a5cb991addbb4f567a7c5dbab408f87859d6227""}, {""name"": ""mixer_pruned_75"", ""views"": 10, ""temperature"": 1.0, ""weight"": 0.315, ""sha256"": ""c0b7eafe5070b3985442bfdf729ab2955c7340a172dc5b817150cc02771d5f53""}, {""name"": ""garment_wide_swa"", ""views"": 1, ""temperature"": 2.0, ""weight"": 0.1}]"
3505302,3261201664,5693,6000,0.9488333333333333,0.15760557353496552,0.875219683655536,0.83,0.8520102651839179,0.9486358465424761,"[2837, 2856]","[{""name"": ""accuracy_wide_clean_swa"", ""views"": 10, ""temperature"": 1.5, ""weight"": 0.26, ""sha256"": ""0aa9d82bef91689cc3b4b76c97b385153e325887adf376d641f082358aabea0f""}, {""name"": ""accuracy_p2_clean_swa"", ""views"": 30, ""temperature"": 1.25, ""weight"": 0.26, ""sha256"": ""31e66eb705618c067df9d65c5a5cb991addbb4f567a7c5dbab408f87859d6227""}, {""name"": ""mixer_pruned_75"", ""views"": 10, ""temperature"": 1.0, ""weight"": 0.27999999999999997, ""sha256"": ""c0b7eafe5070b3985442bfdf729ab2955c7340a172dc5b817150cc02771d5f53""}, {""name"": ""garment_wide_swa"", ""views"": 1, ""temperature"": 2.0, ""weight"": 0.2}]"
3505302,3261201664,5680,6000,0.9466666666666667,0.16302745044231415,0.8712522045855379,0.8233333333333334,0.8466152527849186,0.946454457116736,"[2829, 2851]","[{""name"": ""accuracy_wide_clean_swa"", ""views"": 10, ""temperature"": 1.5, ""weight"": 0.21125000000000002, ""sha256"": ""0aa9d82bef91689cc3b4b76c97b385153e325887adf376d641f082358aabea0f""}, {""name"": ""accuracy_p2_clean_swa"", ""views"": 30, ""temperature"": 1.25, ""weight"": 0.21125000000000002, ""sha256"": ""31e66eb705618c067df9d65c5a5cb991addbb4f567a7c5dbab408f87859d6227""}, {""name"": ""mixer_pruned_75"", ""views"": 10, ""temperature"": 1.0, ""weight"": 0.22749999999999998, ""sha256"": ""c0b7eafe5070b3985442bfdf729ab2955c7340a172dc5b817150cc02771d5f53""}, {""name"": ""garment_wide_swa"", ""views"": 1, ""temperature"": 2.0, ""weight"": 0.35}]"
3505302,3261201664,5669,6000,0.9448333333333333,0.17017796635627747,0.861646234676007,0.82,0.8403074295473953,0.9446462191595506,"[2820, 2849]","[{""name"": ""accuracy_wide_clean_swa"", ""views"": 10, ""temperature"": 1.5, ""weight"": 0.1625, ""sha256"": ""0aa9d82bef91689cc3b4b76c97b385153e325887adf376d641f082358aabea0f""}, {""name"": ""accuracy_p2_clean_swa"", ""views"": 30, ""temperature"": 1.25, ""weight"": 0.1625, ""sha256"": ""31e66eb705618c067df9d65c5a5cb991addbb4f567a7c5dbab408f87859d6227""}, {""name"": ""mixer_pruned_75"", ""views"": 10, ""temperature"": 1.0, ""weight"": 0.175, ""sha256"": ""c0b7eafe5070b3985442bfdf729ab2955c7340a172dc5b817150cc02771d5f53""}, {""name"": ""garment_wide_swa"", ""views"": 1, ""temperature"": 2.0, ""weight"": 0.5}]"
1297746,77222784,5638,6000,0.9396666666666667,0.2313617318868637,0.8411867364746946,0.8033333333333333,0.8218243819266837,0.9394734509459118,"[2805, 2833]","[{""name"": ""garment_wide_swa"", ""views"": 1, ""temperature"": 2.0, ""weight"": 1.0}]"
3505302,3956206720,5710,6000,0.9516666666666667,0.15319737792015076,0.8833922261484098,0.8333333333333334,0.8576329331046312,0.9514638153170537,"[2849, 2861]","[{""name"": ""accuracy_wide_clean_swa"", ""views"": 10, ""temperature"": 1.5, ""weight"": 0.29250000000000004, ""sha256"": ""0aa9d82bef91689cc3b4b76c97b385153e325887adf376d641f082358aabea0f""}, {""name"": ""accuracy_p2_clean_swa"", ""views"": 30, ""temperature"": 1.25, ""weight"": 0.29250000000000004, ""sha256"": ""31e66eb705618c067df9d65c5a5cb991addbb4f567a7c5dbab408f87859d6227""}, {""name"": ""mixer_pruned_75"", ""views"": 10, ""temperature"": 1.0, ""weight"": 0.315, ""sha256"": ""c0b7eafe5070b3985442bfdf729ab2955c7340a172dc5b817150cc02771d5f53""}, {""name"": ""garment_wide_swa"", ""views"": 10, ""temperature"": 1.5, ""weight"": 0.1}]"
3505302,3956206720,5704,6000,0.9506666666666667,0.15372179448604584,0.8818342151675485,0.8333333333333334,0.856898029134533,0.9504663626930192,"[2843, 2861]","[{""name"": ""accuracy_wide_clean_swa"", ""views"": 10, ""temperature"": 1.5, ""weight"": 0.26, ""sha256"": ""0aa9d82bef91689cc3b4b76c97b385153e325887adf376d641f082358aabea0f""}, {""name"": ""accuracy_p2_clean_swa"", ""views"": 30, ""temperature"": 1.25, ""weight"": 0.26, ""sha256"": ""31e66eb705618c067df9d65c5a5cb991addbb4f567a7c5dbab408f87859d6227""}, {""name"": ""mixer_pruned_75"", ""views"": 10, ""temperature"": 1.0, ""weight"": 0.27999999999999997, ""sha256"": ""c0b7eafe5070b3985442bfdf729ab2955c7340a172dc5b817150cc02771d5f53""}, {""name"": ""garment_wide_swa"", ""views"": 10, ""temperature"": 1.5, ""weight"": 0.2}]"
3505302,3956206720,5696,6000,0.9493333333333334,0.15505486726760864,0.8798586572438163,0.83,0.8542024013722127,0.9491231335455861,"[2835, 2861]","[{""name"": ""accuracy_wide_clean_swa"", ""views"": 10, ""temperature"": 1.5, ""weight"": 0.21125000000000002, ""sha256"": ""0aa9d82bef91689cc3b4b76c97b385153e325887adf376d641f082358aabea0f""}, {""name"": ""accuracy_p2_clean_swa"", ""views"": 30, ""temperature"": 1.25, ""weight"": 0.21125000000000002, ""sha256"": ""31e66eb705618c067df9d65c5a5cb991addbb4f567a7c5dbab408f87859d6227""}, {""name"": ""mixer_pruned_75"", ""views"": 10, ""temperature"": 1.0, ""weight"": 0.22749999999999998, ""sha256"": ""c0b7eafe5070b3985442bfdf729ab2955c7340a172dc5b817150cc02771d5f53""}, {""name"": ""garment_wide_swa"", ""views"": 10, ""temperature"": 1.5, ""weight"": 0.35}]"
3505302,3956206720,5696,6000,0.9493333333333334,0.1571304351091385,0.879646017699115,0.8283333333333334,0.8532188841201717,0.9491227820795437,"[2837, 2859]","[{""name"": ""accuracy_wide_clean_swa"", ""views"": 10, ""temperature"": 1.5, ""weight"": 0.1625, ""sha256"": ""0aa9d82bef91689cc3b4b76c97b385153e325887adf376d641f082358aabea0f""}, {""name"": ""accuracy_p2_clean_swa"", ""views"": 30, ""temperature"": 1.25, ""weight"": 0.1625, ""sha256"": ""31e66eb705618c067df9d65c5a5cb991addbb4f567a7c5dbab408f87859d6227""}, {""name"": ""mixer_pruned_75"", ""views"": 10, ""temperature"": 1.0, ""weight"": 0.175, ""sha256"": ""c0b7eafe5070b3985442bfdf729ab2955c7340a172dc5b817150cc02771d5f53""}, {""name"": ""garment_wide_swa"", ""views"": 10, ""temperature"": 1.5, ""weight"": 0.5}]"
1297746,772227840,5681,6000,0.9468333333333333,0.17784860730171204,0.8699472759226714,0.825,0.8468776732249786,0.9466353929311746,"[2829, 2852]","[{""name"": ""garment_wide_swa"", ""views"": 10, ""temperature"": 1.5, ""weight"": 1.0}]"
3505302,4573988992,5710,6000,0.9516666666666667,0.15344183146953583,0.8849557522123894,0.8333333333333334,0.8583690987124464,0.951462371310204,"[2849, 2861]","[{""name"": ""accuracy_wide_clean_swa"", ""views"": 10, ""temperature"": 1.5, ""weight"": 0.29250000000000004, ""sha256"": ""0aa9d82bef91689cc3b4b76c97b385153e325887adf376d641f082358aabea0f""}, {""name"": ""accuracy_p2_clean_swa"", ""views"": 30, ""temperature"": 1.25, ""weight"": 0.29250000000000004, ""sha256"": ""31e66eb705618c067df9d65c5a5cb991addbb4f567a7c5dbab408f87859d6227""}, {""name"": ""mixer_pruned_75"", ""views"": 10, ""temperature"": 1.0, ""weight"": 0.315, ""sha256"": ""c0b7eafe5070b3985442bfdf729ab2955c7340a172dc5b817150cc02771d5f53""}, {""name"": ""garment_wide_swa"", ""views"": 18, ""temperature"": 1.5, ""weight"": 0.1}]"
3505302,4573988992,5705,6000,0.9508333333333333,0.15420711040496826,0.8831858407079646,0.8316666666666667,0.8566523605150215,0.950616087041363,"[2846, 2859]","[{""name"": ""accuracy_wide_clean_swa"", ""views"": 10, ""temperature"": 1.5, ""weight"": 0.26, ""sha256"": ""0aa9d82bef91689cc3b4b76c97b385153e325887adf376d641f082358aabea0f""}, {""name"": ""accuracy_p2_clean_swa"", ""views"": 30, ""temperature"": 1.25, ""weight"": 0.26, ""sha256"": ""31e66eb705618c067df9d65c5a5cb991addbb4f567a7c5dbab408f87859d6227""}, {""name"": ""mixer_pruned_75"", ""views"": 10, ""temperature"": 1.0, ""weight"": 0.27999999999999997, ""sha256"": ""c0b7eafe5070b3985442bfdf729ab2955c7340a172dc5b817150cc02771d5f53""}, {""name"": ""garment_wide_swa"", ""views"": 18, ""temperature"": 1.5, ""weight"": 0.2}]"
3505302,4573988992,5693,6000,0.9488333333333333,0.15586373209953308,0.8771929824561403,0.8333333333333334,0.8547008547008547,0.9486430362989846,"[2837, 2856]","[{""name"": ""accuracy_wide_clean_swa"", ""views"": 10, ""temperature"": 1.5, ""weight"": 0.21125000000000002, ""sha256"": ""0aa9d82bef91689cc3b4b76c97b385153e325887adf376d641f082358aabea0f""}, {""name"": ""accuracy_p2_clean_swa"", ""views"": 30, ""temperature"": 1.25, ""weight"": 0.21125000000000002, ""sha256"": ""31e66eb705618c067df9d65c5a5cb991addbb4f567a7c5dbab408f87859d6227""}, {""name"": ""mixer_pruned_75"", ""views"": 10, ""temperature"": 1.0, ""weight"": 0.22749999999999998, ""sha256"": ""c0b7eafe5070b3985442bfdf729ab2955c7340a172dc5b817150cc02771d5f53""}, {""name"": ""garment_wide_swa"", ""views"": 18, ""temperature"": 1.5, ""weight"": 0.35}]"
3505302,4573988992,5699,6000,0.9498333333333333,0.1581747978925705,0.8835978835978836,0.835,0.8586118251928021,0.9496415246931489,"[2840, 2859]","[{""name"": ""accuracy_wide_clean_swa"", ""views"": 10, ""temperature"": 1.5, ""weight"": 0.1625, ""sha256"": ""0aa9d82bef91689cc3b4b76c97b385153e325887adf376d641f082358aabea0f""}, {""name"": ""accuracy_p2_clean_swa"", ""views"": 30, ""temperature"": 1.25, ""weight"": 0.1625, ""sha256"": ""31e66eb705618c067df9d65c5a5cb991addbb4f567a7c5dbab408f87859d6227""}, {""name"": ""mixer_pruned_75"", ""views"": 10, ""temperature"": 1.0, ""weight"": 0.175, ""sha256"": ""c0b7eafe5070b3985442bfdf729ab2955c7340a172dc5b817150cc02771d5f53""}, {""name"": ""garment_wide_swa"", ""views"": 18, ""temperature"": 1.5, ""weight"": 0.5}]"
1297746,1390010112,5677,6000,0.9461666666666667,0.17603860795497894,0.8677248677248677,0.82,0.8431876606683805,0.9459498603086596,"[2824, 2853]","[{""name"": ""garment_wide_swa"", ""views"": 18, ""temperature"": 1.5, ""weight"": 1.0}]"
3505302,5500662400,5712,6000,0.952,0.1532769352197647,0.8838028169014085,0.8366666666666667,0.8595890410958904,0.9518105424068881,"[2851, 2861]","[{""name"": ""accuracy_wide_clean_swa"", ""views"": 10, ""temperature"": 1.5, ""weight"": 0.29250000000000004, ""sha256"": ""0aa9d82bef91689cc3b4b76c97b385153e325887adf376d641f082358aabea0f""}, {""name"": ""accuracy_p2_clean_swa"", ""views"": 30, ""temperature"": 1.25, ""weight"": 0.29250000000000004, ""sha256"": ""31e66eb705618c067df9d65c5a5cb991addbb4f567a7c5dbab408f87859d6227""}, {""name"": ""mixer_pruned_75"", ""views"": 10, ""temperature"": 1.0, ""weight"": 0.315, ""sha256"": ""c0b7eafe5070b3985442bfdf729ab2955c7340a172dc5b817150cc02771d5f53""}, {""name"": ""garment_wide_swa"", ""views"": 30, ""temperature"": 1.5, ""weight"": 0.1}]"
3505302,5500662400,5710,6000,0.9516666666666667,0.1540093868970871,0.8824561403508772,0.8383333333333334,0.8598290598290599,0.9514891583851763,"[2849, 2861]","[{""name"": ""accuracy_wide_clean_swa"", ""views"": 10, ""temperature"": 1.5, ""weight"": 0.26, ""sha256"": ""0aa9d82bef91689cc3b4b76c97b385153e325887adf376d641f082358aabea0f""}, {""name"": ""accuracy_p2_clean_swa"", ""views"": 30, ""temperature"": 1.25, ""weight"": 0.26, ""sha256"": ""31e66eb705618c067df9d65c5a5cb991addbb4f567a7c5dbab408f87859d6227""}, {""name"": ""mixer_pruned_75"", ""views"": 10, ""temperature"": 1.0, ""weight"": 0.27999999999999997, ""sha256"": ""c0b7eafe5070b3985442bfdf729ab2955c7340a172dc5b817150cc02771d5f53""}, {""name"": ""garment_wide_swa"", ""views"": 30, ""temperature"": 1.5, ""weight"": 0.2}]"
3505302,5500662400,5698,6000,0.9496666666666667,0.1557181179523468,0.8769771528998243,0.8316666666666667,0.853721129170231,0.9494745734043063,"[2838, 2860]","[{""name"": ""accuracy_wide_clean_swa"", ""views"": 10, ""temperature"": 1.5, ""weight"": 0.21125000000000002, ""sha256"": ""0aa9d82bef91689cc3b4b76c97b385153e325887adf376d641f082358aabea0f""}, {""name"": ""accuracy_p2_clean_swa"", ""views"": 30, ""temperature"": 1.25, ""weight"": 0.21125000000000002, ""sha256"": ""31e66eb705618c067df9d65c5a5cb991addbb4f567a7c5dbab408f87859d6227""}, {""name"": ""mixer_pruned_75"", ""views"": 10, ""temperature"": 1.0, ""weight"": 0.22749999999999998, ""sha256"": ""c0b7eafe5070b3985442bfdf729ab2955c7340a172dc5b817150cc02771d5f53""}, {""name"": ""garment_wide_swa"", ""views"": 30, ""temperature"": 1.5, ""weight"": 0.35}]"
3505302,5500662400,5700,6000,0.95,0.15813246369361877,0.8774080560420315,0.835,0.8556789069171649,0.9498211005339957,"[2840, 2860]","[{""name"": ""accuracy_wide_clean_swa"", ""views"": 10, ""temperature"": 1.5, ""weight"": 0.1625, ""sha256"": ""0aa9d82bef91689cc3b4b76c97b385153e325887adf376d641f082358aabea0f""}, {""name"": ""accuracy_p2_clean_swa"", ""views"": 30, ""temperature"": 1.25, ""weight"": 0.1625, ""sha256"": ""31e66eb705618c067df9d65c5a5cb991addbb4f567a7c5dbab408f87859d6227""}, {""name"": ""mixer_pruned_75"", ""views"": 10, ""temperature"": 1.0, ""weight"": 0.175, ""sha256"": ""c0b7eafe5070b3985442bfdf729ab2955c7340a172dc5b817150cc02771d5f53""}, {""name"": ""garment_wide_swa"", ""views"": 30, ""temperature"": 1.5, ""weight"": 0.5}]"
1297746,2316683520,5664,6000,0.944,0.17614388465881348,0.8551483420593369,0.8166666666666667,0.835464620630861,0.943790912170692,"[2817, 2847]","[{""name"": ""garment_wide_swa"", ""views"": 30, ""temperature"": 1.5, ""weight"": 1.0}]"
2737414,3256308544,5701,6000,0.9501666666666667,0.1541699767112732,0.8812056737588653,0.8283333333333334,0.8539518900343642,0.9499486834515538,"[2848, 2853]","[{""name"": ""accuracy_wide_clean_swa"", ""views"": 10, ""temperature"": 1.5, ""weight"": 0.29250000000000004, ""sha256"": ""0aa9d82bef91689cc3b4b76c97b385153e325887adf376d641f082358aabea0f""}, {""name"": ""accuracy_p2_clean_swa"", ""views"": 30, ""temperature"": 1.25, ""weight"": 0.29250000000000004, ""sha256"": ""31e66eb705618c067df9d65c5a5cb991addbb4f567a7c5dbab408f87859d6227""}, {""name"": ""mixer_pruned_75"", ""views"": 10, ""temperature"": 1.0, ""weight"": 0.315, ""sha256"": ""c0b7eafe5070b3985442bfdf729ab2955c7340a172dc5b817150cc02771d5f53""}, {""name"": ""garment_p2"", ""views"": 1, ""temperature"": 1.5, ""weight"": 0.1}]"
2737414,3256308544,5699,6000,0.9498333333333333,0.1561502069234848,0.8776223776223776,0.8366666666666667,0.856655290102389,0.9496829900699344,"[2845, 2854]","[{""name"": ""accuracy_wide_clean_swa"", ""views"": 10, ""temperature"": 1.5, ""weight"": 0.26, ""sha256"": ""0aa9d82bef91689cc3b4b76c97b385153e325887adf376d641f082358aabea0f""}, {""name"": ""accuracy_p2_clean_swa"", ""views"": 30, ""temperature"": 1.25, ""weight"": 0.26, ""sha256"": ""31e66eb705618c067df9d65c5a5cb991addbb4f567a7c5dbab408f87859d6227""}, {""name"": ""mixer_pruned_75"", ""views"": 10, ""temperature"": 1.0, ""weight"": 0.27999999999999997, ""sha256"": ""c0b7eafe5070b3985442bfdf729ab2955c7340a172dc5b817150cc02771d5f53""}, {""name"": ""garment_p2"", ""views"": 1, ""temperature"": 1.5, ""weight"": 0.2}]"
2737414,3256308544,5689,6000,0.9481666666666667,0.1603768765926361,0.8763250883392226,0.8266666666666667,0.8507718696397941,0.9479650431700432,"[2838, 2851]","[{""name"": ""accuracy_wide_clean_swa"", ""views"": 10, ""temperature"": 1.5, ""weight"": 0.21125000000000002, ""sha256"": ""0aa9d82bef91689cc3b4b76c97b385153e325887adf376d641f082358aabea0f""}, {""name"": ""accuracy_p2_clean_swa"", ""views"": 30, ""temperature"": 1.25, ""weight"": 0.21125000000000002, ""sha256"": ""31e66eb705618c067df9d65c5a5cb991addbb4f567a7c5dbab408f87859d6227""}, {""name"": ""mixer_pruned_75"", ""views"": 10, ""temperature"": 1.0, ""weight"": 0.22749999999999998, ""sha256"": ""c0b7eafe5070b3985442bfdf729ab2955c7340a172dc5b817150cc02771d5f53""}, {""name"": ""garment_p2"", ""views"": 1, ""temperature"": 1.5, ""weight"": 0.35}]"
2737414,3256308544,5663,6000,0.9438333333333333,0.1662362813949585,0.8614035087719298,0.8183333333333334,0.8393162393162393,0.9436321152820726,"[2821, 2842]","[{""name"": ""accuracy_wide_clean_swa"", ""views"": 10, ""temperature"": 1.5, ""weight"": 0.1625, ""sha256"": ""0aa9d82bef91689cc3b4b76c97b385153e325887adf376d641f082358aabea0f""}, {""name"": ""accuracy_p2_clean_swa"", ""views"": 30, ""temperature"": 1.25, ""weight"": 0.1625, ""sha256"": ""31e66eb705618c067df9d65c5a5cb991addbb4f567a7c5dbab408f87859d6227""}, {""name"": ""mixer_pruned_75"", ""views"": 10, ""temperature"": 1.0, ""weight"": 0.175, ""sha256"": ""c0b7eafe5070b3985442bfdf729ab2955c7340a172dc5b817150cc02771d5f53""}, {""name"": ""garment_p2"", ""views"": 1, ""temperature"": 1.5, ""weight"": 0.5}]"
529858,72329664,5643,6000,0.9405,0.21922001242637634,0.8450946643717728,0.8183333333333334,0.8314987298899238,0.9403756543293268,"[2817, 2826]","[{""name"": ""garment_p2"", ""views"": 1, ""temperature"": 1.5, ""weight"": 1.0}]"
2737414,3907275520,5707,6000,0.9511666666666667,0.15294107794761658,0.8822495606326889,0.8366666666666667,0.8588537211291702,0.9509841286866554,"[2851, 2856]","[{""name"": ""accuracy_wide_clean_swa"", ""views"": 10, ""temperature"": 1.5, ""weight"": 0.29250000000000004, ""sha256"": ""0aa9d82bef91689cc3b4b76c97b385153e325887adf376d641f082358aabea0f""}, {""name"": ""accuracy_p2_clean_swa"", ""views"": 30, ""temperature"": 1.25, ""weight"": 0.29250000000000004, ""sha256"": ""31e66eb705618c067df9d65c5a5cb991addbb4f567a7c5dbab408f87859d6227""}, {""name"": ""mixer_pruned_75"", ""views"": 10, ""temperature"": 1.0, ""weight"": 0.315, ""sha256"": ""c0b7eafe5070b3985442bfdf729ab2955c7340a172dc5b817150cc02771d5f53""}, {""name"": ""garment_p2"", ""views"": 10, ""temperature"": 1.25, ""weight"": 0.1}]"
2737414,3907275520,5701,6000,0.9501666666666667,0.1533667892217636,0.8807017543859649,0.8366666666666667,0.8581196581196581,0.9500009814389507,"[2848, 2853]","[{""name"": ""accuracy_wide_clean_swa"", ""views"": 10, ""temperature"": 1.5, ""weight"": 0.26, ""sha256"": ""0aa9d82bef91689cc3b4b76c97b385153e325887adf376d641f082358aabea0f""}, {""name"": ""accuracy_p2_clean_swa"", ""views"": 30, ""temperature"": 1.25, ""weight"": 0.26, ""sha256"": ""31e66eb705618c067df9d65c5a5cb991addbb4f567a7c5dbab408f87859d6227""}, {""name"": ""mixer_pruned_75"", ""views"": 10, ""temperature"": 1.0, ""weight"": 0.27999999999999997, ""sha256"": ""c0b7eafe5070b3985442bfdf729ab2955c7340a172dc5b817150cc02771d5f53""}, {""name"": ""garment_p2"", ""views"": 10, ""temperature"": 1.25, ""weight"": 0.2}]"
2737414,3907275520,5693,6000,0.9488333333333333,0.1547517478466034,0.8756567425569177,0.8333333333333334,0.8539709649871904,0.9486761680552354,"[2844, 2849]","[{""name"": ""accuracy_wide_clean_swa"", ""views"": 10, ""temperature"": 1.5, ""weight"": 0.21125000000000002, ""sha256"": ""0aa9d82bef91689cc3b4b76c97b385153e325887adf376d641f082358aabea0f""}, {""name"": ""accuracy_p2_clean_swa"", ""views"": 30, ""temperature"": 1.25, ""weight"": 0.21125000000000002, ""sha256"": ""31e66eb705618c067df9d65c5a5cb991addbb4f567a7c5dbab408f87859d6227""}, {""name"": ""mixer_pruned_75"", ""views"": 10, ""temperature"": 1.0, ""weight"": 0.22749999999999998, ""sha256"": ""c0b7eafe5070b3985442bfdf729ab2955c7340a172dc5b817150cc02771d5f53""}, {""name"": ""garment_p2"", ""views"": 10, ""temperature"": 1.25, ""weight"": 0.35}]"
2737414,3907275520,5685,6000,0.9475,0.15708306431770325,0.8763250883392226,0.8266666666666667,0.8507718696397941,0.9473065155444725,"[2836, 2849]","[{""name"": ""accuracy_wide_clean_swa"", ""views"": 10, ""temperature"": 1.5, ""weight"": 0.1625, ""sha256"": ""0aa9d82bef91689cc3b4b76c97b385153e325887adf376d641f082358aabea0f""}, {""name"": ""accuracy_p2_clean_swa"", ""views"": 30, ""temperature"": 1.25, ""weight"": 0.1625, ""sha256"": ""31e66eb705618c067df9d65c5a5cb991addbb4f567a7c5dbab408f87859d6227""}, {""name"": ""mixer_pruned_75"", ""views"": 10, ""temperature"": 1.0, ""weight"": 0.175, ""sha256"": ""c0b7eafe5070b3985442bfdf729ab2955c7340a172dc5b817150cc02771d5f53""}, {""name"": ""garment_p2"", ""views"": 10, ""temperature"": 1.25, ""weight"": 0.5}]"
529858,723296640,5654,6000,0.9423333333333334,0.18150481581687927,0.8551483420593369,0.8166666666666667,0.835464620630861,0.9421703560882253,"[2820, 2834]","[{""name"": ""garment_p2"", ""views"": 10, ""temperature"": 1.25, ""weight"": 1.0}]"
2737414,4485912832,5705,6000,0.9508333333333333,0.15294387936592102,0.8802816901408451,0.8333333333333334,0.8561643835616438,0.9506397028903676,"[2848, 2857]","[{""name"": ""accuracy_wide_clean_swa"", ""views"": 10, ""temperature"": 1.5, ""weight"": 0.29250000000000004, ""sha256"": ""0aa9d82bef91689cc3b4b76c97b385153e325887adf376d641f082358aabea0f""}, {""name"": ""accuracy_p2_clean_swa"", ""views"": 30, ""temperature"": 1.25, ""weight"": 0.29250000000000004, ""sha256"": ""31e66eb705618c067df9d65c5a5cb991addbb4f567a7c5dbab408f87859d6227""}, {""name"": ""mixer_pruned_75"", ""views"": 10, ""temperature"": 1.0, ""weight"": 0.315, ""sha256"": ""c0b7eafe5070b3985442bfdf729ab2955c7340a172dc5b817150cc02771d5f53""}, {""name"": ""garment_p2"", ""views"": 18, ""temperature"": 1.25, ""weight"": 0.1}]"
2737414,4485912832,5699,6000,0.9498333333333333,0.15340101718902588,0.8818342151675485,0.8333333333333334,0.856898029134533,0.9496347037387786,"[2844, 2855]","[{""name"": ""accuracy_wide_clean_swa"", ""views"": 10, ""temperature"": 1.5, ""weight"": 0.26, ""sha256"": ""0aa9d82bef91689cc3b4b76c97b385153e325887adf376d641f082358aabea0f""}, {""name"": ""accuracy_p2_clean_swa"", ""views"": 30, ""temperature"": 1.25, ""weight"": 0.26, ""sha256"": ""31e66eb705618c067df9d65c5a5cb991addbb4f567a7c5dbab408f87859d6227""}, {""name"": ""mixer_pruned_75"", ""views"": 10, ""temperature"": 1.0, ""weight"": 0.27999999999999997, ""sha256"": ""c0b7eafe5070b3985442bfdf729ab2955c7340a172dc5b817150cc02771d5f53""}, {""name"": ""garment_p2"", ""views"": 18, ""temperature"": 1.25, ""weight"": 0.2}]"
2737414,4485912832,5695,6000,0.9491666666666667,0.15483888983726501,0.8785211267605634,0.8316666666666667,0.8544520547945206,0.9489870788132515,"[2842, 2853]","[{""name"": ""accuracy_wide_clean_swa"", ""views"": 10, ""temperature"": 1.5, ""weight"": 0.21125000000000002, ""sha256"": ""0aa9d82bef91689cc3b4b76c97b385153e325887adf376d641f082358aabea0f""}, {""name"": ""accuracy_p2_clean_swa"", ""views"": 30, ""temperature"": 1.25, ""weight"": 0.21125000000000002, ""sha256"": ""31e66eb705618c067df9d65c5a5cb991addbb4f567a7c5dbab408f87859d6227""}, {""name"": ""mixer_pruned_75"", ""views"": 10, ""temperature"": 1.0, ""weight"": 0.22749999999999998, ""sha256"": ""c0b7eafe5070b3985442bfdf729ab2955c7340a172dc5b817150cc02771d5f53""}, {""name"": ""garment_p2"", ""views"": 18, ""temperature"": 1.25, ""weight"": 0.35}]"
2737414,4485912832,5688,6000,0.948,0.1571907103061676,0.875,0.8283333333333334,0.851027397260274,0.9478295445944983,"[2835, 2853]","[{""name"": ""accuracy_wide_clean_swa"", ""views"": 10, ""temperature"": 1.5, ""weight"": 0.1625, ""sha256"": ""0aa9d82bef91689cc3b4b76c97b385153e325887adf376d641f082358aabea0f""}, {""name"": ""accuracy_p2_clean_swa"", ""views"": 30, ""temperature"": 1.25, ""weight"": 0.1625, ""sha256"": ""31e66eb705618c067df9d65c5a5cb991addbb4f567a7c5dbab408f87859d6227""}, {""name"": ""mixer_pruned_75"", ""views"": 10, ""temperature"": 1.0, ""weight"": 0.175, ""sha256"": ""c0b7eafe5070b3985442bfdf729ab2955c7340a172dc5b817150cc02771d5f53""}, {""name"": ""garment_p2"", ""views"": 18, ""temperature"": 1.25, ""weight"": 0.5}]"
529858,1301933952,5659,6000,0.9431666666666667,0.17935961484909058,0.8568935427574171,0.8183333333333334,0.8371696504688833,0.9430348592837655,"[2821, 2838]","[{""name"": ""garment_p2"", ""views"": 18, ""temperature"": 1.25, ""weight"": 1.0}]"
2737414,5353868800,5707,6000,0.9511666666666667,0.15353359282016754,0.8831858407079646,0.8316666666666667,0.8566523605150215,0.9509536871254941,"[2850, 2857]","[{""name"": ""accuracy_wide_clean_swa"", ""views"": 10, ""temperature"": 1.5, ""weight"": 0.29250000000000004, ""sha256"": ""0aa9d82bef91689cc3b4b76c97b385153e325887adf376d641f082358aabea0f""}, {""name"": ""accuracy_p2_clean_swa"", ""views"": 30, ""temperature"": 1.25, ""weight"": 0.29250000000000004, ""sha256"": ""31e66eb705618c067df9d65c5a5cb991addbb4f567a7c5dbab408f87859d6227""}, {""name"": ""mixer_pruned_75"", ""views"": 10, ""temperature"": 1.0, ""weight"": 0.315, ""sha256"": ""c0b7eafe5070b3985442bfdf729ab2955c7340a172dc5b817150cc02771d5f53""}, {""name"": ""garment_p2"", ""views"": 30, ""temperature"": 1.25, ""weight"": 0.1}]"
2737414,5353868800,5704,6000,0.9506666666666667,0.15445785224437714,0.8802816901408451,0.8333333333333334,0.8561643835616438,0.950463652542361,"[2848, 2856]","[{""name"": ""accuracy_wide_clean_swa"", ""views"": 10, ""temperature"": 1.5, ""weight"": 0.26, ""sha256"": ""0aa9d82bef91689cc3b4b76c97b385153e325887adf376d641f082358aabea0f""}, {""name"": ""accuracy_p2_clean_swa"", ""views"": 30, ""temperature"": 1.25, ""weight"": 0.26, ""sha256"": ""31e66eb705618c067df9d65c5a5cb991addbb4f567a7c5dbab408f87859d6227""}, {""name"": ""mixer_pruned_75"", ""views"": 10, ""temperature"": 1.0, ""weight"": 0.27999999999999997, ""sha256"": ""c0b7eafe5070b3985442bfdf729ab2955c7340a172dc5b817150cc02771d5f53""}, {""name"": ""garment_p2"", ""views"": 30, ""temperature"": 1.25, ""weight"": 0.2}]"
2737414,5353868800,5692,6000,0.9486666666666667,0.15647324919700623,0.8776595744680851,0.825,0.8505154639175257,0.9484347032159752,"[2841, 2851]","[{""name"": ""accuracy_wide_clean_swa"", ""views"": 10, ""temperature"": 1.5, ""weight"": 0.21125000000000002, ""sha256"": ""0aa9d82bef91689cc3b4b76c97b385153e325887adf376d641f082358aabea0f""}, {""name"": ""accuracy_p2_clean_swa"", ""views"": 30, ""temperature"": 1.25, ""weight"": 0.21125000000000002, ""sha256"": ""31e66eb705618c067df9d65c5a5cb991addbb4f567a7c5dbab408f87859d6227""}, {""name"": ""mixer_pruned_75"", ""views"": 10, ""temperature"": 1.0, ""weight"": 0.22749999999999998, ""sha256"": ""c0b7eafe5070b3985442bfdf729ab2955c7340a172dc5b817150cc02771d5f53""}, {""name"": ""garment_p2"", ""views"": 30, ""temperature"": 1.25, ""weight"": 0.35}]"
2737414,5353868800,5686,6000,0.9476666666666667,0.15929992496967316,0.8794964028776978,0.815,0.8460207612456747,0.9473836610339712,"[2836, 2850]","[{""name"": ""accuracy_wide_clean_swa"", ""views"": 10, ""temperature"": 1.5, ""weight"": 0.1625, ""sha256"": ""0aa9d82bef91689cc3b4b76c97b385153e325887adf376d641f082358aabea0f""}, {""name"": ""accuracy_p2_clean_swa"", ""views"": 30, ""temperature"": 1.25, ""weight"": 0.1625, ""sha256"": ""31e66eb705618c067df9d65c5a5cb991addbb4f567a7c5dbab408f87859d6227""}, {""name"": ""mixer_pruned_75"", ""views"": 10, ""temperature"": 1.0, ""weight"": 0.175, ""sha256"": ""c0b7eafe5070b3985442bfdf729ab2955c7340a172dc5b817150cc02771d5f53""}, {""name"": ""garment_p2"", ""views"": 30, ""temperature"": 1.25, ""weight"": 0.5}]"
529858,2169889920,5659,6000,0.9431666666666667,0.18121172487735748,0.8754578754578755,0.7966666666666666,0.8342059336823735,0.9428270747956995,"[2824, 2835]","[{""name"": ""garment_p2"", ""views"": 30, ""temperature"": 1.25, ""weight"": 1.0}]"
2737414,3256308544,5700,6000,0.95,0.15407733619213104,0.8783068783068783,0.83,0.8534704370179949,0.9498038407621386,"[2848, 2852]","[{""name"": ""accuracy_wide_clean_swa"", ""views"": 10, ""temperature"": 1.5, ""weight"": 0.29250000000000004, ""sha256"": ""0aa9d82bef91689cc3b4b76c97b385153e325887adf376d641f082358aabea0f""}, {""name"": ""accuracy_p2_clean_swa"", ""views"": 30, ""temperature"": 1.25, ""weight"": 0.29250000000000004, ""sha256"": ""31e66eb705618c067df9d65c5a5cb991addbb4f567a7c5dbab408f87859d6227""}, {""name"": ""mixer_pruned_75"", ""views"": 10, ""temperature"": 1.0, ""weight"": 0.315, ""sha256"": ""c0b7eafe5070b3985442bfdf729ab2955c7340a172dc5b817150cc02771d5f53""}, {""name"": ""garment_p2_ema"", ""views"": 1, ""temperature"": 1.5, ""weight"": 0.1}]"
2737414,3256308544,5698,6000,0.9496666666666667,0.1559997946023941,0.8756567425569177,0.8333333333333334,0.8539709649871904,0.9495124310366547,"[2847, 2851]","[{""name"": ""accuracy_wide_clean_swa"", ""views"": 10, ""temperature"": 1.5, ""weight"": 0.26, ""sha256"": ""0aa9d82bef91689cc3b4b76c97b385153e325887adf376d641f082358aabea0f""}, {""name"": ""accuracy_p2_clean_swa"", ""views"": 30, ""temperature"": 1.25, ""weight"": 0.26, ""sha256"": ""31e66eb705618c067df9d65c5a5cb991addbb4f567a7c5dbab408f87859d6227""}, {""name"": ""mixer_pruned_75"", ""views"": 10, ""temperature"": 1.0, ""weight"": 0.27999999999999997, ""sha256"": ""c0b7eafe5070b3985442bfdf729ab2955c7340a172dc5b817150cc02771d5f53""}, {""name"": ""garment_p2_ema"", ""views"": 1, ""temperature"": 1.5, ""weight"": 0.2}]"
2737414,3256308544,5688,6000,0.948,0.1601596474647522,0.875219683655536,0.83,0.8520102651839179,0.9478221589184891,"[2839, 2849]","[{""name"": ""accuracy_wide_clean_swa"", ""views"": 10, ""temperature"": 1.5, ""weight"": 0.21125000000000002, ""sha256"": ""0aa9d82bef91689cc3b4b76c97b385153e325887adf376d641f082358aabea0f""}, {""name"": ""accuracy_p2_clean_swa"", ""views"": 30, ""temperature"": 1.25, ""weight"": 0.21125000000000002, ""sha256"": ""31e66eb705618c067df9d65c5a5cb991addbb4f567a7c5dbab408f87859d6227""}, {""name"": ""mixer_pruned_75"", ""views"": 10, ""temperature"": 1.0, ""weight"": 0.22749999999999998, ""sha256"": ""c0b7eafe5070b3985442bfdf729ab2955c7340a172dc5b817150cc02771d5f53""}, {""name"": ""garment_p2_ema"", ""views"": 1, ""temperature"": 1.5, ""weight"": 0.35}]"
2737414,3256308544,5670,6000,0.945,0.16597723960876465,0.8578856152512998,0.825,0.8411214953271028,0.9448527377185801,"[2827, 2843]","[{""name"": ""accuracy_wide_clean_swa"", ""views"": 10, ""temperature"": 1.5, ""weight"": 0.1625, ""sha256"": ""0aa9d82bef91689cc3b4b76c97b385153e325887adf376d641f082358aabea0f""}, {""name"": ""accuracy_p2_clean_swa"", ""views"": 30, ""temperature"": 1.25, ""weight"": 0.1625, ""sha256"": ""31e66eb705618c067df9d65c5a5cb991addbb4f567a7c5dbab408f87859d6227""}, {""name"": ""mixer_pruned_75"", ""views"": 10, ""temperature"": 1.0, ""weight"": 0.175, ""sha256"": ""c0b7eafe5070b3985442bfdf729ab2955c7340a172dc5b817150cc02771d5f53""}, {""name"": ""garment_p2_ema"", ""views"": 1, ""temperature"": 1.5, ""weight"": 0.5}]"
529858,72329664,5637,6000,0.9395,0.21995854377746582,0.8398637137989778,0.8216666666666667,0.8306655433866892,0.9394327199634874,"[2815, 2822]","[{""name"": ""garment_p2_ema"", ""views"": 1, ""temperature"": 1.5, ""weight"": 1.0}]"
2737414,3907275520,5707,6000,0.9511666666666667,0.15288721024990082,0.8822495606326889,0.8366666666666667,0.8588537211291702,0.9509833016753572,"[2851, 2856]","[{""name"": ""accuracy_wide_clean_swa"", ""views"": 10, ""temperature"": 1.5, ""weight"": 0.29250000000000004, ""sha256"": ""0aa9d82bef91689cc3b4b76c97b385153e325887adf376d641f082358aabea0f""}, {""name"": ""accuracy_p2_clean_swa"", ""views"": 30, ""temperature"": 1.25, ""weight"": 0.29250000000000004, ""sha256"": ""31e66eb705618c067df9d65c5a5cb991addbb4f567a7c5dbab408f87859d6227""}, {""name"": ""mixer_pruned_75"", ""views"": 10, ""temperature"": 1.0, ""weight"": 0.315, ""sha256"": ""c0b7eafe5070b3985442bfdf729ab2955c7340a172dc5b817150cc02771d5f53""}, {""name"": ""garment_p2_ema"", ""views"": 10, ""temperature"": 1.25, ""weight"": 0.1}]"
2737414,3907275520,5701,6000,0.9501666666666667,0.15325556695461273,0.8807017543859649,0.8366666666666667,0.8581196581196581,0.949992984918808,"[2848, 2853]","[{""name"": ""accuracy_wide_clean_swa"", ""views"": 10, ""temperature"": 1.5, ""weight"": 0.26, ""sha256"": ""0aa9d82bef91689cc3b4b76c97b385153e325887adf376d641f082358aabea0f""}, {""name"": ""accuracy_p2_clean_swa"", ""views"": 30, ""temperature"": 1.25, ""weight"": 0.26, ""sha256"": ""31e66eb705618c067df9d65c5a5cb991addbb4f567a7c5dbab408f87859d6227""}, {""name"": ""mixer_pruned_75"", ""views"": 10, ""temperature"": 1.0, ""weight"": 0.27999999999999997, ""sha256"": ""c0b7eafe5070b3985442bfdf729ab2955c7340a172dc5b817150cc02771d5f53""}, {""name"": ""garment_p2_ema"", ""views"": 10, ""temperature"": 1.25, ""weight"": 0.2}]"
2737414,3907275520,5697,6000,0.9495,0.15455029904842377,0.8793706293706294,0.8383333333333334,0.8583617747440273,0.9493541473302042,"[2848, 2849]","[{""name"": ""accuracy_wide_clean_swa"", ""views"": 10, ""temperature"": 1.5, ""weight"": 0.21125000000000002, ""sha256"": ""0aa9d82bef91689cc3b4b76c97b385153e325887adf376d641f082358aabea0f""}, {""name"": ""accuracy_p2_clean_swa"", ""views"": 30, ""temperature"": 1.25, ""weight"": 0.21125000000000002, ""sha256"": ""31e66eb705618c067df9d65c5a5cb991addbb4f567a7c5dbab408f87859d6227""}, {""name"": ""mixer_pruned_75"", ""views"": 10, ""temperature"": 1.0, ""weight"": 0.22749999999999998, ""sha256"": ""c0b7eafe5070b3985442bfdf729ab2955c7340a172dc5b817150cc02771d5f53""}, {""name"": ""garment_p2_ema"", ""views"": 10, ""temperature"": 1.25, ""weight"": 0.35}]"
2737414,3907275520,5688,6000,0.948,0.15678563714027405,0.8745644599303136,0.8366666666666667,0.8551959114139693,0.9478546601915774,"[2837, 2851]","[{""name"": ""accuracy_wide_clean_swa"", ""views"": 10, ""temperature"": 1.5, ""weight"": 0.1625, ""sha256"": ""0aa9d82bef91689cc3b4b76c97b385153e325887adf376d641f082358aabea0f""}, {""name"": ""accuracy_p2_clean_swa"", ""views"": 30, ""temperature"": 1.25, ""weight"": 0.1625, ""sha256"": ""31e66eb705618c067df9d65c5a5cb991addbb4f567a7c5dbab408f87859d6227""}, {""name"": ""mixer_pruned_75"", ""views"": 10, ""temperature"": 1.0, ""weight"": 0.175, ""sha256"": ""c0b7eafe5070b3985442bfdf729ab2955c7340a172dc5b817150cc02771d5f53""}, {""name"": ""garment_p2_ema"", ""views"": 10, ""temperature"": 1.25, ""weight"": 0.5}]"
529858,723296640,5656,6000,0.9426666666666667,0.1807585507631302,0.853448275862069,0.825,0.8389830508474576,0.9425574253279324,"[2822, 2834]","[{""name"": ""garment_p2_ema"", ""views"": 10, ""temperature"": 1.25, ""weight"": 1.0}]"
2737414,4485912832,5703,6000,0.9505,0.1529100388288498,0.8774080560420315,0.835,0.8556789069171649,0.9503243942119163,"[2848, 2855]","[{""name"": ""accuracy_wide_clean_swa"", ""views"": 10, ""temperature"": 1.5, ""weight"": 0.29250000000000004, ""sha256"": ""0aa9d82bef91689cc3b4b76c97b385153e325887adf376d641f082358aabea0f""}, {""name"": ""accuracy_p2_clean_swa"", ""views"": 30, ""temperature"": 1.25, ""weight"": 0.29250000000000004, ""sha256"": ""31e66eb705618c067df9d65c5a5cb991addbb4f567a7c5dbab408f87859d6227""}, {""name"": ""mixer_pruned_75"", ""views"": 10, ""temperature"": 1.0, ""weight"": 0.315, ""sha256"": ""c0b7eafe5070b3985442bfdf729ab2955c7340a172dc5b817150cc02771d5f53""}, {""name"": ""garment_p2_ema"", ""views"": 18, ""temperature"": 1.25, ""weight"": 0.1}]"
2737414,4485912832,5698,6000,0.9496666666666667,0.15332584083080292,0.8776223776223776,0.8366666666666667,0.856655290102389,0.9494947097437624,"[2845, 2853]","[{""name"": ""accuracy_wide_clean_swa"", ""views"": 10, ""temperature"": 1.5, ""weight"": 0.26, ""sha256"": ""0aa9d82bef91689cc3b4b76c97b385153e325887adf376d641f082358aabea0f""}, {""name"": ""accuracy_p2_clean_swa"", ""views"": 30, ""temperature"": 1.25, ""weight"": 0.26, ""sha256"": ""31e66eb705618c067df9d65c5a5cb991addbb4f567a7c5dbab408f87859d6227""}, {""name"": ""mixer_pruned_75"", ""views"": 10, ""temperature"": 1.0, ""weight"": 0.27999999999999997, ""sha256"": ""c0b7eafe5070b3985442bfdf729ab2955c7340a172dc5b817150cc02771d5f53""}, {""name"": ""garment_p2_ema"", ""views"": 18, ""temperature"": 1.25, ""weight"": 0.2}]"
2737414,4485912832,5692,6000,0.9486666666666667,0.15469804406166077,0.8760907504363001,0.8366666666666667,0.855924978687127,0.9485213802132051,"[2843, 2849]","[{""name"": ""accuracy_wide_clean_swa"", ""views"": 10, ""temperature"": 1.5, ""weight"": 0.21125000000000002, ""sha256"": ""0aa9d82bef91689cc3b4b76c97b385153e325887adf376d641f082358aabea0f""}, {""name"": ""accuracy_p2_clean_swa"", ""views"": 30, ""temperature"": 1.25, ""weight"": 0.21125000000000002, ""sha256"": ""31e66eb705618c067df9d65c5a5cb991addbb4f567a7c5dbab408f87859d6227""}, {""name"": ""mixer_pruned_75"", ""views"": 10, ""temperature"": 1.0, ""weight"": 0.22749999999999998, ""sha256"": ""c0b7eafe5070b3985442bfdf729ab2955c7340a172dc5b817150cc02771d5f53""}, {""name"": ""garment_p2_ema"", ""views"": 18, ""temperature"": 1.25, ""weight"": 0.35}]"
2737414,4485912832,5686,6000,0.9476666666666667,0.1569811999797821,0.8765432098765432,0.8283333333333334,0.8517566409597258,0.9474949001671794,"[2835, 2851]","[{""name"": ""accuracy_wide_clean_swa"", ""views"": 10, ""temperature"": 1.5, ""weight"": 0.1625, ""sha256"": ""0aa9d82bef91689cc3b4b76c97b385153e325887adf376d641f082358aabea0f""}, {""name"": ""accuracy_p2_clean_swa"", ""views"": 30, ""temperature"": 1.25, ""weight"": 0.1625, ""sha256"": ""31e66eb705618c067df9d65c5a5cb991addbb4f567a7c5dbab408f87859d6227""}, {""name"": ""mixer_pruned_75"", ""views"": 10, ""temperature"": 1.0, ""weight"": 0.175, ""sha256"": ""c0b7eafe5070b3985442bfdf729ab2955c7340a172dc5b817150cc02771d5f53""}, {""name"": ""garment_p2_ema"", ""views"": 18, ""temperature"": 1.25, ""weight"": 0.5}]"
529858,1301933952,5651,6000,0.9418333333333333,0.1787344515323639,0.8494809688581315,0.8183333333333334,0.833616298811545,0.9417219854124509,"[2818, 2833]","[{""name"": ""garment_p2_ema"", ""views"": 18, ""temperature"": 1.25, ""weight"": 1.0}]"
2737414,5353868800,5709,6000,0.9515,0.15341444313526154,0.8833922261484098,0.8333333333333334,0.8576329331046312,0.9512945280830183,"[2851, 2858]","[{""name"": ""accuracy_wide_clean_swa"", ""views"": 10, ""temperature"": 1.5, ""weight"": 0.29250000000000004, ""sha256"": ""0aa9d82bef91689cc3b4b76c97b385153e325887adf376d641f082358aabea0f""}, {""name"": ""accuracy_p2_clean_swa"", ""views"": 30, ""temperature"": 1.25, ""weight"": 0.29250000000000004, ""sha256"": ""31e66eb705618c067df9d65c5a5cb991addbb4f567a7c5dbab408f87859d6227""}, {""name"": ""mixer_pruned_75"", ""views"": 10, ""temperature"": 1.0, ""weight"": 0.315, ""sha256"": ""c0b7eafe5070b3985442bfdf729ab2955c7340a172dc5b817150cc02771d5f53""}, {""name"": ""garment_p2_ema"", ""views"": 30, ""temperature"": 1.25, ""weight"": 0.1}]"
2737414,5353868800,5702,6000,0.9503333333333334,0.1542009860277176,0.8802816901408451,0.8333333333333334,0.8561643835616438,0.9501298374702317,"[2848, 2854]","[{""name"": ""accuracy_wide_clean_swa"", ""views"": 10, ""temperature"": 1.5, ""weight"": 0.26, ""sha256"": ""0aa9d82bef91689cc3b4b76c97b385153e325887adf376d641f082358aabea0f""}, {""name"": ""accuracy_p2_clean_swa"", ""views"": 30, ""temperature"": 1.25, ""weight"": 0.26, ""sha256"": ""31e66eb705618c067df9d65c5a5cb991addbb4f567a7c5dbab408f87859d6227""}, {""name"": ""mixer_pruned_75"", ""views"": 10, ""temperature"": 1.0, ""weight"": 0.27999999999999997, ""sha256"": ""c0b7eafe5070b3985442bfdf729ab2955c7340a172dc5b817150cc02771d5f53""}, {""name"": ""garment_p2_ema"", ""views"": 30, ""temperature"": 1.25, ""weight"": 0.2}]"
2737414,5353868800,5692,6000,0.9486666666666667,0.15597791969776154,0.8778761061946903,0.8266666666666667,0.8515021459227468,0.9484454573283824,"[2843, 2849]","[{""name"": ""accuracy_wide_clean_swa"", ""views"": 10, ""temperature"": 1.5, ""weight"": 0.21125000000000002, ""sha256"": ""0aa9d82bef91689cc3b4b76c97b385153e325887adf376d641f082358aabea0f""}, {""name"": ""accuracy_p2_clean_swa"", ""views"": 30, ""temperature"": 1.25, ""weight"": 0.21125000000000002, ""sha256"": ""31e66eb705618c067df9d65c5a5cb991addbb4f567a7c5dbab408f87859d6227""}, {""name"": ""mixer_pruned_75"", ""views"": 10, ""temperature"": 1.0, ""weight"": 0.22749999999999998, ""sha256"": ""c0b7eafe5070b3985442bfdf729ab2955c7340a172dc5b817150cc02771d5f53""}, {""name"": ""garment_p2_ema"", ""views"": 30, ""temperature"": 1.25, ""weight"": 0.35}]"
2737414,5353868800,5691,6000,0.9485,0.15852634608745575,0.8823529411764706,0.825,0.8527131782945736,0.9482695723925045,"[2840, 2851]","[{""name"": ""accuracy_wide_clean_swa"", ""views"": 10, ""temperature"": 1.5, ""weight"": 0.1625, ""sha256"": ""0aa9d82bef91689cc3b4b76c97b385153e325887adf376d641f082358aabea0f""}, {""name"": ""accuracy_p2_clean_swa"", ""views"": 30, ""temperature"": 1.25, ""weight"": 0.1625, ""sha256"": ""31e66eb705618c067df9d65c5a5cb991addbb4f567a7c5dbab408f87859d6227""}, {""name"": ""mixer_pruned_75"", ""views"": 10, ""temperature"": 1.0, ""weight"": 0.175, ""sha256"": ""c0b7eafe5070b3985442bfdf729ab2955c7340a172dc5b817150cc02771d5f53""}, {""name"": ""garment_p2_ema"", ""views"": 30, ""temperature"": 1.25, ""weight"": 0.5}]"
529858,2169889920,5659,6000,0.9431666666666667,0.17892906069755554,0.8709677419354839,0.81,0.8393782383419689,0.9429232953345232,"[2823, 2836]","[{""name"": ""garment_p2_ema"", ""views"": 30, ""temperature"": 1.25, ""weight"": 1.0}]"
2737414,3256308544,5702,6000,0.9503333333333334,0.15340597927570343,0.8798586572438163,0.83,0.8542024013722127,0.9501297033618092,"[2847, 2855]","[{""name"": ""accuracy_wide_clean_swa"", ""views"": 10, ""temperature"": 1.5, ""weight"": 0.29250000000000004, ""sha256"": ""0aa9d82bef91689cc3b4b76c97b385153e325887adf376d641f082358aabea0f""}, {""name"": ""accuracy_p2_clean_swa"", ""views"": 30, ""temperature"": 1.25, ""weight"": 0.29250000000000004, ""sha256"": ""31e66eb705618c067df9d65c5a5cb991addbb4f567a7c5dbab408f87859d6227""}, {""name"": ""mixer_pruned_75"", ""views"": 10, ""temperature"": 1.0, ""weight"": 0.315, ""sha256"": ""c0b7eafe5070b3985442bfdf729ab2955c7340a172dc5b817150cc02771d5f53""}, {""name"": ""garment_p2_swa"", ""views"": 1, ""temperature"": 1.5, ""weight"": 0.1}]"
2737414,3256308544,5700,6000,0.95,0.15465079247951508,0.8793706293706294,0.8383333333333334,0.8583617747440273,0.9498478271400502,"[2846, 2854]","[{""name"": ""accuracy_wide_clean_swa"", ""views"": 10, ""temperature"": 1.5, ""weight"": 0.26, ""sha256"": ""0aa9d82bef91689cc3b4b76c97b385153e325887adf376d641f082358aabea0f""}, {""name"": ""accuracy_p2_clean_swa"", ""views"": 30, ""temperature"": 1.25, ""weight"": 0.26, ""sha256"": ""31e66eb705618c067df9d65c5a5cb991addbb4f567a7c5dbab408f87859d6227""}, {""name"": ""mixer_pruned_75"", ""views"": 10, ""temperature"": 1.0, ""weight"": 0.27999999999999997, ""sha256"": ""c0b7eafe5070b3985442bfdf729ab2955c7340a172dc5b817150cc02771d5f53""}, {""name"": ""garment_p2_swa"", ""views"": 1, ""temperature"": 1.5, ""weight"": 0.2}]"
2737414,3256308544,5685,6000,0.9475,0.15796175599098206,0.868421052631579,0.825,0.8461538461538461,0.9473147984674242,"[2838, 2847]","[{""name"": ""accuracy_wide_clean_swa"", ""views"": 10, ""temperature"": 1.5, ""weight"": 0.21125000000000002, ""sha256"": ""0aa9d82bef91689cc3b4b76c97b385153e325887adf376d641f082358aabea0f""}, {""name"": ""accuracy_p2_clean_swa"", ""views"": 30, ""temperature"": 1.25, ""weight"": 0.21125000000000002, ""sha256"": ""31e66eb705618c067df9d65c5a5cb991addbb4f567a7c5dbab408f87859d6227""}, {""name"": ""mixer_pruned_75"", ""views"": 10, ""temperature"": 1.0, ""weight"": 0.22749999999999998, ""sha256"": ""c0b7eafe5070b3985442bfdf729ab2955c7340a172dc5b817150cc02771d5f53""}, {""name"": ""garment_p2_swa"", ""views"": 1, ""temperature"": 1.5, ""weight"": 0.35}]"
2737414,3256308544,5663,6000,0.9438333333333333,0.16329574584960938,0.8614035087719298,0.8183333333333334,0.8393162393162393,0.9436427203701359,"[2827, 2836]","[{""name"": ""accuracy_wide_clean_swa"", ""views"": 10, ""temperature"": 1.5, ""weight"": 0.1625, ""sha256"": ""0aa9d82bef91689cc3b4b76c97b385153e325887adf376d641f082358aabea0f""}, {""name"": ""accuracy_p2_clean_swa"", ""views"": 30, ""temperature"": 1.25, ""weight"": 0.1625, ""sha256"": ""31e66eb705618c067df9d65c5a5cb991addbb4f567a7c5dbab408f87859d6227""}, {""name"": ""mixer_pruned_75"", ""views"": 10, ""temperature"": 1.0, ""weight"": 0.175, ""sha256"": ""c0b7eafe5070b3985442bfdf729ab2955c7340a172dc5b817150cc02771d5f53""}, {""name"": ""garment_p2_swa"", ""views"": 1, ""temperature"": 1.5, ""weight"": 0.5}]"
529858,72329664,5628,6000,0.938,0.23807139694690704,0.8376068376068376,0.8166666666666667,0.8270042194092827,0.9379166794387913,"[2811, 2817]","[{""name"": ""garment_p2_swa"", ""views"": 1, ""temperature"": 1.5, ""weight"": 1.0}]"
2737414,3907275520,5705,6000,0.9508333333333333,0.15362972021102905,0.8802816901408451,0.8333333333333334,0.8561643835616438,0.9506396430549089,"[2848, 2857]","[{""name"": ""accuracy_wide_clean_swa"", ""views"": 10, ""temperature"": 1.5, ""weight"": 0.29250000000000004, ""sha256"": ""0aa9d82bef91689cc3b4b76c97b385153e325887adf376d641f082358aabea0f""}, {""name"": ""accuracy_p2_clean_swa"", ""views"": 30, ""temperature"": 1.25, ""weight"": 0.29250000000000004, ""sha256"": ""31e66eb705618c067df9d65c5a5cb991addbb4f567a7c5dbab408f87859d6227""}, {""name"": ""mixer_pruned_75"", ""views"": 10, ""temperature"": 1.0, ""weight"": 0.315, ""sha256"": ""c0b7eafe5070b3985442bfdf729ab2955c7340a172dc5b817150cc02771d5f53""}, {""name"": ""garment_p2_swa"", ""views"": 10, ""temperature"": 1.5, ""weight"": 0.1}]"
2737414,3907275520,5695,6000,0.9491666666666667,0.15474846959114075,0.8765432098765432,0.8283333333333334,0.8517566409597258,0.9489546287108789,"[2845, 2850]","[{""name"": ""accuracy_wide_clean_swa"", ""views"": 10, ""temperature"": 1.5, ""weight"": 0.26, ""sha256"": ""0aa9d82bef91689cc3b4b76c97b385153e325887adf376d641f082358aabea0f""}, {""name"": ""accuracy_p2_clean_swa"", ""views"": 30, ""temperature"": 1.25, ""weight"": 0.26, ""sha256"": ""31e66eb705618c067df9d65c5a5cb991addbb4f567a7c5dbab408f87859d6227""}, {""name"": ""mixer_pruned_75"", ""views"": 10, ""temperature"": 1.0, ""weight"": 0.27999999999999997, ""sha256"": ""c0b7eafe5070b3985442bfdf729ab2955c7340a172dc5b817150cc02771d5f53""}, {""name"": ""garment_p2_swa"", ""views"": 10, ""temperature"": 1.5, ""weight"": 0.2}]"
2737414,3907275520,5694,6000,0.949,0.15717189013957977,0.8767605633802817,0.83,0.8527397260273972,0.9488085386821712,"[2845, 2849]","[{""name"": ""accuracy_wide_clean_swa"", ""views"": 10, ""temperature"": 1.5, ""weight"": 0.21125000000000002, ""sha256"": ""0aa9d82bef91689cc3b4b76c97b385153e325887adf376d641f082358aabea0f""}, {""name"": ""accuracy_p2_clean_swa"", ""views"": 30, ""temperature"": 1.25, ""weight"": 0.21125000000000002, ""sha256"": ""31e66eb705618c067df9d65c5a5cb991addbb4f567a7c5dbab408f87859d6227""}, {""name"": ""mixer_pruned_75"", ""views"": 10, ""temperature"": 1.0, ""weight"": 0.22749999999999998, ""sha256"": ""c0b7eafe5070b3985442bfdf729ab2955c7340a172dc5b817150cc02771d5f53""}, {""name"": ""garment_p2_swa"", ""views"": 10, ""temperature"": 1.5, ""weight"": 0.35}]"
2737414,3907275520,5685,6000,0.9475,0.16053128242492676,0.8717047451669596,0.8266666666666667,0.8485885372112917,0.9473049952530979,"[2834, 2851]","[{""name"": ""accuracy_wide_clean_swa"", ""views"": 10, ""temperature"": 1.5, ""weight"": 0.1625, ""sha256"": ""0aa9d82bef91689cc3b4b76c97b385153e325887adf376d641f082358aabea0f""}, {""name"": ""accuracy_p2_clean_swa"", ""views"": 30, ""temperature"": 1.25, ""weight"": 0.1625, ""sha256"": ""31e66eb705618c067df9d65c5a5cb991addbb4f567a7c5dbab408f87859d6227""}, {""name"": ""mixer_pruned_75"", ""views"": 10, ""temperature"": 1.0, ""weight"": 0.175, ""sha256"": ""c0b7eafe5070b3985442bfdf729ab2955c7340a172dc5b817150cc02771d5f53""}, {""name"": ""garment_p2_swa"", ""views"": 10, ""temperature"": 1.5, ""weight"": 0.5}]"
529858,723296640,5647,6000,0.9411666666666667,0.18790720403194427,0.8518518518518519,0.805,0.8277634961439588,0.9409363470359704,"[2814, 2833]","[{""name"": ""garment_p2_swa"", ""views"": 10, ""temperature"": 1.5, ""weight"": 1.0}]"
2737414,4485912832,5705,6000,0.9508333333333333,0.1528046727180481,0.8816254416961131,0.8316666666666667,0.855917667238422,0.9506247604270875,"[2846, 2859]","[{""name"": ""accuracy_wide_clean_swa"", ""views"": 10, ""temperature"": 1.5, ""weight"": 0.29250000000000004, ""sha256"": ""0aa9d82bef91689cc3b4b76c97b385153e325887adf376d641f082358aabea0f""}, {""name"": ""accuracy_p2_clean_swa"", ""views"": 30, ""temperature"": 1.25, ""weight"": 0.29250000000000004, ""sha256"": ""31e66eb705618c067df9d65c5a5cb991addbb4f567a7c5dbab408f87859d6227""}, {""name"": ""mixer_pruned_75"", ""views"": 10, ""temperature"": 1.0, ""weight"": 0.315, ""sha256"": ""c0b7eafe5070b3985442bfdf729ab2955c7340a172dc5b817150cc02771d5f53""}, {""name"": ""garment_p2_swa"", ""views"": 18, ""temperature"": 1.25, ""weight"": 0.1}]"
2737414,4485912832,5699,6000,0.9498333333333333,0.1531074047088623,0.8800705467372134,0.8316666666666667,0.8551842330762639,0.9496318605849406,"[2844, 2855]","[{""name"": ""accuracy_wide_clean_swa"", ""views"": 10, ""temperature"": 1.5, ""weight"": 0.26, ""sha256"": ""0aa9d82bef91689cc3b4b76c97b385153e325887adf376d641f082358aabea0f""}, {""name"": ""accuracy_p2_clean_swa"", ""views"": 30, ""temperature"": 1.25, ""weight"": 0.26, ""sha256"": ""31e66eb705618c067df9d65c5a5cb991addbb4f567a7c5dbab408f87859d6227""}, {""name"": ""mixer_pruned_75"", ""views"": 10, ""temperature"": 1.0, ""weight"": 0.27999999999999997, ""sha256"": ""c0b7eafe5070b3985442bfdf729ab2955c7340a172dc5b817150cc02771d5f53""}, {""name"": ""garment_p2_swa"", ""views"": 18, ""temperature"": 1.25, ""weight"": 0.2}]"
2737414,4485912832,5690,6000,0.9483333333333334,0.15434041619300842,0.8769771528998243,0.8316666666666667,0.853721129170231,0.9481604918983029,"[2839, 2851]","[{""name"": ""accuracy_wide_clean_swa"", ""views"": 10, ""temperature"": 1.5, ""weight"": 0.21125000000000002, ""sha256"": ""0aa9d82bef91689cc3b4b76c97b385153e325887adf376d641f082358aabea0f""}, {""name"": ""accuracy_p2_clean_swa"", ""views"": 30, ""temperature"": 1.25, ""weight"": 0.21125000000000002, ""sha256"": ""31e66eb705618c067df9d65c5a5cb991addbb4f567a7c5dbab408f87859d6227""}, {""name"": ""mixer_pruned_75"", ""views"": 10, ""temperature"": 1.0, ""weight"": 0.22749999999999998, ""sha256"": ""c0b7eafe5070b3985442bfdf729ab2955c7340a172dc5b817150cc02771d5f53""}, {""name"": ""garment_p2_swa"", ""views"": 18, ""temperature"": 1.25, ""weight"": 0.35}]"
2737414,4485912832,5683,6000,0.9471666666666667,0.15659064054489136,0.8743362831858407,0.8233333333333334,0.848068669527897,0.946970247988691,"[2830, 2853]","[{""name"": ""accuracy_wide_clean_swa"", ""views"": 10, ""temperature"": 1.5, ""weight"": 0.1625, ""sha256"": ""0aa9d82bef91689cc3b4b76c97b385153e325887adf376d641f082358aabea0f""}, {""name"": ""accuracy_p2_clean_swa"", ""views"": 30, ""temperature"": 1.25, ""weight"": 0.1625, ""sha256"": ""31e66eb705618c067df9d65c5a5cb991addbb4f567a7c5dbab408f87859d6227""}, {""name"": ""mixer_pruned_75"", ""views"": 10, ""temperature"": 1.0, ""weight"": 0.175, ""sha256"": ""c0b7eafe5070b3985442bfdf729ab2955c7340a172dc5b817150cc02771d5f53""}, {""name"": ""garment_p2_swa"", ""views"": 18, ""temperature"": 1.25, ""weight"": 0.5}]"
529858,1301933952,5652,6000,0.942,0.1846797913312912,0.8534031413612565,0.815,0.8337595907928389,0.9418418619836972,"[2818, 2834]","[{""name"": ""garment_p2_swa"", ""views"": 18, ""temperature"": 1.25, ""weight"": 1.0}]"
2737414,5353868800,5706,6000,0.951,0.15329128503799438,0.8847517730496454,0.8316666666666667,0.8573883161512027,0.9507910303520474,"[2850, 2856]","[{""name"": ""accuracy_wide_clean_swa"", ""views"": 10, ""temperature"": 1.5, ""weight"": 0.29250000000000004, ""sha256"": ""0aa9d82bef91689cc3b4b76c97b385153e325887adf376d641f082358aabea0f""}, {""name"": ""accuracy_p2_clean_swa"", ""views"": 30, ""temperature"": 1.25, ""weight"": 0.29250000000000004, ""sha256"": ""31e66eb705618c067df9d65c5a5cb991addbb4f567a7c5dbab408f87859d6227""}, {""name"": ""mixer_pruned_75"", ""views"": 10, ""temperature"": 1.0, ""weight"": 0.315, ""sha256"": ""c0b7eafe5070b3985442bfdf729ab2955c7340a172dc5b817150cc02771d5f53""}, {""name"": ""garment_p2_swa"", ""views"": 30, ""temperature"": 1.25, ""weight"": 0.1}]"
2737414,5353868800,5700,6000,0.95,0.15395456552505493,0.8831858407079646,0.8316666666666667,0.8566523605150215,0.9497871558719051,"[2847, 2853]","[{""name"": ""accuracy_wide_clean_swa"", ""views"": 10, ""temperature"": 1.5, ""weight"": 0.26, ""sha256"": ""0aa9d82bef91689cc3b4b76c97b385153e325887adf376d641f082358aabea0f""}, {""name"": ""accuracy_p2_clean_swa"", ""views"": 30, ""temperature"": 1.25, ""weight"": 0.26, ""sha256"": ""31e66eb705618c067df9d65c5a5cb991addbb4f567a7c5dbab408f87859d6227""}, {""name"": ""mixer_pruned_75"", ""views"": 10, ""temperature"": 1.0, ""weight"": 0.27999999999999997, ""sha256"": ""c0b7eafe5070b3985442bfdf729ab2955c7340a172dc5b817150cc02771d5f53""}, {""name"": ""garment_p2_swa"", ""views"": 30, ""temperature"": 1.25, ""weight"": 0.2}]"
2737414,5353868800,5691,6000,0.9485,0.15559574961662292,0.8756660746003553,0.8216666666666667,0.8478073946689596,0.9482560596280967,"[2844, 2847]","[{""name"": ""accuracy_wide_clean_swa"", ""views"": 10, ""temperature"": 1.5, ""weight"": 0.21125000000000002, ""sha256"": ""0aa9d82bef91689cc3b4b76c97b385153e325887adf376d641f082358aabea0f""}, {""name"": ""accuracy_p2_clean_swa"", ""views"": 30, ""temperature"": 1.25, ""weight"": 0.21125000000000002, ""sha256"": ""31e66eb705618c067df9d65c5a5cb991addbb4f567a7c5dbab408f87859d6227""}, {""name"": ""mixer_pruned_75"", ""views"": 10, ""temperature"": 1.0, ""weight"": 0.22749999999999998, ""sha256"": ""c0b7eafe5070b3985442bfdf729ab2955c7340a172dc5b817150cc02771d5f53""}, {""name"": ""garment_p2_swa"", ""views"": 30, ""temperature"": 1.25, ""weight"": 0.35}]"
2737414,5353868800,5687,6000,0.9478333333333333,0.15812928974628448,0.8772241992882562,0.8216666666666667,0.8485370051635112,0.9475887516403068,"[2840, 2847]","[{""name"": ""accuracy_wide_clean_swa"", ""views"": 10, ""temperature"": 1.5, ""weight"": 0.1625, ""sha256"": ""0aa9d82bef91689cc3b4b76c97b385153e325887adf376d641f082358aabea0f""}, {""name"": ""accuracy_p2_clean_swa"", ""views"": 30, ""temperature"": 1.25, ""weight"": 0.1625, ""sha256"": ""31e66eb705618c067df9d65c5a5cb991addbb4f567a7c5dbab408f87859d6227""}, {""name"": ""mixer_pruned_75"", ""views"": 10, ""temperature"": 1.0, ""weight"": 0.175, ""sha256"": ""c0b7eafe5070b3985442bfdf729ab2955c7340a172dc5b817150cc02771d5f53""}, {""name"": ""garment_p2_swa"", ""views"": 30, ""temperature"": 1.25, ""weight"": 0.5}]"
529858,2169889920,5659,6000,0.9431666666666667,0.18424741923809052,0.8700361010830325,0.8033333333333333,0.8353552859618717,0.9428600764288861,"[2824, 2835]","[{""name"": ""garment_p2_swa"", ""views"": 30, ""temperature"": 1.25, ""weight"": 1.0}]"
3505302,3261201664,5700,6000,0.95,0.15360002219676971,0.8816254416961131,0.8316666666666667,0.855917667238422,0.9497949966012053,"[2840, 2860]","[{""name"": ""accuracy_wide_clean_swa"", ""views"": 10, ""temperature"": 1.5, ""weight"": 0.29250000000000004, ""sha256"": ""0aa9d82bef91689cc3b4b76c97b385153e325887adf376d641f082358aabea0f""}, {""name"": ""accuracy_p2_clean_swa"", ""views"": 30, ""temperature"": 1.25, ""weight"": 0.29250000000000004, ""sha256"": ""31e66eb705618c067df9d65c5a5cb991addbb4f567a7c5dbab408f87859d6227""}, {""name"": ""mixer_pruned_75"", ""views"": 10, ""temperature"": 1.0, ""weight"": 0.315, ""sha256"": ""c0b7eafe5070b3985442bfdf729ab2955c7340a172dc5b817150cc02771d5f53""}, {""name"": ""focal_wide"", ""views"": 1, ""temperature"": 1.25, ""weight"": 0.1}]"
3505302,3261201664,5697,6000,0.9495,0.15494711697101593,0.8835978835978836,0.835,0.8586118251928021,0.9493129059599423,"[2840, 2857]","[{""name"": ""accuracy_wide_clean_swa"", ""views"": 10, ""temperature"": 1.5, ""weight"": 0.26, ""sha256"": ""0aa9d82bef91689cc3b4b76c97b385153e325887adf376d641f082358aabea0f""}, {""name"": ""accuracy_p2_clean_swa"", ""views"": 30, ""temperature"": 1.25, ""weight"": 0.26, ""sha256"": ""31e66eb705618c067df9d65c5a5cb991addbb4f567a7c5dbab408f87859d6227""}, {""name"": ""mixer_pruned_75"", ""views"": 10, ""temperature"": 1.0, ""weight"": 0.27999999999999997, ""sha256"": ""c0b7eafe5070b3985442bfdf729ab2955c7340a172dc5b817150cc02771d5f53""}, {""name"": ""focal_wide"", ""views"": 1, ""temperature"": 1.25, ""weight"": 0.2}]"
3505302,3261201664,5681,6000,0.9468333333333333,0.15819314122200012,0.875886524822695,0.8233333333333334,0.8487972508591065,0.9466120000215872,"[2828, 2853]","[{""name"": ""accuracy_wide_clean_swa"", ""views"": 10, ""temperature"": 1.5, ""weight"": 0.21125000000000002, ""sha256"": ""0aa9d82bef91689cc3b4b76c97b385153e325887adf376d641f082358aabea0f""}, {""name"": ""accuracy_p2_clean_swa"", ""views"": 30, ""temperature"": 1.25, ""weight"": 0.21125000000000002, ""sha256"": ""31e66eb705618c067df9d65c5a5cb991addbb4f567a7c5dbab408f87859d6227""}, {""name"": ""mixer_pruned_75"", ""views"": 10, ""temperature"": 1.0, ""weight"": 0.22749999999999998, ""sha256"": ""c0b7eafe5070b3985442bfdf729ab2955c7340a172dc5b817150cc02771d5f53""}, {""name"": ""focal_wide"", ""views"": 1, ""temperature"": 1.25, ""weight"": 0.35}]"
3505302,3261201664,5671,6000,0.9451666666666667,0.16305434703826904,0.8611599297012302,0.8166666666666667,0.8383233532934131,0.9449631439691777,"[2820, 2851]","[{""name"": ""accuracy_wide_clean_swa"", ""views"": 10, ""temperature"": 1.5, ""weight"": 0.1625, ""sha256"": ""0aa9d82bef91689cc3b4b76c97b385153e325887adf376d641f082358aabea0f""}, {""name"": ""accuracy_p2_clean_swa"", ""views"": 30, ""temperature"": 1.25, ""weight"": 0.1625, ""sha256"": ""31e66eb705618c067df9d65c5a5cb991addbb4f567a7c5dbab408f87859d6227""}, {""name"": ""mixer_pruned_75"", ""views"": 10, ""temperature"": 1.0, ""weight"": 0.175, ""sha256"": ""c0b7eafe5070b3985442bfdf729ab2955c7340a172dc5b817150cc02771d5f53""}, {""name"": ""focal_wide"", ""views"": 1, ""temperature"": 1.25, ""weight"": 0.5}]"
1297746,77222784,5644,6000,0.9406666666666667,0.21647734940052032,0.8488576449912126,0.805,0.8263473053892215,0.9404411576386951,"[2806, 2838]","[{""name"": ""focal_wide"", ""views"": 1, ""temperature"": 1.25, ""weight"": 1.0}]"
3505302,3956206720,5705,6000,0.9508333333333333,0.15259245038032532,0.8847517730496454,0.8316666666666667,0.8573883161512027,0.9506178240189828,"[2845, 2860]","[{""name"": ""accuracy_wide_clean_swa"", ""views"": 10, ""temperature"": 1.5, ""weight"": 0.29250000000000004, ""sha256"": ""0aa9d82bef91689cc3b4b76c97b385153e325887adf376d641f082358aabea0f""}, {""name"": ""accuracy_p2_clean_swa"", ""views"": 30, ""temperature"": 1.25, ""weight"": 0.29250000000000004, ""sha256"": ""31e66eb705618c067df9d65c5a5cb991addbb4f567a7c5dbab408f87859d6227""}, {""name"": ""mixer_pruned_75"", ""views"": 10, ""temperature"": 1.0, ""weight"": 0.315, ""sha256"": ""c0b7eafe5070b3985442bfdf729ab2955c7340a172dc5b817150cc02771d5f53""}, {""name"": ""focal_wide"", ""views"": 10, ""temperature"": 1.0, ""weight"": 0.1}]"
3505302,3956206720,5701,6000,0.9501666666666667,0.15255168080329895,0.8818342151675485,0.8333333333333334,0.856898029134533,0.9499693425075462,"[2840, 2861]","[{""name"": ""accuracy_wide_clean_swa"", ""views"": 10, ""temperature"": 1.5, ""weight"": 0.26, ""sha256"": ""0aa9d82bef91689cc3b4b76c97b385153e325887adf376d641f082358aabea0f""}, {""name"": ""accuracy_p2_clean_swa"", ""views"": 30, ""temperature"": 1.25, ""weight"": 0.26, ""sha256"": ""31e66eb705618c067df9d65c5a5cb991addbb4f567a7c5dbab408f87859d6227""}, {""name"": ""mixer_pruned_75"", ""views"": 10, ""temperature"": 1.0, ""weight"": 0.27999999999999997, ""sha256"": ""c0b7eafe5070b3985442bfdf729ab2955c7340a172dc5b817150cc02771d5f53""}, {""name"": ""focal_wide"", ""views"": 10, ""temperature"": 1.0, ""weight"": 0.2}]"
3505302,3956206720,5696,6000,0.9493333333333334,0.1531183123588562,0.8783068783068783,0.83,0.8534704370179949,0.9491323894589258,"[2836, 2860]","[{""name"": ""accuracy_wide_clean_swa"", ""views"": 10, ""temperature"": 1.5, ""weight"": 0.21125000000000002, ""sha256"": ""0aa9d82bef91689cc3b4b76c97b385153e325887adf376d641f082358aabea0f""}, {""name"": ""accuracy_p2_clean_swa"", ""views"": 30, ""temperature"": 1.25, ""weight"": 0.21125000000000002, ""sha256"": ""31e66eb705618c067df9d65c5a5cb991addbb4f567a7c5dbab408f87859d6227""}, {""name"": ""mixer_pruned_75"", ""views"": 10, ""temperature"": 1.0, ""weight"": 0.22749999999999998, ""sha256"": ""c0b7eafe5070b3985442bfdf729ab2955c7340a172dc5b817150cc02771d5f53""}, {""name"": ""focal_wide"", ""views"": 10, ""temperature"": 1.0, ""weight"": 0.35}]"
3505302,3956206720,5693,6000,0.9488333333333333,0.15454532206058502,0.875219683655536,0.83,0.8520102651839179,0.9486408702025656,"[2834, 2859]","[{""name"": ""accuracy_wide_clean_swa"", ""views"": 10, ""temperature"": 1.5, ""weight"": 0.1625, ""sha256"": ""0aa9d82bef91689cc3b4b76c97b385153e325887adf376d641f082358aabea0f""}, {""name"": ""accuracy_p2_clean_swa"", ""views"": 30, ""temperature"": 1.25, ""weight"": 0.1625, ""sha256"": ""31e66eb705618c067df9d65c5a5cb991addbb4f567a7c5dbab408f87859d6227""}, {""name"": ""mixer_pruned_75"", ""views"": 10, ""temperature"": 1.0, ""weight"": 0.175, ""sha256"": ""c0b7eafe5070b3985442bfdf729ab2955c7340a172dc5b817150cc02771d5f53""}, {""name"": ""focal_wide"", ""views"": 10, ""temperature"": 1.0, ""weight"": 0.5}]"
1297746,772227840,5677,6000,0.9461666666666667,0.1755519062280655,0.8623693379790941,0.825,0.8432708688245315,0.9459822435356632,"[2825, 2852]","[{""name"": ""focal_wide"", ""views"": 10, ""temperature"": 1.0, ""weight"": 1.0}]"
3505302,4573988992,5708,6000,0.9513333333333334,0.1527509093284607,0.8849557522123894,0.8333333333333334,0.8583690987124464,0.9511269171165377,"[2847, 2861]","[{""name"": ""accuracy_wide_clean_swa"", ""views"": 10, ""temperature"": 1.5, ""weight"": 0.29250000000000004, ""sha256"": ""0aa9d82bef91689cc3b4b76c97b385153e325887adf376d641f082358aabea0f""}, {""name"": ""accuracy_p2_clean_swa"", ""views"": 30, ""temperature"": 1.25, ""weight"": 0.29250000000000004, ""sha256"": ""31e66eb705618c067df9d65c5a5cb991addbb4f567a7c5dbab408f87859d6227""}, {""name"": ""mixer_pruned_75"", ""views"": 10, ""temperature"": 1.0, ""weight"": 0.315, ""sha256"": ""c0b7eafe5070b3985442bfdf729ab2955c7340a172dc5b817150cc02771d5f53""}, {""name"": ""focal_wide"", ""views"": 18, ""temperature"": 1.0, ""weight"": 0.1}]"
3505302,4573988992,5699,6000,0.9498333333333333,0.15283887088298798,0.8798586572438163,0.83,0.8542024013722127,0.9496259468256625,"[2842, 2857]","[{""name"": ""accuracy_wide_clean_swa"", ""views"": 10, ""temperature"": 1.5, ""weight"": 0.26, ""sha256"": ""0aa9d82bef91689cc3b4b76c97b385153e325887adf376d641f082358aabea0f""}, {""name"": ""accuracy_p2_clean_swa"", ""views"": 30, ""temperature"": 1.25, ""weight"": 0.26, ""sha256"": ""31e66eb705618c067df9d65c5a5cb991addbb4f567a7c5dbab408f87859d6227""}, {""name"": ""mixer_pruned_75"", ""views"": 10, ""temperature"": 1.0, ""weight"": 0.27999999999999997, ""sha256"": ""c0b7eafe5070b3985442bfdf729ab2955c7340a172dc5b817150cc02771d5f53""}, {""name"": ""focal_wide"", ""views"": 18, ""temperature"": 1.0, ""weight"": 0.2}]"
3505302,4573988992,5696,6000,0.9493333333333334,0.15352918207645416,0.8787346221441125,0.8333333333333334,0.8554319931565441,0.9491451411177181,"[2838, 2858]","[{""name"": ""accuracy_wide_clean_swa"", ""views"": 10, ""temperature"": 1.5, ""weight"": 0.21125000000000002, ""sha256"": ""0aa9d82bef91689cc3b4b76c97b385153e325887adf376d641f082358aabea0f""}, {""name"": ""accuracy_p2_clean_swa"", ""views"": 30, ""temperature"": 1.25, ""weight"": 0.21125000000000002, ""sha256"": ""31e66eb705618c067df9d65c5a5cb991addbb4f567a7c5dbab408f87859d6227""}, {""name"": ""mixer_pruned_75"", ""views"": 10, ""temperature"": 1.0, ""weight"": 0.22749999999999998, ""sha256"": ""c0b7eafe5070b3985442bfdf729ab2955c7340a172dc5b817150cc02771d5f53""}, {""name"": ""focal_wide"", ""views"": 18, ""temperature"": 1.0, ""weight"": 0.35}]"
3505302,4573988992,5694,6000,0.949,0.15496918559074402,0.8812056737588653,0.8283333333333334,0.8539518900343642,0.9487922268053929,"[2838, 2856]","[{""name"": ""accuracy_wide_clean_swa"", ""views"": 10, ""temperature"": 1.5, ""weight"": 0.1625, ""sha256"": ""0aa9d82bef91689cc3b4b76c97b385153e325887adf376d641f082358aabea0f""}, {""name"": ""accuracy_p2_clean_swa"", ""views"": 30, ""temperature"": 1.25, ""weight"": 0.1625, ""sha256"": ""31e66eb705618c067df9d65c5a5cb991addbb4f567a7c5dbab408f87859d6227""}, {""name"": ""mixer_pruned_75"", ""views"": 10, ""temperature"": 1.0, ""weight"": 0.175, ""sha256"": ""c0b7eafe5070b3985442bfdf729ab2955c7340a172dc5b817150cc02771d5f53""}, {""name"": ""focal_wide"", ""views"": 18, ""temperature"": 1.0, ""weight"": 0.5}]"
1297746,1390010112,5684,6000,0.9473333333333334,0.17215122282505035,0.8704028021015762,0.8283333333333334,0.8488471391972673,0.947154936307815,"[2832, 2852]","[{""name"": ""focal_wide"", ""views"": 18, ""temperature"": 1.0, ""weight"": 1.0}]"
3505302,5500662400,5711,6000,0.9518333333333333,0.15274040400981903,0.8824561403508772,0.8383333333333334,0.8598290598290599,0.9516519886403785,"[2850, 2861]","[{""name"": ""accuracy_wide_clean_swa"", ""views"": 10, ""temperature"": 1.5, ""weight"": 0.29250000000000004, ""sha256"": ""0aa9d82bef91689cc3b4b76c97b385153e325887adf376d641f082358aabea0f""}, {""name"": ""accuracy_p2_clean_swa"", ""views"": 30, ""temperature"": 1.25, ""weight"": 0.29250000000000004, ""sha256"": ""31e66eb705618c067df9d65c5a5cb991addbb4f567a7c5dbab408f87859d6227""}, {""name"": ""mixer_pruned_75"", ""views"": 10, ""temperature"": 1.0, ""weight"": 0.315, ""sha256"": ""c0b7eafe5070b3985442bfdf729ab2955c7340a172dc5b817150cc02771d5f53""}, {""name"": ""focal_wide"", ""views"": 30, ""temperature"": 1.0, ""weight"": 0.1}]"
3505302,5500662400,5708,6000,0.9513333333333334,0.15287497639656067,0.8820422535211268,0.835,0.8578767123287672,0.9511381702798261,"[2847, 2861]","[{""name"": ""accuracy_wide_clean_swa"", ""views"": 10, ""temperature"": 1.5, ""weight"": 0.26, ""sha256"": ""0aa9d82bef91689cc3b4b76c97b385153e325887adf376d641f082358aabea0f""}, {""name"": ""accuracy_p2_clean_swa"", ""views"": 30, ""temperature"": 1.25, ""weight"": 0.26, ""sha256"": ""31e66eb705618c067df9d65c5a5cb991addbb4f567a7c5dbab408f87859d6227""}, {""name"": ""mixer_pruned_75"", ""views"": 10, ""temperature"": 1.0, ""weight"": 0.27999999999999997, ""sha256"": ""c0b7eafe5070b3985442bfdf729ab2955c7340a172dc5b817150cc02771d5f53""}, {""name"": ""focal_wide"", ""views"": 30, ""temperature"": 1.0, ""weight"": 0.2}]"
3505302,5500662400,5694,6000,0.949,0.15368907153606415,0.8747795414462081,0.8266666666666667,0.8500428449014568,0.9487980166546244,"[2837, 2857]","[{""name"": ""accuracy_wide_clean_swa"", ""views"": 10, ""temperature"": 1.5, ""weight"": 0.21125000000000002, ""sha256"": ""0aa9d82bef91689cc3b4b76c97b385153e325887adf376d641f082358aabea0f""}, {""name"": ""accuracy_p2_clean_swa"", ""views"": 30, ""temperature"": 1.25, ""weight"": 0.21125000000000002, ""sha256"": ""31e66eb705618c067df9d65c5a5cb991addbb4f567a7c5dbab408f87859d6227""}, {""name"": ""mixer_pruned_75"", ""views"": 10, ""temperature"": 1.0, ""weight"": 0.22749999999999998, ""sha256"": ""c0b7eafe5070b3985442bfdf729ab2955c7340a172dc5b817150cc02771d5f53""}, {""name"": ""focal_wide"", ""views"": 30, ""temperature"": 1.0, ""weight"": 0.35}]"
3505302,5500662400,5695,6000,0.9491666666666667,0.15528340637683868,0.8708551483420593,0.8316666666666667,0.8508098891730606,0.9489989127403516,"[2838, 2857]","[{""name"": ""accuracy_wide_clean_swa"", ""views"": 10, ""temperature"": 1.5, ""weight"": 0.1625, ""sha256"": ""0aa9d82bef91689cc3b4b76c97b385153e325887adf376d641f082358aabea0f""}, {""name"": ""accuracy_p2_clean_swa"", ""views"": 30, ""temperature"": 1.25, ""weight"": 0.1625, ""sha256"": ""31e66eb705618c067df9d65c5a5cb991addbb4f567a7c5dbab408f87859d6227""}, {""name"": ""mixer_pruned_75"", ""views"": 10, ""temperature"": 1.0, ""weight"": 0.175, ""sha256"": ""c0b7eafe5070b3985442bfdf729ab2955c7340a172dc5b817150cc02771d5f53""}, {""name"": ""focal_wide"", ""views"": 30, ""temperature"": 1.0, ""weight"": 0.5}]"
1297746,2316683520,5664,6000,0.944,0.17335450649261475,0.8536585365853658,0.8166666666666667,0.8347529812606473,0.9438088894818332,"[2819, 2845]","[{""name"": ""focal_wide"", ""views"": 30, ""temperature"": 1.0, ""weight"": 1.0}]"
3505302,3261201664,5701,6000,0.9501666666666667,0.15365037322044373,0.8816254416961131,0.8316666666666667,0.855917667238422,0.9499634766529483,"[2841, 2860]","[{""name"": ""accuracy_wide_clean_swa"", ""views"": 10, ""temperature"": 1.5, ""weight"": 0.29250000000000004, ""sha256"": ""0aa9d82bef91689cc3b4b76c97b385153e325887adf376d641f082358aabea0f""}, {""name"": ""accuracy_p2_clean_swa"", ""views"": 30, ""temperature"": 1.25, ""weight"": 0.29250000000000004, ""sha256"": ""31e66eb705618c067df9d65c5a5cb991addbb4f567a7c5dbab408f87859d6227""}, {""name"": ""mixer_pruned_75"", ""views"": 10, ""temperature"": 1.0, ""weight"": 0.315, ""sha256"": ""c0b7eafe5070b3985442bfdf729ab2955c7340a172dc5b817150cc02771d5f53""}, {""name"": ""focal_wide_ema"", ""views"": 1, ""temperature"": 1.25, ""weight"": 0.1}]"
3505302,3261201664,5697,6000,0.9495,0.15505394339561462,0.8835978835978836,0.835,0.8586118251928021,0.9493129059599423,"[2840, 2857]","[{""name"": ""accuracy_wide_clean_swa"", ""views"": 10, ""temperature"": 1.5, ""weight"": 0.26, ""sha256"": ""0aa9d82bef91689cc3b4b76c97b385153e325887adf376d641f082358aabea0f""}, {""name"": ""accuracy_p2_clean_swa"", ""views"": 30, ""temperature"": 1.25, ""weight"": 0.26, ""sha256"": ""31e66eb705618c067df9d65c5a5cb991addbb4f567a7c5dbab408f87859d6227""}, {""name"": ""mixer_pruned_75"", ""views"": 10, ""temperature"": 1.0, ""weight"": 0.27999999999999997, ""sha256"": ""c0b7eafe5070b3985442bfdf729ab2955c7340a172dc5b817150cc02771d5f53""}, {""name"": ""focal_wide_ema"", ""views"": 1, ""temperature"": 1.25, ""weight"": 0.2}]"
3505302,3261201664,5681,6000,0.9468333333333333,0.15838691592216492,0.8745583038869258,0.825,0.8490566037735849,0.946622958669977,"[2829, 2852]","[{""name"": ""accuracy_wide_clean_swa"", ""views"": 10, ""temperature"": 1.5, ""weight"": 0.21125000000000002, ""sha256"": ""0aa9d82bef91689cc3b4b76c97b385153e325887adf376d641f082358aabea0f""}, {""name"": ""accuracy_p2_clean_swa"", ""views"": 30, ""temperature"": 1.25, ""weight"": 0.21125000000000002, ""sha256"": ""31e66eb705618c067df9d65c5a5cb991addbb4f567a7c5dbab408f87859d6227""}, {""name"": ""mixer_pruned_75"", ""views"": 10, ""temperature"": 1.0, ""weight"": 0.22749999999999998, ""sha256"": ""c0b7eafe5070b3985442bfdf729ab2955c7340a172dc5b817150cc02771d5f53""}, {""name"": ""focal_wide_ema"", ""views"": 1, ""temperature"": 1.25, ""weight"": 0.35}]"
3505302,3261201664,5668,6000,0.9446666666666667,0.1633300632238388,0.859402460456942,0.815,0.8366124893071001,0.9444517068908519,"[2820, 2848]","[{""name"": ""accuracy_wide_clean_swa"", ""views"": 10, ""temperature"": 1.5, ""weight"": 0.1625, ""sha256"": ""0aa9d82bef91689cc3b4b76c97b385153e325887adf376d641f082358aabea0f""}, {""name"": ""accuracy_p2_clean_swa"", ""views"": 30, ""temperature"": 1.25, ""weight"": 0.1625, ""sha256"": ""31e66eb705618c067df9d65c5a5cb991addbb4f567a7c5dbab408f87859d6227""}, {""name"": ""mixer_pruned_75"", ""views"": 10, ""temperature"": 1.0, ""weight"": 0.175, ""sha256"": ""c0b7eafe5070b3985442bfdf729ab2955c7340a172dc5b817150cc02771d5f53""}, {""name"": ""focal_wide_ema"", ""views"": 1, ""temperature"": 1.25, ""weight"": 0.5}]"
1297746,77222784,5645,6000,0.9408333333333333,0.21642085909843445,0.8506151142355008,0.8066666666666666,0.8280581693755347,0.9406054861793095,"[2809, 2836]","[{""name"": ""focal_wide_ema"", ""views"": 1, ""temperature"": 1.25, ""weight"": 1.0}]"
3505302,3956206720,5708,6000,0.9513333333333334,0.15263643860816956,0.8863232682060391,0.8316666666666667,0.8581255374032674,0.9511136808372523,"[2846, 2862]","[{""name"": ""accuracy_wide_clean_swa"", ""views"": 10, ""temperature"": 1.5, ""weight"": 0.29250000000000004, ""sha256"": ""0aa9d82bef91689cc3b4b76c97b385153e325887adf376d641f082358aabea0f""}, {""name"": ""accuracy_p2_clean_swa"", ""views"": 30, ""temperature"": 1.25, ""weight"": 0.29250000000000004, ""sha256"": ""31e66eb705618c067df9d65c5a5cb991addbb4f567a7c5dbab408f87859d6227""}, {""name"": ""mixer_pruned_75"", ""views"": 10, ""temperature"": 1.0, ""weight"": 0.315, ""sha256"": ""c0b7eafe5070b3985442bfdf729ab2955c7340a172dc5b817150cc02771d5f53""}, {""name"": ""focal_wide_ema"", ""views"": 10, ""temperature"": 1.0, ""weight"": 0.1}]"
3505302,3956206720,5703,6000,0.9505,0.1526351124048233,0.8833922261484098,0.8333333333333334,0.8576329331046312,0.9502987288485405,"[2842, 2861]","[{""name"": ""accuracy_wide_clean_swa"", ""views"": 10, ""temperature"": 1.5, ""weight"": 0.26, ""sha256"": ""0aa9d82bef91689cc3b4b76c97b385153e325887adf376d641f082358aabea0f""}, {""name"": ""accuracy_p2_clean_swa"", ""views"": 30, ""temperature"": 1.25, ""weight"": 0.26, ""sha256"": ""31e66eb705618c067df9d65c5a5cb991addbb4f567a7c5dbab408f87859d6227""}, {""name"": ""mixer_pruned_75"", ""views"": 10, ""temperature"": 1.0, ""weight"": 0.27999999999999997, ""sha256"": ""c0b7eafe5070b3985442bfdf729ab2955c7340a172dc5b817150cc02771d5f53""}, {""name"": ""focal_wide_ema"", ""views"": 10, ""temperature"": 1.0, ""weight"": 0.2}]"
3505302,3956206720,5698,6000,0.9496666666666667,0.15325333178043365,0.8814159292035398,0.83,0.8549356223175966,0.9494572906344496,"[2837, 2861]","[{""name"": ""accuracy_wide_clean_swa"", ""views"": 10, ""temperature"": 1.5, ""weight"": 0.21125000000000002, ""sha256"": ""0aa9d82bef91689cc3b4b76c97b385153e325887adf376d641f082358aabea0f""}, {""name"": ""accuracy_p2_clean_swa"", ""views"": 30, ""temperature"": 1.25, ""weight"": 0.21125000000000002, ""sha256"": ""31e66eb705618c067df9d65c5a5cb991addbb4f567a7c5dbab408f87859d6227""}, {""name"": ""mixer_pruned_75"", ""views"": 10, ""temperature"": 1.0, ""weight"": 0.22749999999999998, ""sha256"": ""c0b7eafe5070b3985442bfdf729ab2955c7340a172dc5b817150cc02771d5f53""}, {""name"": ""focal_wide_ema"", ""views"": 10, ""temperature"": 1.0, ""weight"": 0.35}]"
3505302,3956206720,5689,6000,0.9481666666666667,0.15472207963466644,0.8747795414462081,0.8266666666666667,0.8500428449014568,0.9479594177467824,"[2831, 2858]","[{""name"": ""accuracy_wide_clean_swa"", ""views"": 10, ""temperature"": 1.5, ""weight"": 0.1625, ""sha256"": ""0aa9d82bef91689cc3b4b76c97b385153e325887adf376d641f082358aabea0f""}, {""name"": ""accuracy_p2_clean_swa"", ""views"": 30, ""temperature"": 1.25, ""weight"": 0.1625, ""sha256"": ""31e66eb705618c067df9d65c5a5cb991addbb4f567a7c5dbab408f87859d6227""}, {""name"": ""mixer_pruned_75"", ""views"": 10, ""temperature"": 1.0, ""weight"": 0.175, ""sha256"": ""c0b7eafe5070b3985442bfdf729ab2955c7340a172dc5b817150cc02771d5f53""}, {""name"": ""focal_wide_ema"", ""views"": 10, ""temperature"": 1.0, ""weight"": 0.5}]"
1297746,772227840,5674,6000,0.9456666666666667,0.17553365230560303,0.8618881118881119,0.8216666666666667,0.841296928327645,0.9454654368715175,"[2828, 2846]","[{""name"": ""focal_wide_ema"", ""views"": 10, ""temperature"": 1.0, ""weight"": 1.0}]"
3505302,4573988992,5708,6000,0.9513333333333334,0.15279382467269897,0.8849557522123894,0.8333333333333334,0.8583690987124464,0.9511269171165377,"[2847, 2861]","[{""name"": ""accuracy_wide_clean_swa"", ""views"": 10, ""temperature"": 1.5, ""weight"": 0.29250000000000004, ""sha256"": ""0aa9d82bef91689cc3b4b76c97b385153e325887adf376d641f082358aabea0f""}, {""name"": ""accuracy_p2_clean_swa"", ""views"": 30, ""temperature"": 1.25, ""weight"": 0.29250000000000004, ""sha256"": ""31e66eb705618c067df9d65c5a5cb991addbb4f567a7c5dbab408f87859d6227""}, {""name"": ""mixer_pruned_75"", ""views"": 10, ""temperature"": 1.0, ""weight"": 0.315, ""sha256"": ""c0b7eafe5070b3985442bfdf729ab2955c7340a172dc5b817150cc02771d5f53""}, {""name"": ""focal_wide_ema"", ""views"": 18, ""temperature"": 1.0, ""weight"": 0.1}]"
3505302,4573988992,5698,6000,0.9496666666666667,0.15292081236839294,0.879646017699115,0.8283333333333334,0.8532188841201717,0.9494490092566586,"[2842, 2856]","[{""name"": ""accuracy_wide_clean_swa"", ""views"": 10, ""temperature"": 1.5, ""weight"": 0.26, ""sha256"": ""0aa9d82bef91689cc3b4b76c97b385153e325887adf376d641f082358aabea0f""}, {""name"": ""accuracy_p2_clean_swa"", ""views"": 30, ""temperature"": 1.25, ""weight"": 0.26, ""sha256"": ""31e66eb705618c067df9d65c5a5cb991addbb4f567a7c5dbab408f87859d6227""}, {""name"": ""mixer_pruned_75"", ""views"": 10, ""temperature"": 1.0, ""weight"": 0.27999999999999997, ""sha256"": ""c0b7eafe5070b3985442bfdf729ab2955c7340a172dc5b817150cc02771d5f53""}, {""name"": ""focal_wide_ema"", ""views"": 18, ""temperature"": 1.0, ""weight"": 0.2}]"
3505302,4573988992,5694,6000,0.949,0.15366239845752716,0.8785211267605634,0.8316666666666667,0.8544520547945206,0.9488049396140557,"[2837, 2857]","[{""name"": ""accuracy_wide_clean_swa"", ""views"": 10, ""temperature"": 1.5, ""weight"": 0.21125000000000002, ""sha256"": ""0aa9d82bef91689cc3b4b76c97b385153e325887adf376d641f082358aabea0f""}, {""name"": ""accuracy_p2_clean_swa"", ""views"": 30, ""temperature"": 1.25, ""weight"": 0.21125000000000002, ""sha256"": ""31e66eb705618c067df9d65c5a5cb991addbb4f567a7c5dbab408f87859d6227""}, {""name"": ""mixer_pruned_75"", ""views"": 10, ""temperature"": 1.0, ""weight"": 0.22749999999999998, ""sha256"": ""c0b7eafe5070b3985442bfdf729ab2955c7340a172dc5b817150cc02771d5f53""}, {""name"": ""focal_wide_ema"", ""views"": 18, ""temperature"": 1.0, ""weight"": 0.35}]"
3505302,4573988992,5696,6000,0.9493333333333334,0.15514430403709412,0.8816254416961131,0.8316666666666667,0.855917667238422,0.9491382028945301,"[2839, 2857]","[{""name"": ""accuracy_wide_clean_swa"", ""views"": 10, ""temperature"": 1.5, ""weight"": 0.1625, ""sha256"": ""0aa9d82bef91689cc3b4b76c97b385153e325887adf376d641f082358aabea0f""}, {""name"": ""accuracy_p2_clean_swa"", ""views"": 30, ""temperature"": 1.25, ""weight"": 0.1625, ""sha256"": ""31e66eb705618c067df9d65c5a5cb991addbb4f567a7c5dbab408f87859d6227""}, {""name"": ""mixer_pruned_75"", ""views"": 10, ""temperature"": 1.0, ""weight"": 0.175, ""sha256"": ""c0b7eafe5070b3985442bfdf729ab2955c7340a172dc5b817150cc02771d5f53""}, {""name"": ""focal_wide_ema"", ""views"": 18, ""temperature"": 1.0, ""weight"": 0.5}]"
1297746,1390010112,5678,6000,0.9463333333333334,0.1722644865512848,0.872791519434629,0.8233333333333334,0.8473413379073756,0.946129474172319,"[2828, 2850]","[{""name"": ""focal_wide_ema"", ""views"": 18, ""temperature"": 1.0, ""weight"": 1.0}]"
3505302,5500662400,5712,6000,0.952,0.1527632474899292,0.8840070298769771,0.8383333333333334,0.8605645851154833,0.9518145638128697,"[2851, 2861]","[{""name"": ""accuracy_wide_clean_swa"", ""views"": 10, ""temperature"": 1.5, ""weight"": 0.29250000000000004, ""sha256"": ""0aa9d82bef91689cc3b4b76c97b385153e325887adf376d641f082358aabea0f""}, {""name"": ""accuracy_p2_clean_swa"", ""views"": 30, ""temperature"": 1.25, ""weight"": 0.29250000000000004, ""sha256"": ""31e66eb705618c067df9d65c5a5cb991addbb4f567a7c5dbab408f87859d6227""}, {""name"": ""mixer_pruned_75"", ""views"": 10, ""temperature"": 1.0, ""weight"": 0.315, ""sha256"": ""c0b7eafe5070b3985442bfdf729ab2955c7340a172dc5b817150cc02771d5f53""}, {""name"": ""focal_wide_ema"", ""views"": 30, ""temperature"": 1.0, ""weight"": 0.1}]"
3505302,5500662400,5707,6000,0.9511666666666667,0.15293407440185547,0.8820422535211268,0.835,0.8578767123287672,0.9509725982657574,"[2847, 2860]","[{""name"": ""accuracy_wide_clean_swa"", ""views"": 10, ""temperature"": 1.5, ""weight"": 0.26, ""sha256"": ""0aa9d82bef91689cc3b4b76c97b385153e325887adf376d641f082358aabea0f""}, {""name"": ""accuracy_p2_clean_swa"", ""views"": 30, ""temperature"": 1.25, ""weight"": 0.26, ""sha256"": ""31e66eb705618c067df9d65c5a5cb991addbb4f567a7c5dbab408f87859d6227""}, {""name"": ""mixer_pruned_75"", ""views"": 10, ""temperature"": 1.0, ""weight"": 0.27999999999999997, ""sha256"": ""c0b7eafe5070b3985442bfdf729ab2955c7340a172dc5b817150cc02771d5f53""}, {""name"": ""focal_wide_ema"", ""views"": 30, ""temperature"": 1.0, ""weight"": 0.2}]"
3505302,5500662400,5699,6000,0.9498333333333333,0.15380854904651642,0.8783068783068783,0.83,0.8534704370179949,0.9496331254747243,"[2840, 2859]","[{""name"": ""accuracy_wide_clean_swa"", ""views"": 10, ""temperature"": 1.5, ""weight"": 0.21125000000000002, ""sha256"": ""0aa9d82bef91689cc3b4b76c97b385153e325887adf376d641f082358aabea0f""}, {""name"": ""accuracy_p2_clean_swa"", ""views"": 30, ""temperature"": 1.25, ""weight"": 0.21125000000000002, ""sha256"": ""31e66eb705618c067df9d65c5a5cb991addbb4f567a7c5dbab408f87859d6227""}, {""name"": ""mixer_pruned_75"", ""views"": 10, ""temperature"": 1.0, ""weight"": 0.22749999999999998, ""sha256"": ""c0b7eafe5070b3985442bfdf729ab2955c7340a172dc5b817150cc02771d5f53""}, {""name"": ""focal_wide_ema"", ""views"": 30, ""temperature"": 1.0, ""weight"": 0.35}]"
3505302,5500662400,5693,6000,0.9488333333333333,0.15546296536922455,0.8708551483420593,0.8316666666666667,0.8508098891730606,0.9486674694554008,"[2837, 2856]","[{""name"": ""accuracy_wide_clean_swa"", ""views"": 10, ""temperature"": 1.5, ""weight"": 0.1625, ""sha256"": ""0aa9d82bef91689cc3b4b76c97b385153e325887adf376d641f082358aabea0f""}, {""name"": ""accuracy_p2_clean_swa"", ""views"": 30, ""temperature"": 1.25, ""weight"": 0.1625, ""sha256"": ""31e66eb705618c067df9d65c5a5cb991addbb4f567a7c5dbab408f87859d6227""}, {""name"": ""mixer_pruned_75"", ""views"": 10, ""temperature"": 1.0, ""weight"": 0.175, ""sha256"": ""c0b7eafe5070b3985442bfdf729ab2955c7340a172dc5b817150cc02771d5f53""}, {""name"": ""focal_wide_ema"", ""views"": 30, ""temperature"": 1.0, ""weight"": 0.5}]"
1297746,2316683520,5664,6000,0.944,0.17359313368797302,0.8534031413612565,0.815,0.8337595907928389,0.9437994712624258,"[2821, 2843]","[{""name"": ""focal_wide_ema"", ""views"": 30, ""temperature"": 1.0, ""weight"": 1.0}]"
3505302,3261201664,5699,6000,0.9498333333333333,0.15342651307582855,0.8769771528998243,0.8316666666666667,0.853721129170231,0.9496417203180509,"[2841, 2858]","[{""name"": ""accuracy_wide_clean_swa"", ""views"": 10, ""temperature"": 1.5, ""weight"": 0.29250000000000004, ""sha256"": ""0aa9d82bef91689cc3b4b76c97b385153e325887adf376d641f082358aabea0f""}, {""name"": ""accuracy_p2_clean_swa"", ""views"": 30, ""temperature"": 1.25, ""weight"": 0.29250000000000004, ""sha256"": ""31e66eb705618c067df9d65c5a5cb991addbb4f567a7c5dbab408f87859d6227""}, {""name"": ""mixer_pruned_75"", ""views"": 10, ""temperature"": 1.0, ""weight"": 0.315, ""sha256"": ""c0b7eafe5070b3985442bfdf729ab2955c7340a172dc5b817150cc02771d5f53""}, {""name"": ""focal_wide_swa"", ""views"": 1, ""temperature"": 1.25, ""weight"": 0.1}]"
3505302,3261201664,5694,6000,0.949,0.15461425483226776,0.8800705467372134,0.8316666666666667,0.8551842330762639,0.9487981680455622,"[2838, 2856]","[{""name"": ""accuracy_wide_clean_swa"", ""views"": 10, ""temperature"": 1.5, ""weight"": 0.26, ""sha256"": ""0aa9d82bef91689cc3b4b76c97b385153e325887adf376d641f082358aabea0f""}, {""name"": ""accuracy_p2_clean_swa"", ""views"": 30, ""temperature"": 1.25, ""weight"": 0.26, ""sha256"": ""31e66eb705618c067df9d65c5a5cb991addbb4f567a7c5dbab408f87859d6227""}, {""name"": ""mixer_pruned_75"", ""views"": 10, ""temperature"": 1.0, ""weight"": 0.27999999999999997, ""sha256"": ""c0b7eafe5070b3985442bfdf729ab2955c7340a172dc5b817150cc02771d5f53""}, {""name"": ""focal_wide_swa"", ""views"": 1, ""temperature"": 1.25, ""weight"": 0.2}]"
3505302,3261201664,5677,6000,0.9461666666666667,0.15765058994293213,0.8692579505300353,0.82,0.8439108061749572,0.9459457542388204,"[2828, 2849]","[{""name"": ""accuracy_wide_clean_swa"", ""views"": 10, ""temperature"": 1.5, ""weight"": 0.21125000000000002, ""sha256"": ""0aa9d82bef91689cc3b4b76c97b385153e325887adf376d641f082358aabea0f""}, {""name"": ""accuracy_p2_clean_swa"", ""views"": 30, ""temperature"": 1.25, ""weight"": 0.21125000000000002, ""sha256"": ""31e66eb705618c067df9d65c5a5cb991addbb4f567a7c5dbab408f87859d6227""}, {""name"": ""mixer_pruned_75"", ""views"": 10, ""temperature"": 1.0, ""weight"": 0.22749999999999998, ""sha256"": ""c0b7eafe5070b3985442bfdf729ab2955c7340a172dc5b817150cc02771d5f53""}, {""name"": ""focal_wide_swa"", ""views"": 1, ""temperature"": 1.25, ""weight"": 0.35}]"
3505302,3261201664,5667,6000,0.9445,0.16234734654426575,0.8548951048951049,0.815,0.8344709897610921,0.9443107408063586,"[2819, 2848]","[{""name"": ""accuracy_wide_clean_swa"", ""views"": 10, ""temperature"": 1.5, ""weight"": 0.1625, ""sha256"": ""0aa9d82bef91689cc3b4b76c97b385153e325887adf376d641f082358aabea0f""}, {""name"": ""accuracy_p2_clean_swa"", ""views"": 30, ""temperature"": 1.25, ""weight"": 0.1625, ""sha256"": ""31e66eb705618c067df9d65c5a5cb991addbb4f567a7c5dbab408f87859d6227""}, {""name"": ""mixer_pruned_75"", ""views"": 10, ""temperature"": 1.0, ""weight"": 0.175, ""sha256"": ""c0b7eafe5070b3985442bfdf729ab2955c7340a172dc5b817150cc02771d5f53""}, {""name"": ""focal_wide_swa"", ""views"": 1, ""temperature"": 1.25, ""weight"": 0.5}]"
1297746,77222784,5634,6000,0.939,0.2171371877193451,0.8429319371727748,0.805,0.8235294117647058,0.9388044720822706,"[2803, 2831]","[{""name"": ""focal_wide_swa"", ""views"": 1, ""temperature"": 1.25, ""weight"": 1.0}]"
3505302,3956206720,5707,6000,0.9511666666666667,0.152574360370636,0.8849557522123894,0.8333333333333334,0.8583690987124464,0.9509598497552412,"[2845, 2862]","[{""name"": ""accuracy_wide_clean_swa"", ""views"": 10, ""temperature"": 1.5, ""weight"": 0.29250000000000004, ""sha256"": ""0aa9d82bef91689cc3b4b76c97b385153e325887adf376d641f082358aabea0f""}, {""name"": ""accuracy_p2_clean_swa"", ""views"": 30, ""temperature"": 1.25, ""weight"": 0.29250000000000004, ""sha256"": ""31e66eb705618c067df9d65c5a5cb991addbb4f567a7c5dbab408f87859d6227""}, {""name"": ""mixer_pruned_75"", ""views"": 10, ""temperature"": 1.0, ""weight"": 0.315, ""sha256"": ""c0b7eafe5070b3985442bfdf729ab2955c7340a172dc5b817150cc02771d5f53""}, {""name"": ""focal_wide_swa"", ""views"": 10, ""temperature"": 1.0, ""weight"": 0.1}]"
3505302,3956206720,5702,6000,0.9503333333333334,0.1525113433599472,0.8831858407079646,0.8316666666666667,0.8566523605150215,0.9501268174267642,"[2840, 2862]","[{""name"": ""accuracy_wide_clean_swa"", ""views"": 10, ""temperature"": 1.5, ""weight"": 0.26, ""sha256"": ""0aa9d82bef91689cc3b4b76c97b385153e325887adf376d641f082358aabea0f""}, {""name"": ""accuracy_p2_clean_swa"", ""views"": 30, ""temperature"": 1.25, ""weight"": 0.26, ""sha256"": ""31e66eb705618c067df9d65c5a5cb991addbb4f567a7c5dbab408f87859d6227""}, {""name"": ""mixer_pruned_75"", ""views"": 10, ""temperature"": 1.0, ""weight"": 0.27999999999999997, ""sha256"": ""c0b7eafe5070b3985442bfdf729ab2955c7340a172dc5b817150cc02771d5f53""}, {""name"": ""focal_wide_swa"", ""views"": 10, ""temperature"": 1.0, ""weight"": 0.2}]"
3505302,3956206720,5699,6000,0.9498333333333333,0.1530429869890213,0.8800705467372134,0.8316666666666667,0.8551842330762639,0.9496340584706244,"[2837, 2862]","[{""name"": ""accuracy_wide_clean_swa"", ""views"": 10, ""temperature"": 1.5, ""weight"": 0.21125000000000002, ""sha256"": ""0aa9d82bef91689cc3b4b76c97b385153e325887adf376d641f082358aabea0f""}, {""name"": ""accuracy_p2_clean_swa"", ""views"": 30, ""temperature"": 1.25, ""weight"": 0.21125000000000002, ""sha256"": ""31e66eb705618c067df9d65c5a5cb991addbb4f567a7c5dbab408f87859d6227""}, {""name"": ""mixer_pruned_75"", ""views"": 10, ""temperature"": 1.0, ""weight"": 0.22749999999999998, ""sha256"": ""c0b7eafe5070b3985442bfdf729ab2955c7340a172dc5b817150cc02771d5f53""}, {""name"": ""focal_wide_swa"", ""views"": 10, ""temperature"": 1.0, ""weight"": 0.35}]"
3505302,3956206720,5692,6000,0.9486666666666667,0.15444065630435944,0.8761061946902655,0.825,0.8497854077253219,0.9484538511186524,"[2835, 2857]","[{""name"": ""accuracy_wide_clean_swa"", ""views"": 10, ""temperature"": 1.5, ""weight"": 0.1625, ""sha256"": ""0aa9d82bef91689cc3b4b76c97b385153e325887adf376d641f082358aabea0f""}, {""name"": ""accuracy_p2_clean_swa"", ""views"": 30, ""temperature"": 1.25, ""weight"": 0.1625, ""sha256"": ""31e66eb705618c067df9d65c5a5cb991addbb4f567a7c5dbab408f87859d6227""}, {""name"": ""mixer_pruned_75"", ""views"": 10, ""temperature"": 1.0, ""weight"": 0.175, ""sha256"": ""c0b7eafe5070b3985442bfdf729ab2955c7340a172dc5b817150cc02771d5f53""}, {""name"": ""focal_wide_swa"", ""views"": 10, ""temperature"": 1.0, ""weight"": 0.5}]"
1297746,772227840,5675,6000,0.9458333333333333,0.17575940489768982,0.8664323374340949,0.8216666666666667,0.8434559452523525,0.9456160027103605,"[2828, 2847]","[{""name"": ""focal_wide_swa"", ""views"": 10, ""temperature"": 1.0, ""weight"": 1.0}]"
3505302,4573988992,5704,6000,0.9506666666666667,0.15273137390613556,0.8816254416961131,0.8316666666666667,0.855917667238422,0.9504573345480842,"[2846, 2858]","[{""name"": ""accuracy_wide_clean_swa"", ""views"": 10, ""temperature"": 1.5, ""weight"": 0.29250000000000004, ""sha256"": ""0aa9d82bef91689cc3b4b76c97b385153e325887adf376d641f082358aabea0f""}, {""name"": ""accuracy_p2_clean_swa"", ""views"": 30, ""temperature"": 1.25, ""weight"": 0.29250000000000004, ""sha256"": ""31e66eb705618c067df9d65c5a5cb991addbb4f567a7c5dbab408f87859d6227""}, {""name"": ""mixer_pruned_75"", ""views"": 10, ""temperature"": 1.0, ""weight"": 0.315, ""sha256"": ""c0b7eafe5070b3985442bfdf729ab2955c7340a172dc5b817150cc02771d5f53""}, {""name"": ""focal_wide_swa"", ""views"": 18, ""temperature"": 1.0, ""weight"": 0.1}]"
3505302,4573988992,5698,6000,0.9496666666666667,0.1527942717075348,0.8783068783068783,0.83,0.8534704370179949,0.9494597339113323,"[2842, 2856]","[{""name"": ""accuracy_wide_clean_swa"", ""views"": 10, ""temperature"": 1.5, ""weight"": 0.26, ""sha256"": ""0aa9d82bef91689cc3b4b76c97b385153e325887adf376d641f082358aabea0f""}, {""name"": ""accuracy_p2_clean_swa"", ""views"": 30, ""temperature"": 1.25, ""weight"": 0.26, ""sha256"": ""31e66eb705618c067df9d65c5a5cb991addbb4f567a7c5dbab408f87859d6227""}, {""name"": ""mixer_pruned_75"", ""views"": 10, ""temperature"": 1.0, ""weight"": 0.27999999999999997, ""sha256"": ""c0b7eafe5070b3985442bfdf729ab2955c7340a172dc5b817150cc02771d5f53""}, {""name"": ""focal_wide_swa"", ""views"": 18, ""temperature"": 1.0, ""weight"": 0.2}]"
3505302,4573988992,5694,6000,0.949,0.15344272553920746,0.8771929824561403,0.8333333333333334,0.8547008547008547,0.948815644075205,"[2838, 2856]","[{""name"": ""accuracy_wide_clean_swa"", ""views"": 10, ""temperature"": 1.5, ""weight"": 0.21125000000000002, ""sha256"": ""0aa9d82bef91689cc3b4b76c97b385153e325887adf376d641f082358aabea0f""}, {""name"": ""accuracy_p2_clean_swa"", ""views"": 30, ""temperature"": 1.25, ""weight"": 0.21125000000000002, ""sha256"": ""31e66eb705618c067df9d65c5a5cb991addbb4f567a7c5dbab408f87859d6227""}, {""name"": ""mixer_pruned_75"", ""views"": 10, ""temperature"": 1.0, ""weight"": 0.22749999999999998, ""sha256"": ""c0b7eafe5070b3985442bfdf729ab2955c7340a172dc5b817150cc02771d5f53""}, {""name"": ""focal_wide_swa"", ""views"": 18, ""temperature"": 1.0, ""weight"": 0.35}]"
3505302,4573988992,5695,6000,0.9491666666666667,0.15484276413917542,0.8833922261484098,0.8333333333333334,0.8576329331046312,0.9489891495162885,"[2838, 2857]","[{""name"": ""accuracy_wide_clean_swa"", ""views"": 10, ""temperature"": 1.5, ""weight"": 0.1625, ""sha256"": ""0aa9d82bef91689cc3b4b76c97b385153e325887adf376d641f082358aabea0f""}, {""name"": ""accuracy_p2_clean_swa"", ""views"": 30, ""temperature"": 1.25, ""weight"": 0.1625, ""sha256"": ""31e66eb705618c067df9d65c5a5cb991addbb4f567a7c5dbab408f87859d6227""}, {""name"": ""mixer_pruned_75"", ""views"": 10, ""temperature"": 1.0, ""weight"": 0.175, ""sha256"": ""c0b7eafe5070b3985442bfdf729ab2955c7340a172dc5b817150cc02771d5f53""}, {""name"": ""focal_wide_swa"", ""views"": 18, ""temperature"": 1.0, ""weight"": 0.5}]"
1297746,1390010112,5673,6000,0.9455,0.17226924002170563,0.8705673758865248,0.8183333333333334,0.8436426116838488,0.9452843674347566,"[2823, 2850]","[{""name"": ""focal_wide_swa"", ""views"": 18, ""temperature"": 1.0, ""weight"": 1.0}]"
3505302,5500662400,5713,6000,0.9521666666666667,0.1526486575603485,0.8840070298769771,0.8383333333333334,0.8605645851154833,0.9519833849072562,"[2851, 2862]","[{""name"": ""accuracy_wide_clean_swa"", ""views"": 10, ""temperature"": 1.5, ""weight"": 0.29250000000000004, ""sha256"": ""0aa9d82bef91689cc3b4b76c97b385153e325887adf376d641f082358aabea0f""}, {""name"": ""accuracy_p2_clean_swa"", ""views"": 30, ""temperature"": 1.25, ""weight"": 0.29250000000000004, ""sha256"": ""31e66eb705618c067df9d65c5a5cb991addbb4f567a7c5dbab408f87859d6227""}, {""name"": ""mixer_pruned_75"", ""views"": 10, ""temperature"": 1.0, ""weight"": 0.315, ""sha256"": ""c0b7eafe5070b3985442bfdf729ab2955c7340a172dc5b817150cc02771d5f53""}, {""name"": ""focal_wide_swa"", ""views"": 30, ""temperature"": 1.0, ""weight"": 0.1}]"
3505302,5500662400,5706,6000,0.951,0.15271973609924316,0.8820422535211268,0.835,0.8578767123287672,0.9508084642000114,"[2846, 2860]","[{""name"": ""accuracy_wide_clean_swa"", ""views"": 10, ""temperature"": 1.5, ""weight"": 0.26, ""sha256"": ""0aa9d82bef91689cc3b4b76c97b385153e325887adf376d641f082358aabea0f""}, {""name"": ""accuracy_p2_clean_swa"", ""views"": 30, ""temperature"": 1.25, ""weight"": 0.26, ""sha256"": ""31e66eb705618c067df9d65c5a5cb991addbb4f567a7c5dbab408f87859d6227""}, {""name"": ""mixer_pruned_75"", ""views"": 10, ""temperature"": 1.0, ""weight"": 0.27999999999999997, ""sha256"": ""c0b7eafe5070b3985442bfdf729ab2955c7340a172dc5b817150cc02771d5f53""}, {""name"": ""focal_wide_swa"", ""views"": 30, ""temperature"": 1.0, ""weight"": 0.2}]"
3505302,5500662400,5700,6000,0.95,0.1534624844789505,0.8771929824561403,0.8333333333333334,0.8547008547008547,0.9498228614025104,"[2839, 2861]","[{""name"": ""accuracy_wide_clean_swa"", ""views"": 10, ""temperature"": 1.5, ""weight"": 0.21125000000000002, ""sha256"": ""0aa9d82bef91689cc3b4b76c97b385153e325887adf376d641f082358aabea0f""}, {""name"": ""accuracy_p2_clean_swa"", ""views"": 30, ""temperature"": 1.25, ""weight"": 0.21125000000000002, ""sha256"": ""31e66eb705618c067df9d65c5a5cb991addbb4f567a7c5dbab408f87859d6227""}, {""name"": ""mixer_pruned_75"", ""views"": 10, ""temperature"": 1.0, ""weight"": 0.22749999999999998, ""sha256"": ""c0b7eafe5070b3985442bfdf729ab2955c7340a172dc5b817150cc02771d5f53""}, {""name"": ""focal_wide_swa"", ""views"": 30, ""temperature"": 1.0, ""weight"": 0.35}]"
3505302,5500662400,5698,6000,0.9496666666666667,0.15500923991203308,0.872822299651568,0.835,0.8534923339011925,0.9495136158771038,"[2837, 2861]","[{""name"": ""accuracy_wide_clean_swa"", ""views"": 10, ""temperature"": 1.5, ""weight"": 0.1625, ""sha256"": ""0aa9d82bef91689cc3b4b76c97b385153e325887adf376d641f082358aabea0f""}, {""name"": ""accuracy_p2_clean_swa"", ""views"": 30, ""temperature"": 1.25, ""weight"": 0.1625, ""sha256"": ""31e66eb705618c067df9d65c5a5cb991addbb4f567a7c5dbab408f87859d6227""}, {""name"": ""mixer_pruned_75"", ""views"": 10, ""temperature"": 1.0, ""weight"": 0.175, ""sha256"": ""c0b7eafe5070b3985442bfdf729ab2955c7340a172dc5b817150cc02771d5f53""}, {""name"": ""focal_wide_swa"", ""views"": 30, ""temperature"": 1.0, ""weight"": 0.5}]"
1297746,2316683520,5667,6000,0.9445,0.1733720898628235,0.8556521739130435,0.82,0.8374468085106384,0.9443385164855893,"[2822, 2845]","[{""name"": ""focal_wide_swa"", ""views"": 30, ""temperature"": 1.0, ""weight"": 1.0}]"
2737414,3256308544,5700,6000,0.95,0.15318892896175385,0.8767605633802817,0.83,0.8527397260273972,0.9498070324900153,"[2847, 2853]","[{""name"": ""accuracy_wide_clean_swa"", ""views"": 10, ""temperature"": 1.5, ""weight"": 0.29250000000000004, ""sha256"": ""0aa9d82bef91689cc3b4b76c97b385153e325887adf376d641f082358aabea0f""}, {""name"": ""accuracy_p2_clean_swa"", ""views"": 30, ""temperature"": 1.25, ""weight"": 0.29250000000000004, ""sha256"": ""31e66eb705618c067df9d65c5a5cb991addbb4f567a7c5dbab408f87859d6227""}, {""name"": ""mixer_pruned_75"", ""views"": 10, ""temperature"": 1.0, ""weight"": 0.315, ""sha256"": ""c0b7eafe5070b3985442bfdf729ab2955c7340a172dc5b817150cc02771d5f53""}, {""name"": ""focal_p2"", ""views"": 1, ""temperature"": 1.0, ""weight"": 0.1}]"
2737414,3256308544,5700,6000,0.95,0.1541697382926941,0.8747826086956522,0.8383333333333334,0.8561702127659574,0.9498695732525876,"[2847, 2853]","[{""name"": ""accuracy_wide_clean_swa"", ""views"": 10, ""temperature"": 1.5, ""weight"": 0.26, ""sha256"": ""0aa9d82bef91689cc3b4b76c97b385153e325887adf376d641f082358aabea0f""}, {""name"": ""accuracy_p2_clean_swa"", ""views"": 30, ""temperature"": 1.25, ""weight"": 0.26, ""sha256"": ""31e66eb705618c067df9d65c5a5cb991addbb4f567a7c5dbab408f87859d6227""}, {""name"": ""mixer_pruned_75"", ""views"": 10, ""temperature"": 1.0, ""weight"": 0.27999999999999997, ""sha256"": ""c0b7eafe5070b3985442bfdf729ab2955c7340a172dc5b817150cc02771d5f53""}, {""name"": ""focal_p2"", ""views"": 1, ""temperature"": 1.0, ""weight"": 0.2}]"
2737414,3256308544,5684,6000,0.9473333333333334,0.15695305168628693,0.872791519434629,0.8233333333333334,0.8473413379073756,0.9471207891809253,"[2838, 2846]","[{""name"": ""accuracy_wide_clean_swa"", ""views"": 10, ""temperature"": 1.5, ""weight"": 0.21125000000000002, ""sha256"": ""0aa9d82bef91689cc3b4b76c97b385153e325887adf376d641f082358aabea0f""}, {""name"": ""accuracy_p2_clean_swa"", ""views"": 30, ""temperature"": 1.25, ""weight"": 0.21125000000000002, ""sha256"": ""31e66eb705618c067df9d65c5a5cb991addbb4f567a7c5dbab408f87859d6227""}, {""name"": ""mixer_pruned_75"", ""views"": 10, ""temperature"": 1.0, ""weight"": 0.22749999999999998, ""sha256"": ""c0b7eafe5070b3985442bfdf729ab2955c7340a172dc5b817150cc02771d5f53""}, {""name"": ""focal_p2"", ""views"": 1, ""temperature"": 1.0, ""weight"": 0.35}]"
2737414,3256308544,5658,6000,0.943,0.16148699820041656,0.8524305555555556,0.8183333333333334,0.8350340136054422,0.9428426160129915,"[2824, 2834]","[{""name"": ""accuracy_wide_clean_swa"", ""views"": 10, ""temperature"": 1.5, ""weight"": 0.1625, ""sha256"": ""0aa9d82bef91689cc3b4b76c97b385153e325887adf376d641f082358aabea0f""}, {""name"": ""accuracy_p2_clean_swa"", ""views"": 30, ""temperature"": 1.25, ""weight"": 0.1625, ""sha256"": ""31e66eb705618c067df9d65c5a5cb991addbb4f567a7c5dbab408f87859d6227""}, {""name"": ""mixer_pruned_75"", ""views"": 10, ""temperature"": 1.0, ""weight"": 0.175, ""sha256"": ""c0b7eafe5070b3985442bfdf729ab2955c7340a172dc5b817150cc02771d5f53""}, {""name"": ""focal_p2"", ""views"": 1, ""temperature"": 1.0, ""weight"": 0.5}]"
529858,72329664,5629,6000,0.9381666666666667,0.2178139090538025,0.8440207972270364,0.8116666666666666,0.8275276125743416,0.9380186435259606,"[2810, 2819]","[{""name"": ""focal_p2"", ""views"": 1, ""temperature"": 1.0, ""weight"": 1.0}]"
2737414,3907275520,5704,6000,0.9506666666666667,0.1531810760498047,0.8820422535211268,0.835,0.8578767123287672,0.9504773692314498,"[2850, 2854]","[{""name"": ""accuracy_wide_clean_swa"", ""views"": 10, ""temperature"": 1.5, ""weight"": 0.29250000000000004, ""sha256"": ""0aa9d82bef91689cc3b4b76c97b385153e325887adf376d641f082358aabea0f""}, {""name"": ""accuracy_p2_clean_swa"", ""views"": 30, ""temperature"": 1.25, ""weight"": 0.29250000000000004, ""sha256"": ""31e66eb705618c067df9d65c5a5cb991addbb4f567a7c5dbab408f87859d6227""}, {""name"": ""mixer_pruned_75"", ""views"": 10, ""temperature"": 1.0, ""weight"": 0.315, ""sha256"": ""c0b7eafe5070b3985442bfdf729ab2955c7340a172dc5b817150cc02771d5f53""}, {""name"": ""focal_p2"", ""views"": 10, ""temperature"": 1.0, ""weight"": 0.1}]"
2737414,3907275520,5698,6000,0.9496666666666667,0.15387797355651855,0.8776223776223776,0.8366666666666667,0.856655290102389,0.9495090562122748,"[2846, 2852]","[{""name"": ""accuracy_wide_clean_swa"", ""views"": 10, ""temperature"": 1.5, ""weight"": 0.26, ""sha256"": ""0aa9d82bef91689cc3b4b76c97b385153e325887adf376d641f082358aabea0f""}, {""name"": ""accuracy_p2_clean_swa"", ""views"": 30, ""temperature"": 1.25, ""weight"": 0.26, ""sha256"": ""31e66eb705618c067df9d65c5a5cb991addbb4f567a7c5dbab408f87859d6227""}, {""name"": ""mixer_pruned_75"", ""views"": 10, ""temperature"": 1.0, ""weight"": 0.27999999999999997, ""sha256"": ""c0b7eafe5070b3985442bfdf729ab2955c7340a172dc5b817150cc02771d5f53""}, {""name"": ""focal_p2"", ""views"": 10, ""temperature"": 1.0, ""weight"": 0.2}]"
2737414,3907275520,5691,6000,0.9485,0.15570291876792908,0.8758741258741258,0.835,0.8549488054607508,0.9483441936776338,"[2842, 2849]","[{""name"": ""accuracy_wide_clean_swa"", ""views"": 10, ""temperature"": 1.5, ""weight"": 0.21125000000000002, ""sha256"": ""0aa9d82bef91689cc3b4b76c97b385153e325887adf376d641f082358aabea0f""}, {""name"": ""accuracy_p2_clean_swa"", ""views"": 30, ""temperature"": 1.25, ""weight"": 0.21125000000000002, ""sha256"": ""31e66eb705618c067df9d65c5a5cb991addbb4f567a7c5dbab408f87859d6227""}, {""name"": ""mixer_pruned_75"", ""views"": 10, ""temperature"": 1.0, ""weight"": 0.22749999999999998, ""sha256"": ""c0b7eafe5070b3985442bfdf729ab2955c7340a172dc5b817150cc02771d5f53""}, {""name"": ""focal_p2"", ""views"": 10, ""temperature"": 1.0, ""weight"": 0.35}]"
2737414,3907275520,5683,6000,0.9471666666666667,0.15849100053310394,0.8719298245614036,0.8283333333333334,0.8495726495726496,0.9469935584983492,"[2835, 2848]","[{""name"": ""accuracy_wide_clean_swa"", ""views"": 10, ""temperature"": 1.5, ""weight"": 0.1625, ""sha256"": ""0aa9d82bef91689cc3b4b76c97b385153e325887adf376d641f082358aabea0f""}, {""name"": ""accuracy_p2_clean_swa"", ""views"": 30, ""temperature"": 1.25, ""weight"": 0.1625, ""sha256"": ""31e66eb705618c067df9d65c5a5cb991addbb4f567a7c5dbab408f87859d6227""}, {""name"": ""mixer_pruned_75"", ""views"": 10, ""temperature"": 1.0, ""weight"": 0.175, ""sha256"": ""c0b7eafe5070b3985442bfdf729ab2955c7340a172dc5b817150cc02771d5f53""}, {""name"": ""focal_p2"", ""views"": 10, ""temperature"": 1.0, ""weight"": 0.5}]"
529858,723296640,5653,6000,0.9421666666666667,0.18378515541553497,0.8502581755593803,0.8233333333333334,0.8365791701947503,0.9420674499537782,"[2822, 2831]","[{""name"": ""focal_p2"", ""views"": 10, ""temperature"": 1.0, ""weight"": 1.0}]"
2737414,4485912832,5703,6000,0.9505,0.15317007899284363,0.8802816901408451,0.8333333333333334,0.8561643835616438,0.9503064626429681,"[2846, 2857]","[{""name"": ""accuracy_wide_clean_swa"", ""views"": 10, ""temperature"": 1.5, ""weight"": 0.29250000000000004, ""sha256"": ""0aa9d82bef91689cc3b4b76c97b385153e325887adf376d641f082358aabea0f""}, {""name"": ""accuracy_p2_clean_swa"", ""views"": 30, ""temperature"": 1.25, ""weight"": 0.29250000000000004, ""sha256"": ""31e66eb705618c067df9d65c5a5cb991addbb4f567a7c5dbab408f87859d6227""}, {""name"": ""mixer_pruned_75"", ""views"": 10, ""temperature"": 1.0, ""weight"": 0.315, ""sha256"": ""c0b7eafe5070b3985442bfdf729ab2955c7340a172dc5b817150cc02771d5f53""}, {""name"": ""focal_p2"", ""views"": 18, ""temperature"": 1.0, ""weight"": 0.1}]"
2737414,4485912832,5697,6000,0.9495,0.15387913584709167,0.8818342151675485,0.8333333333333334,0.856898029134533,0.949303459835329,"[2843, 2854]","[{""name"": ""accuracy_wide_clean_swa"", ""views"": 10, ""temperature"": 1.5, ""weight"": 0.26, ""sha256"": ""0aa9d82bef91689cc3b4b76c97b385153e325887adf376d641f082358aabea0f""}, {""name"": ""accuracy_p2_clean_swa"", ""views"": 30, ""temperature"": 1.25, ""weight"": 0.26, ""sha256"": ""31e66eb705618c067df9d65c5a5cb991addbb4f567a7c5dbab408f87859d6227""}, {""name"": ""mixer_pruned_75"", ""views"": 10, ""temperature"": 1.0, ""weight"": 0.27999999999999997, ""sha256"": ""c0b7eafe5070b3985442bfdf729ab2955c7340a172dc5b817150cc02771d5f53""}, {""name"": ""focal_p2"", ""views"": 18, ""temperature"": 1.0, ""weight"": 0.2}]"
2737414,4485912832,5691,6000,0.9485,0.1557316929101944,0.8798586572438163,0.83,0.8542024013722127,0.9483104723818677,"[2838, 2853]","[{""name"": ""accuracy_wide_clean_swa"", ""views"": 10, ""temperature"": 1.5, ""weight"": 0.21125000000000002, ""sha256"": ""0aa9d82bef91689cc3b4b76c97b385153e325887adf376d641f082358aabea0f""}, {""name"": ""accuracy_p2_clean_swa"", ""views"": 30, ""temperature"": 1.25, ""weight"": 0.21125000000000002, ""sha256"": ""31e66eb705618c067df9d65c5a5cb991addbb4f567a7c5dbab408f87859d6227""}, {""name"": ""mixer_pruned_75"", ""views"": 10, ""temperature"": 1.0, ""weight"": 0.22749999999999998, ""sha256"": ""c0b7eafe5070b3985442bfdf729ab2955c7340a172dc5b817150cc02771d5f53""}, {""name"": ""focal_p2"", ""views"": 18, ""temperature"": 1.0, ""weight"": 0.35}]"
2737414,4485912832,5682,6000,0.947,0.15852537751197815,0.8747795414462081,0.8266666666666667,0.8500428449014568,0.9468354525872952,"[2831, 2851]","[{""name"": ""accuracy_wide_clean_swa"", ""views"": 10, ""temperature"": 1.5, ""weight"": 0.1625, ""sha256"": ""0aa9d82bef91689cc3b4b76c97b385153e325887adf376d641f082358aabea0f""}, {""name"": ""accuracy_p2_clean_swa"", ""views"": 30, ""temperature"": 1.25, ""weight"": 0.1625, ""sha256"": ""31e66eb705618c067df9d65c5a5cb991addbb4f567a7c5dbab408f87859d6227""}, {""name"": ""mixer_pruned_75"", ""views"": 10, ""temperature"": 1.0, ""weight"": 0.175, ""sha256"": ""c0b7eafe5070b3985442bfdf729ab2955c7340a172dc5b817150cc02771d5f53""}, {""name"": ""focal_p2"", ""views"": 18, ""temperature"": 1.0, ""weight"": 0.5}]"
529858,1301933952,5654,6000,0.9423333333333334,0.18186943233013153,0.8554006968641115,0.8183333333333334,0.8364565587734242,0.9422216688923438,"[2819, 2835]","[{""name"": ""focal_p2"", ""views"": 18, ""temperature"": 1.0, ""weight"": 1.0}]"
2737414,5353868800,5706,6000,0.951,0.1536698192358017,0.8816254416961131,0.8316666666666667,0.855917667238422,0.9507913022837636,"[2849, 2857]","[{""name"": ""accuracy_wide_clean_swa"", ""views"": 10, ""temperature"": 1.5, ""weight"": 0.29250000000000004, ""sha256"": ""0aa9d82bef91689cc3b4b76c97b385153e325887adf376d641f082358aabea0f""}, {""name"": ""accuracy_p2_clean_swa"", ""views"": 30, ""temperature"": 1.25, ""weight"": 0.29250000000000004, ""sha256"": ""31e66eb705618c067df9d65c5a5cb991addbb4f567a7c5dbab408f87859d6227""}, {""name"": ""mixer_pruned_75"", ""views"": 10, ""temperature"": 1.0, ""weight"": 0.315, ""sha256"": ""c0b7eafe5070b3985442bfdf729ab2955c7340a172dc5b817150cc02771d5f53""}, {""name"": ""focal_p2"", ""views"": 30, ""temperature"": 1.0, ""weight"": 0.1}]"
2737414,5353868800,5701,6000,0.9501666666666667,0.15476484596729279,0.8785211267605634,0.8316666666666667,0.8544520547945206,0.9499600303879246,"[2847, 2854]","[{""name"": ""accuracy_wide_clean_swa"", ""views"": 10, ""temperature"": 1.5, ""weight"": 0.26, ""sha256"": ""0aa9d82bef91689cc3b4b76c97b385153e325887adf376d641f082358aabea0f""}, {""name"": ""accuracy_p2_clean_swa"", ""views"": 30, ""temperature"": 1.25, ""weight"": 0.26, ""sha256"": ""31e66eb705618c067df9d65c5a5cb991addbb4f567a7c5dbab408f87859d6227""}, {""name"": ""mixer_pruned_75"", ""views"": 10, ""temperature"": 1.0, ""weight"": 0.27999999999999997, ""sha256"": ""c0b7eafe5070b3985442bfdf729ab2955c7340a172dc5b817150cc02771d5f53""}, {""name"": ""focal_p2"", ""views"": 30, ""temperature"": 1.0, ""weight"": 0.2}]"
2737414,5353868800,5689,6000,0.9481666666666667,0.15708142518997192,0.8756660746003553,0.8216666666666667,0.8478073946689596,0.9479371412341852,"[2838, 2851]","[{""name"": ""accuracy_wide_clean_swa"", ""views"": 10, ""temperature"": 1.5, ""weight"": 0.21125000000000002, ""sha256"": ""0aa9d82bef91689cc3b4b76c97b385153e325887adf376d641f082358aabea0f""}, {""name"": ""accuracy_p2_clean_swa"", ""views"": 30, ""temperature"": 1.25, ""weight"": 0.21125000000000002, ""sha256"": ""31e66eb705618c067df9d65c5a5cb991addbb4f567a7c5dbab408f87859d6227""}, {""name"": ""mixer_pruned_75"", ""views"": 10, ""temperature"": 1.0, ""weight"": 0.22749999999999998, ""sha256"": ""c0b7eafe5070b3985442bfdf729ab2955c7340a172dc5b817150cc02771d5f53""}, {""name"": ""focal_p2"", ""views"": 30, ""temperature"": 1.0, ""weight"": 0.35}]"
2737414,5353868800,5677,6000,0.9461666666666667,0.1602480709552765,0.8718861209964412,0.8166666666666667,0.8433734939759037,0.9459380313411107,"[2830, 2847]","[{""name"": ""accuracy_wide_clean_swa"", ""views"": 10, ""temperature"": 1.5, ""weight"": 0.1625, ""sha256"": ""0aa9d82bef91689cc3b4b76c97b385153e325887adf376d641f082358aabea0f""}, {""name"": ""accuracy_p2_clean_swa"", ""views"": 30, ""temperature"": 1.25, ""weight"": 0.1625, ""sha256"": ""31e66eb705618c067df9d65c5a5cb991addbb4f567a7c5dbab408f87859d6227""}, {""name"": ""mixer_pruned_75"", ""views"": 10, ""temperature"": 1.0, ""weight"": 0.175, ""sha256"": ""c0b7eafe5070b3985442bfdf729ab2955c7340a172dc5b817150cc02771d5f53""}, {""name"": ""focal_p2"", ""views"": 30, ""temperature"": 1.0, ""weight"": 0.5}]"
529858,2169889920,5661,6000,0.9435,0.18331652879714966,0.8795620437956204,0.8033333333333333,0.8397212543554007,0.9431972880419804,"[2822, 2839]","[{""name"": ""focal_p2"", ""views"": 30, ""temperature"": 1.0, ""weight"": 1.0}]"
2737414,3256308544,5700,6000,0.95,0.15321114659309387,0.8783068783068783,0.83,0.8534704370179949,0.9498051681359672,"[2849, 2851]","[{""name"": ""accuracy_wide_clean_swa"", ""views"": 10, ""temperature"": 1.5, ""weight"": 0.29250000000000004, ""sha256"": ""0aa9d82bef91689cc3b4b76c97b385153e325887adf376d641f082358aabea0f""}, {""name"": ""accuracy_p2_clean_swa"", ""views"": 30, ""temperature"": 1.25, ""weight"": 0.29250000000000004, ""sha256"": ""31e66eb705618c067df9d65c5a5cb991addbb4f567a7c5dbab408f87859d6227""}, {""name"": ""mixer_pruned_75"", ""views"": 10, ""temperature"": 1.0, ""weight"": 0.315, ""sha256"": ""c0b7eafe5070b3985442bfdf729ab2955c7340a172dc5b817150cc02771d5f53""}, {""name"": ""focal_p2_ema"", ""views"": 1, ""temperature"": 1.0, ""weight"": 0.1}]"
2737414,3256308544,5696,6000,0.9493333333333334,0.15421162545681,0.8732638888888888,0.8383333333333334,0.8554421768707483,0.9492100069936852,"[2846, 2850]","[{""name"": ""accuracy_wide_clean_swa"", ""views"": 10, ""temperature"": 1.5, ""weight"": 0.26, ""sha256"": ""0aa9d82bef91689cc3b4b76c97b385153e325887adf376d641f082358aabea0f""}, {""name"": ""accuracy_p2_clean_swa"", ""views"": 30, ""temperature"": 1.25, ""weight"": 0.26, ""sha256"": ""31e66eb705618c067df9d65c5a5cb991addbb4f567a7c5dbab408f87859d6227""}, {""name"": ""mixer_pruned_75"", ""views"": 10, ""temperature"": 1.0, ""weight"": 0.27999999999999997, ""sha256"": ""c0b7eafe5070b3985442bfdf729ab2955c7340a172dc5b817150cc02771d5f53""}, {""name"": ""focal_p2_ema"", ""views"": 1, ""temperature"": 1.0, ""weight"": 0.2}]"
2737414,3256308544,5681,6000,0.9468333333333333,0.15703296661376953,0.8669001751313485,0.825,0.8454312553373186,0.9466562574495383,"[2835, 2846]","[{""name"": ""accuracy_wide_clean_swa"", ""views"": 10, ""temperature"": 1.5, ""weight"": 0.21125000000000002, ""sha256"": ""0aa9d82bef91689cc3b4b76c97b385153e325887adf376d641f082358aabea0f""}, {""name"": ""accuracy_p2_clean_swa"", ""views"": 30, ""temperature"": 1.25, ""weight"": 0.21125000000000002, ""sha256"": ""31e66eb705618c067df9d65c5a5cb991addbb4f567a7c5dbab408f87859d6227""}, {""name"": ""mixer_pruned_75"", ""views"": 10, ""temperature"": 1.0, ""weight"": 0.22749999999999998, ""sha256"": ""c0b7eafe5070b3985442bfdf729ab2955c7340a172dc5b817150cc02771d5f53""}, {""name"": ""focal_p2_ema"", ""views"": 1, ""temperature"": 1.0, ""weight"": 0.35}]"
2737414,3256308544,5656,6000,0.9426666666666667,0.1616397500038147,0.8517241379310345,0.8233333333333334,0.8372881355932204,0.9425549450963666,"[2822, 2834]","[{""name"": ""accuracy_wide_clean_swa"", ""views"": 10, ""temperature"": 1.5, ""weight"": 0.1625, ""sha256"": ""0aa9d82bef91689cc3b4b76c97b385153e325887adf376d641f082358aabea0f""}, {""name"": ""accuracy_p2_clean_swa"", ""views"": 30, ""temperature"": 1.25, ""weight"": 0.1625, ""sha256"": ""31e66eb705618c067df9d65c5a5cb991addbb4f567a7c5dbab408f87859d6227""}, {""name"": ""mixer_pruned_75"", ""views"": 10, ""temperature"": 1.0, ""weight"": 0.175, ""sha256"": ""c0b7eafe5070b3985442bfdf729ab2955c7340a172dc5b817150cc02771d5f53""}, {""name"": ""focal_p2_ema"", ""views"": 1, ""temperature"": 1.0, ""weight"": 0.5}]"
529858,72329664,5627,6000,0.9378333333333333,0.22052721679210663,0.8378839590443686,0.8183333333333334,0.8279932546374368,0.9377788784635754,"[2807, 2820]","[{""name"": ""focal_p2_ema"", ""views"": 1, ""temperature"": 1.0, ""weight"": 1.0}]"
2737414,3907275520,5706,6000,0.951,0.15318796038627625,0.8822495606326889,0.8366666666666667,0.8588537211291702,0.9508154234916191,"[2850, 2856]","[{""name"": ""accuracy_wide_clean_swa"", ""views"": 10, ""temperature"": 1.5, ""weight"": 0.29250000000000004, ""sha256"": ""0aa9d82bef91689cc3b4b76c97b385153e325887adf376d641f082358aabea0f""}, {""name"": ""accuracy_p2_clean_swa"", ""views"": 30, ""temperature"": 1.25, ""weight"": 0.29250000000000004, ""sha256"": ""31e66eb705618c067df9d65c5a5cb991addbb4f567a7c5dbab408f87859d6227""}, {""name"": ""mixer_pruned_75"", ""views"": 10, ""temperature"": 1.0, ""weight"": 0.315, ""sha256"": ""c0b7eafe5070b3985442bfdf729ab2955c7340a172dc5b817150cc02771d5f53""}, {""name"": ""focal_p2_ema"", ""views"": 10, ""temperature"": 1.0, ""weight"": 0.1}]"
2737414,3907275520,5700,6000,0.95,0.1538517326116562,0.8822495606326889,0.8366666666666667,0.8588537211291702,0.9498307472011568,"[2847, 2853]","[{""name"": ""accuracy_wide_clean_swa"", ""views"": 10, ""temperature"": 1.5, ""weight"": 0.26, ""sha256"": ""0aa9d82bef91689cc3b4b76c97b385153e325887adf376d641f082358aabea0f""}, {""name"": ""accuracy_p2_clean_swa"", ""views"": 30, ""temperature"": 1.25, ""weight"": 0.26, ""sha256"": ""31e66eb705618c067df9d65c5a5cb991addbb4f567a7c5dbab408f87859d6227""}, {""name"": ""mixer_pruned_75"", ""views"": 10, ""temperature"": 1.0, ""weight"": 0.27999999999999997, ""sha256"": ""c0b7eafe5070b3985442bfdf729ab2955c7340a172dc5b817150cc02771d5f53""}, {""name"": ""focal_p2_ema"", ""views"": 10, ""temperature"": 1.0, ""weight"": 0.2}]"
2737414,3907275520,5693,6000,0.9488333333333333,0.15559783577919006,0.8774080560420315,0.835,0.8556789069171649,0.9486691263499434,"[2845, 2848]","[{""name"": ""accuracy_wide_clean_swa"", ""views"": 10, ""temperature"": 1.5, ""weight"": 0.21125000000000002, ""sha256"": ""0aa9d82bef91689cc3b4b76c97b385153e325887adf376d641f082358aabea0f""}, {""name"": ""accuracy_p2_clean_swa"", ""views"": 30, ""temperature"": 1.25, ""weight"": 0.21125000000000002, ""sha256"": ""31e66eb705618c067df9d65c5a5cb991addbb4f567a7c5dbab408f87859d6227""}, {""name"": ""mixer_pruned_75"", ""views"": 10, ""temperature"": 1.0, ""weight"": 0.22749999999999998, ""sha256"": ""c0b7eafe5070b3985442bfdf729ab2955c7340a172dc5b817150cc02771d5f53""}, {""name"": ""focal_p2_ema"", ""views"": 10, ""temperature"": 1.0, ""weight"": 0.35}]"
2737414,3907275520,5680,6000,0.9466666666666667,0.1582959145307541,0.8719298245614036,0.8283333333333334,0.8495726495726496,0.9464947768347128,"[2835, 2845]","[{""name"": ""accuracy_wide_clean_swa"", ""views"": 10, ""temperature"": 1.5, ""weight"": 0.1625, ""sha256"": ""0aa9d82bef91689cc3b4b76c97b385153e325887adf376d641f082358aabea0f""}, {""name"": ""accuracy_p2_clean_swa"", ""views"": 30, ""temperature"": 1.25, ""weight"": 0.1625, ""sha256"": ""31e66eb705618c067df9d65c5a5cb991addbb4f567a7c5dbab408f87859d6227""}, {""name"": ""mixer_pruned_75"", ""views"": 10, ""temperature"": 1.0, ""weight"": 0.175, ""sha256"": ""c0b7eafe5070b3985442bfdf729ab2955c7340a172dc5b817150cc02771d5f53""}, {""name"": ""focal_p2_ema"", ""views"": 10, ""temperature"": 1.0, ""weight"": 0.5}]"
529858,723296640,5651,6000,0.9418333333333333,0.18350008130073547,0.8502581755593803,0.8233333333333334,0.8365791701947503,0.9417362213508602,"[2818, 2833]","[{""name"": ""focal_p2_ema"", ""views"": 10, ""temperature"": 1.0, ""weight"": 1.0}]"
2737414,4485912832,5703,6000,0.9505,0.15317584574222565,0.8787346221441125,0.8333333333333334,0.8554319931565441,0.9503124669842066,"[2847, 2856]","[{""name"": ""accuracy_wide_clean_swa"", ""views"": 10, ""temperature"": 1.5, ""weight"": 0.29250000000000004, ""sha256"": ""0aa9d82bef91689cc3b4b76c97b385153e325887adf376d641f082358aabea0f""}, {""name"": ""accuracy_p2_clean_swa"", ""views"": 30, ""temperature"": 1.25, ""weight"": 0.29250000000000004, ""sha256"": ""31e66eb705618c067df9d65c5a5cb991addbb4f567a7c5dbab408f87859d6227""}, {""name"": ""mixer_pruned_75"", ""views"": 10, ""temperature"": 1.0, ""weight"": 0.315, ""sha256"": ""c0b7eafe5070b3985442bfdf729ab2955c7340a172dc5b817150cc02771d5f53""}, {""name"": ""focal_p2_ema"", ""views"": 18, ""temperature"": 1.0, ""weight"": 0.1}]"
2737414,4485912832,5694,6000,0.949,0.15384535491466522,0.8756567425569177,0.8333333333333334,0.8539709649871904,0.9488261693828057,"[2843, 2851]","[{""name"": ""accuracy_wide_clean_swa"", ""views"": 10, ""temperature"": 1.5, ""weight"": 0.26, ""sha256"": ""0aa9d82bef91689cc3b4b76c97b385153e325887adf376d641f082358aabea0f""}, {""name"": ""accuracy_p2_clean_swa"", ""views"": 30, ""temperature"": 1.25, ""weight"": 0.26, ""sha256"": ""31e66eb705618c067df9d65c5a5cb991addbb4f567a7c5dbab408f87859d6227""}, {""name"": ""mixer_pruned_75"", ""views"": 10, ""temperature"": 1.0, ""weight"": 0.27999999999999997, ""sha256"": ""c0b7eafe5070b3985442bfdf729ab2955c7340a172dc5b817150cc02771d5f53""}, {""name"": ""focal_p2_ema"", ""views"": 18, ""temperature"": 1.0, ""weight"": 0.2}]"
2737414,4485912832,5691,6000,0.9485,0.15560302138328552,0.8816254416961131,0.8316666666666667,0.855917667238422,0.948325159593143,"[2839, 2852]","[{""name"": ""accuracy_wide_clean_swa"", ""views"": 10, ""temperature"": 1.5, ""weight"": 0.21125000000000002, ""sha256"": ""0aa9d82bef91689cc3b4b76c97b385153e325887adf376d641f082358aabea0f""}, {""name"": ""accuracy_p2_clean_swa"", ""views"": 30, ""temperature"": 1.25, ""weight"": 0.21125000000000002, ""sha256"": ""31e66eb705618c067df9d65c5a5cb991addbb4f567a7c5dbab408f87859d6227""}, {""name"": ""mixer_pruned_75"", ""views"": 10, ""temperature"": 1.0, ""weight"": 0.22749999999999998, ""sha256"": ""c0b7eafe5070b3985442bfdf729ab2955c7340a172dc5b817150cc02771d5f53""}, {""name"": ""focal_p2_ema"", ""views"": 18, ""temperature"": 1.0, ""weight"": 0.35}]"
2737414,4485912832,5682,6000,0.947,0.15828321874141693,0.875,0.8283333333333334,0.851027397260274,0.9468423135266653,"[2833, 2849]","[{""name"": ""accuracy_wide_clean_swa"", ""views"": 10, ""temperature"": 1.5, ""weight"": 0.1625, ""sha256"": ""0aa9d82bef91689cc3b4b76c97b385153e325887adf376d641f082358aabea0f""}, {""name"": ""accuracy_p2_clean_swa"", ""views"": 30, ""temperature"": 1.25, ""weight"": 0.1625, ""sha256"": ""31e66eb705618c067df9d65c5a5cb991addbb4f567a7c5dbab408f87859d6227""}, {""name"": ""mixer_pruned_75"", ""views"": 10, ""temperature"": 1.0, ""weight"": 0.175, ""sha256"": ""c0b7eafe5070b3985442bfdf729ab2955c7340a172dc5b817150cc02771d5f53""}, {""name"": ""focal_p2_ema"", ""views"": 18, ""temperature"": 1.0, ""weight"": 0.5}]"
529858,1301933952,5651,6000,0.9418333333333333,0.18128712475299835,0.8541666666666666,0.82,0.8367346938775511,0.9417276402478656,"[2815, 2836]","[{""name"": ""focal_p2_ema"", ""views"": 18, ""temperature"": 1.0, ""weight"": 1.0}]"
2737414,5353868800,5707,6000,0.9511666666666667,0.1535891592502594,0.8831858407079646,0.8316666666666667,0.8566523605150215,0.9509581990147021,"[2851, 2856]","[{""name"": ""accuracy_wide_clean_swa"", ""views"": 10, ""temperature"": 1.5, ""weight"": 0.29250000000000004, ""sha256"": ""0aa9d82bef91689cc3b4b76c97b385153e325887adf376d641f082358aabea0f""}, {""name"": ""accuracy_p2_clean_swa"", ""views"": 30, ""temperature"": 1.25, ""weight"": 0.29250000000000004, ""sha256"": ""31e66eb705618c067df9d65c5a5cb991addbb4f567a7c5dbab408f87859d6227""}, {""name"": ""mixer_pruned_75"", ""views"": 10, ""temperature"": 1.0, ""weight"": 0.315, ""sha256"": ""c0b7eafe5070b3985442bfdf729ab2955c7340a172dc5b817150cc02771d5f53""}, {""name"": ""focal_p2_ema"", ""views"": 30, ""temperature"": 1.0, ""weight"": 0.1}]"
2737414,5353868800,5700,6000,0.95,0.15456493198871613,0.8785211267605634,0.8316666666666667,0.8544520547945206,0.9497965471007623,"[2847, 2853]","[{""name"": ""accuracy_wide_clean_swa"", ""views"": 10, ""temperature"": 1.5, ""weight"": 0.26, ""sha256"": ""0aa9d82bef91689cc3b4b76c97b385153e325887adf376d641f082358aabea0f""}, {""name"": ""accuracy_p2_clean_swa"", ""views"": 30, ""temperature"": 1.25, ""weight"": 0.26, ""sha256"": ""31e66eb705618c067df9d65c5a5cb991addbb4f567a7c5dbab408f87859d6227""}, {""name"": ""mixer_pruned_75"", ""views"": 10, ""temperature"": 1.0, ""weight"": 0.27999999999999997, ""sha256"": ""c0b7eafe5070b3985442bfdf729ab2955c7340a172dc5b817150cc02771d5f53""}, {""name"": ""focal_p2_ema"", ""views"": 30, ""temperature"": 1.0, ""weight"": 0.2}]"
2737414,5353868800,5691,6000,0.9485,0.15665879845619202,0.8778761061946903,0.8266666666666667,0.8515021459227468,0.9482861323974078,"[2843, 2848]","[{""name"": ""accuracy_wide_clean_swa"", ""views"": 10, ""temperature"": 1.5, ""weight"": 0.21125000000000002, ""sha256"": ""0aa9d82bef91689cc3b4b76c97b385153e325887adf376d641f082358aabea0f""}, {""name"": ""accuracy_p2_clean_swa"", ""views"": 30, ""temperature"": 1.25, ""weight"": 0.21125000000000002, ""sha256"": ""31e66eb705618c067df9d65c5a5cb991addbb4f567a7c5dbab408f87859d6227""}, {""name"": ""mixer_pruned_75"", ""views"": 10, ""temperature"": 1.0, ""weight"": 0.22749999999999998, ""sha256"": ""c0b7eafe5070b3985442bfdf729ab2955c7340a172dc5b817150cc02771d5f53""}, {""name"": ""focal_p2_ema"", ""views"": 30, ""temperature"": 1.0, ""weight"": 0.35}]"
2737414,5353868800,5687,6000,0.9478333333333333,0.15956935286521912,0.8819320214669052,0.8216666666666667,0.8507333908541846,0.9475957504908793,"[2838, 2849]","[{""name"": ""accuracy_wide_clean_swa"", ""views"": 10, ""temperature"": 1.5, ""weight"": 0.1625, ""sha256"": ""0aa9d82bef91689cc3b4b76c97b385153e325887adf376d641f082358aabea0f""}, {""name"": ""accuracy_p2_clean_swa"", ""views"": 30, ""temperature"": 1.25, ""weight"": 0.1625, ""sha256"": ""31e66eb705618c067df9d65c5a5cb991addbb4f567a7c5dbab408f87859d6227""}, {""name"": ""mixer_pruned_75"", ""views"": 10, ""temperature"": 1.0, ""weight"": 0.175, ""sha256"": ""c0b7eafe5070b3985442bfdf729ab2955c7340a172dc5b817150cc02771d5f53""}, {""name"": ""focal_p2_ema"", ""views"": 30, ""temperature"": 1.0, ""weight"": 0.5}]"
529858,2169889920,5658,6000,0.943,0.1818007379770279,0.8745454545454545,0.8016666666666666,0.8365217391304348,0.9427070335387328,"[2822, 2836]","[{""name"": ""focal_p2_ema"", ""views"": 30, ""temperature"": 1.0, ""weight"": 1.0}]"
2737414,3256308544,5702,6000,0.9503333333333334,0.1542992889881134,0.8783068783068783,0.83,0.8534704370179949,0.9501326190931432,"[2847, 2855]","[{""name"": ""accuracy_wide_clean_swa"", ""views"": 10, ""temperature"": 1.5, ""weight"": 0.29250000000000004, ""sha256"": ""0aa9d82bef91689cc3b4b76c97b385153e325887adf376d641f082358aabea0f""}, {""name"": ""accuracy_p2_clean_swa"", ""views"": 30, ""temperature"": 1.25, ""weight"": 0.29250000000000004, ""sha256"": ""31e66eb705618c067df9d65c5a5cb991addbb4f567a7c5dbab408f87859d6227""}, {""name"": ""mixer_pruned_75"", ""views"": 10, ""temperature"": 1.0, ""weight"": 0.315, ""sha256"": ""c0b7eafe5070b3985442bfdf729ab2955c7340a172dc5b817150cc02771d5f53""}, {""name"": ""focal_p2_swa"", ""views"": 1, ""temperature"": 1.25, ""weight"": 0.1}]"
2737414,3256308544,5697,6000,0.9495,0.1564750224351883,0.8776223776223776,0.8366666666666667,0.856655290102389,0.9493466275305182,"[2844, 2853]","[{""name"": ""accuracy_wide_clean_swa"", ""views"": 10, ""temperature"": 1.5, ""weight"": 0.26, ""sha256"": ""0aa9d82bef91689cc3b4b76c97b385153e325887adf376d641f082358aabea0f""}, {""name"": ""accuracy_p2_clean_swa"", ""views"": 30, ""temperature"": 1.25, ""weight"": 0.26, ""sha256"": ""31e66eb705618c067df9d65c5a5cb991addbb4f567a7c5dbab408f87859d6227""}, {""name"": ""mixer_pruned_75"", ""views"": 10, ""temperature"": 1.0, ""weight"": 0.27999999999999997, ""sha256"": ""c0b7eafe5070b3985442bfdf729ab2955c7340a172dc5b817150cc02771d5f53""}, {""name"": ""focal_p2_swa"", ""views"": 1, ""temperature"": 1.25, ""weight"": 0.2}]"
2737414,3256308544,5689,6000,0.9481666666666667,0.16107502579689026,0.8732394366197183,0.8266666666666667,0.8493150684931506,0.9479633775536385,"[2839, 2850]","[{""name"": ""accuracy_wide_clean_swa"", ""views"": 10, ""temperature"": 1.5, ""weight"": 0.21125000000000002, ""sha256"": ""0aa9d82bef91689cc3b4b76c97b385153e325887adf376d641f082358aabea0f""}, {""name"": ""accuracy_p2_clean_swa"", ""views"": 30, ""temperature"": 1.25, ""weight"": 0.21125000000000002, ""sha256"": ""31e66eb705618c067df9d65c5a5cb991addbb4f567a7c5dbab408f87859d6227""}, {""name"": ""mixer_pruned_75"", ""views"": 10, ""temperature"": 1.0, ""weight"": 0.22749999999999998, ""sha256"": ""c0b7eafe5070b3985442bfdf729ab2955c7340a172dc5b817150cc02771d5f53""}, {""name"": ""focal_p2_swa"", ""views"": 1, ""temperature"": 1.25, ""weight"": 0.35}]"
2737414,3256308544,5665,6000,0.9441666666666667,0.1674114465713501,0.8554006968641115,0.8183333333333334,0.8364565587734242,0.9439981776005224,"[2823, 2842]","[{""name"": ""accuracy_wide_clean_swa"", ""views"": 10, ""temperature"": 1.5, ""weight"": 0.1625, ""sha256"": ""0aa9d82bef91689cc3b4b76c97b385153e325887adf376d641f082358aabea0f""}, {""name"": ""accuracy_p2_clean_swa"", ""views"": 30, ""temperature"": 1.25, ""weight"": 0.1625, ""sha256"": ""31e66eb705618c067df9d65c5a5cb991addbb4f567a7c5dbab408f87859d6227""}, {""name"": ""mixer_pruned_75"", ""views"": 10, ""temperature"": 1.0, ""weight"": 0.175, ""sha256"": ""c0b7eafe5070b3985442bfdf729ab2955c7340a172dc5b817150cc02771d5f53""}, {""name"": ""focal_p2_swa"", ""views"": 1, ""temperature"": 1.25, ""weight"": 0.5}]"
529858,72329664,5622,6000,0.937,0.2261294722557068,0.8353140916808149,0.82,0.8275862068965517,0.9369342469381344,"[2805, 2817]","[{""name"": ""focal_p2_swa"", ""views"": 1, ""temperature"": 1.25, ""weight"": 1.0}]"
2737414,3907275520,5703,6000,0.9505,0.15293626487255096,0.8800705467372134,0.8316666666666667,0.8551842330762639,0.9502923006457248,"[2847, 2856]","[{""name"": ""accuracy_wide_clean_swa"", ""views"": 10, ""temperature"": 1.5, ""weight"": 0.29250000000000004, ""sha256"": ""0aa9d82bef91689cc3b4b76c97b385153e325887adf376d641f082358aabea0f""}, {""name"": ""accuracy_p2_clean_swa"", ""views"": 30, ""temperature"": 1.25, ""weight"": 0.29250000000000004, ""sha256"": ""31e66eb705618c067df9d65c5a5cb991addbb4f567a7c5dbab408f87859d6227""}, {""name"": ""mixer_pruned_75"", ""views"": 10, ""temperature"": 1.0, ""weight"": 0.315, ""sha256"": ""c0b7eafe5070b3985442bfdf729ab2955c7340a172dc5b817150cc02771d5f53""}, {""name"": ""focal_p2_swa"", ""views"": 10, ""temperature"": 1.0, ""weight"": 0.1}]"
2737414,3907275520,5696,6000,0.9493333333333334,0.15331660211086273,0.875438596491228,0.8316666666666667,0.852991452991453,0.9491491220253321,"[2846, 2850]","[{""name"": ""accuracy_wide_clean_swa"", ""views"": 10, ""temperature"": 1.5, ""weight"": 0.26, ""sha256"": ""0aa9d82bef91689cc3b4b76c97b385153e325887adf376d641f082358aabea0f""}, {""name"": ""accuracy_p2_clean_swa"", ""views"": 30, ""temperature"": 1.25, ""weight"": 0.26, ""sha256"": ""31e66eb705618c067df9d65c5a5cb991addbb4f567a7c5dbab408f87859d6227""}, {""name"": ""mixer_pruned_75"", ""views"": 10, ""temperature"": 1.0, ""weight"": 0.27999999999999997, ""sha256"": ""c0b7eafe5070b3985442bfdf729ab2955c7340a172dc5b817150cc02771d5f53""}, {""name"": ""focal_p2_swa"", ""views"": 10, ""temperature"": 1.0, ""weight"": 0.2}]"
2737414,3907275520,5693,6000,0.9488333333333333,0.15464194118976593,0.8732394366197183,0.8266666666666667,0.8493150684931506,0.9486310405002044,"[2845, 2848]","[{""name"": ""accuracy_wide_clean_swa"", ""views"": 10, ""temperature"": 1.5, ""weight"": 0.21125000000000002, ""sha256"": ""0aa9d82bef91689cc3b4b76c97b385153e325887adf376d641f082358aabea0f""}, {""name"": ""accuracy_p2_clean_swa"", ""views"": 30, ""temperature"": 1.25, ""weight"": 0.21125000000000002, ""sha256"": ""31e66eb705618c067df9d65c5a5cb991addbb4f567a7c5dbab408f87859d6227""}, {""name"": ""mixer_pruned_75"", ""views"": 10, ""temperature"": 1.0, ""weight"": 0.22749999999999998, ""sha256"": ""c0b7eafe5070b3985442bfdf729ab2955c7340a172dc5b817150cc02771d5f53""}, {""name"": ""focal_p2_swa"", ""views"": 10, ""temperature"": 1.0, ""weight"": 0.35}]"
2737414,3907275520,5678,6000,0.9463333333333334,0.1569879800081253,0.8659611992945326,0.8183333333333334,0.8414738646101114,0.9461220954548294,"[2829, 2849]","[{""name"": ""accuracy_wide_clean_swa"", ""views"": 10, ""temperature"": 1.5, ""weight"": 0.1625, ""sha256"": ""0aa9d82bef91689cc3b4b76c97b385153e325887adf376d641f082358aabea0f""}, {""name"": ""accuracy_p2_clean_swa"", ""views"": 30, ""temperature"": 1.25, ""weight"": 0.1625, ""sha256"": ""31e66eb705618c067df9d65c5a5cb991addbb4f567a7c5dbab408f87859d6227""}, {""name"": ""mixer_pruned_75"", ""views"": 10, ""temperature"": 1.0, ""weight"": 0.175, ""sha256"": ""c0b7eafe5070b3985442bfdf729ab2955c7340a172dc5b817150cc02771d5f53""}, {""name"": ""focal_p2_swa"", ""views"": 10, ""temperature"": 1.0, ""weight"": 0.5}]"
529858,723296640,5649,6000,0.9415,0.18576616048812866,0.8474870017331022,0.815,0.8309260832625318,0.9413588730234036,"[2815, 2834]","[{""name"": ""focal_p2_swa"", ""views"": 10, ""temperature"": 1.0, ""weight"": 1.0}]"
2737414,4485912832,5701,6000,0.9501666666666667,0.15288300812244415,0.8787346221441125,0.8333333333333334,0.8554319931565441,0.9499788224658253,"[2846, 2855]","[{""name"": ""accuracy_wide_clean_swa"", ""views"": 10, ""temperature"": 1.5, ""weight"": 0.29250000000000004, ""sha256"": ""0aa9d82bef91689cc3b4b76c97b385153e325887adf376d641f082358aabea0f""}, {""name"": ""accuracy_p2_clean_swa"", ""views"": 30, ""temperature"": 1.25, ""weight"": 0.29250000000000004, ""sha256"": ""31e66eb705618c067df9d65c5a5cb991addbb4f567a7c5dbab408f87859d6227""}, {""name"": ""mixer_pruned_75"", ""views"": 10, ""temperature"": 1.0, ""weight"": 0.315, ""sha256"": ""c0b7eafe5070b3985442bfdf729ab2955c7340a172dc5b817150cc02771d5f53""}, {""name"": ""focal_p2_swa"", ""views"": 18, ""temperature"": 1.0, ""weight"": 0.1}]"
2737414,4485912832,5697,6000,0.9495,0.1532357782125473,0.8787346221441125,0.8333333333333334,0.8554319931565441,0.9493172704192163,"[2845, 2852]","[{""name"": ""accuracy_wide_clean_swa"", ""views"": 10, ""temperature"": 1.5, ""weight"": 0.26, ""sha256"": ""0aa9d82bef91689cc3b4b76c97b385153e325887adf376d641f082358aabea0f""}, {""name"": ""accuracy_p2_clean_swa"", ""views"": 30, ""temperature"": 1.25, ""weight"": 0.26, ""sha256"": ""31e66eb705618c067df9d65c5a5cb991addbb4f567a7c5dbab408f87859d6227""}, {""name"": ""mixer_pruned_75"", ""views"": 10, ""temperature"": 1.0, ""weight"": 0.27999999999999997, ""sha256"": ""c0b7eafe5070b3985442bfdf729ab2955c7340a172dc5b817150cc02771d5f53""}, {""name"": ""focal_p2_swa"", ""views"": 18, ""temperature"": 1.0, ""weight"": 0.2}]"
2737414,4485912832,5690,6000,0.9483333333333334,0.15453016757965088,0.8783068783068783,0.83,0.8534704370179949,0.9481537778526011,"[2839, 2851]","[{""name"": ""accuracy_wide_clean_swa"", ""views"": 10, ""temperature"": 1.5, ""weight"": 0.21125000000000002, ""sha256"": ""0aa9d82bef91689cc3b4b76c97b385153e325887adf376d641f082358aabea0f""}, {""name"": ""accuracy_p2_clean_swa"", ""views"": 30, ""temperature"": 1.25, ""weight"": 0.21125000000000002, ""sha256"": ""31e66eb705618c067df9d65c5a5cb991addbb4f567a7c5dbab408f87859d6227""}, {""name"": ""mixer_pruned_75"", ""views"": 10, ""temperature"": 1.0, ""weight"": 0.22749999999999998, ""sha256"": ""c0b7eafe5070b3985442bfdf729ab2955c7340a172dc5b817150cc02771d5f53""}, {""name"": ""focal_p2_swa"", ""views"": 18, ""temperature"": 1.0, ""weight"": 0.35}]"
2737414,4485912832,5680,6000,0.9466666666666667,0.15682101249694824,0.8725663716814159,0.8216666666666667,0.8463519313304722,0.9464725749531289,"[2830, 2850]","[{""name"": ""accuracy_wide_clean_swa"", ""views"": 10, ""temperature"": 1.5, ""weight"": 0.1625, ""sha256"": ""0aa9d82bef91689cc3b4b76c97b385153e325887adf376d641f082358aabea0f""}, {""name"": ""accuracy_p2_clean_swa"", ""views"": 30, ""temperature"": 1.25, ""weight"": 0.1625, ""sha256"": ""31e66eb705618c067df9d65c5a5cb991addbb4f567a7c5dbab408f87859d6227""}, {""name"": ""mixer_pruned_75"", ""views"": 10, ""temperature"": 1.0, ""weight"": 0.175, ""sha256"": ""c0b7eafe5070b3985442bfdf729ab2955c7340a172dc5b817150cc02771d5f53""}, {""name"": ""focal_p2_swa"", ""views"": 18, ""temperature"": 1.0, ""weight"": 0.5}]"
529858,1301933952,5651,6000,0.9418333333333333,0.18262134492397308,0.8539130434782609,0.8183333333333334,0.8357446808510638,0.9417090952126831,"[2816, 2835]","[{""name"": ""focal_p2_swa"", ""views"": 18, ""temperature"": 1.0, ""weight"": 1.0}]"
2737414,5353868800,5706,6000,0.951,0.15335138142108917,0.8831858407079646,0.8316666666666667,0.8566523605150215,0.9507918597896534,"[2850, 2856]","[{""name"": ""accuracy_wide_clean_swa"", ""views"": 10, ""temperature"": 1.5, ""weight"": 0.29250000000000004, ""sha256"": ""0aa9d82bef91689cc3b4b76c97b385153e325887adf376d641f082358aabea0f""}, {""name"": ""accuracy_p2_clean_swa"", ""views"": 30, ""temperature"": 1.25, ""weight"": 0.29250000000000004, ""sha256"": ""31e66eb705618c067df9d65c5a5cb991addbb4f567a7c5dbab408f87859d6227""}, {""name"": ""mixer_pruned_75"", ""views"": 10, ""temperature"": 1.0, ""weight"": 0.315, ""sha256"": ""c0b7eafe5070b3985442bfdf729ab2955c7340a172dc5b817150cc02771d5f53""}, {""name"": ""focal_p2_swa"", ""views"": 30, ""temperature"": 1.0, ""weight"": 0.1}]"
2737414,5353868800,5699,6000,0.9498333333333333,0.15406975150108337,0.8798586572438163,0.83,0.8542024013722127,0.9496199874394851,"[2848, 2851]","[{""name"": ""accuracy_wide_clean_swa"", ""views"": 10, ""temperature"": 1.5, ""weight"": 0.26, ""sha256"": ""0aa9d82bef91689cc3b4b76c97b385153e325887adf376d641f082358aabea0f""}, {""name"": ""accuracy_p2_clean_swa"", ""views"": 30, ""temperature"": 1.25, ""weight"": 0.26, ""sha256"": ""31e66eb705618c067df9d65c5a5cb991addbb4f567a7c5dbab408f87859d6227""}, {""name"": ""mixer_pruned_75"", ""views"": 10, ""temperature"": 1.0, ""weight"": 0.27999999999999997, ""sha256"": ""c0b7eafe5070b3985442bfdf729ab2955c7340a172dc5b817150cc02771d5f53""}, {""name"": ""focal_p2_swa"", ""views"": 30, ""temperature"": 1.0, ""weight"": 0.2}]"
2737414,5353868800,5688,6000,0.948,0.155781090259552,0.8725663716814159,0.8216666666666667,0.8463519313304722,0.9477755780702051,"[2842, 2846]","[{""name"": ""accuracy_wide_clean_swa"", ""views"": 10, ""temperature"": 1.5, ""weight"": 0.21125000000000002, ""sha256"": ""0aa9d82bef91689cc3b4b76c97b385153e325887adf376d641f082358aabea0f""}, {""name"": ""accuracy_p2_clean_swa"", ""views"": 30, ""temperature"": 1.25, ""weight"": 0.21125000000000002, ""sha256"": ""31e66eb705618c067df9d65c5a5cb991addbb4f567a7c5dbab408f87859d6227""}, {""name"": ""mixer_pruned_75"", ""views"": 10, ""temperature"": 1.0, ""weight"": 0.22749999999999998, ""sha256"": ""c0b7eafe5070b3985442bfdf729ab2955c7340a172dc5b817150cc02771d5f53""}, {""name"": ""focal_p2_swa"", ""views"": 30, ""temperature"": 1.0, ""weight"": 0.35}]"
2737414,5353868800,5683,6000,0.9471666666666667,0.15836238861083984,0.8767857142857143,0.8183333333333334,0.846551724137931,0.9469179760358433,"[2835, 2848]","[{""name"": ""accuracy_wide_clean_swa"", ""views"": 10, ""temperature"": 1.5, ""weight"": 0.1625, ""sha256"": ""0aa9d82bef91689cc3b4b76c97b385153e325887adf376d641f082358aabea0f""}, {""name"": ""accuracy_p2_clean_swa"", ""views"": 30, ""temperature"": 1.25, ""weight"": 0.1625, ""sha256"": ""31e66eb705618c067df9d65c5a5cb991addbb4f567a7c5dbab408f87859d6227""}, {""name"": ""mixer_pruned_75"", ""views"": 10, ""temperature"": 1.0, ""weight"": 0.175, ""sha256"": ""c0b7eafe5070b3985442bfdf729ab2955c7340a172dc5b817150cc02771d5f53""}, {""name"": ""focal_p2_swa"", ""views"": 30, ""temperature"": 1.0, ""weight"": 0.5}]"
529858,2169889920,5658,6000,0.943,0.18280236423015594,0.8698010849909584,0.8016666666666666,0.834345186470078,0.9427050557244874,"[2822, 2836]","[{""name"": ""focal_p2_swa"", ""views"": 30, ""temperature"": 1.0, ""weight"": 1.0}]"
379952,24186112,5622,6000,0.937,0.1921883374452591,0.8242320819112628,0.805,0.8145025295109612,0.9368801932459467,"[2808, 2814]","[{""name"": ""mixer_pruned_75"", ""views"": 1, ""temperature"": 1.0, ""weight"": 1.0, ""sha256"": ""c0b7eafe5070b3985442bfdf729ab2955c7340a172dc5b817150cc02771d5f53""}]"
379952,48372224,5622,6000,0.937,0.18217000365257263,0.8266897746967071,0.795,0.81053525913339,0.9368145935751822,"[2805, 2817]","[{""name"": ""mixer_pruned_75"", ""views"": 2, ""temperature"": 1.0, ""weight"": 1.0, ""sha256"": ""c0b7eafe5070b3985442bfdf729ab2955c7340a172dc5b817150cc02771d5f53""}]"
379952,96744448,5636,6000,0.9393333333333334,0.17220725119113922,0.8353552859618717,0.8033333333333333,0.8190314358538657,0.9391773207771641,"[2815, 2821]","[{""name"": ""mixer_pruned_75"", ""views"": 4, ""temperature"": 1.0, ""weight"": 1.0, ""sha256"": ""c0b7eafe5070b3985442bfdf729ab2955c7340a172dc5b817150cc02771d5f53""}]"
379952,241861120,5662,6000,0.9436666666666667,0.16735351085662842,0.844559585492228,0.815,0.8295165394402035,0.943528577999879,"[2831, 2831]","[{""name"": ""mixer_pruned_75"", ""views"": 10, ""temperature"": 1.0, ""weight"": 1.0, ""sha256"": ""c0b7eafe5070b3985442bfdf729ab2955c7340a172dc5b817150cc02771d5f53""}]"
379952,435350016,5658,6000,0.943,0.16885784268379211,0.8481675392670157,0.81,0.8286445012787724,0.9428155199126577,"[2821, 2837]","[{""name"": ""mixer_pruned_75"", ""views"": 18, ""temperature"": 1.0, ""weight"": 1.0, ""sha256"": ""c0b7eafe5070b3985442bfdf729ab2955c7340a172dc5b817150cc02771d5f53""}]"
379952,725583360,5651,6000,0.9418333333333333,0.1694069802761078,0.8367697594501718,0.8116666666666666,0.8240270727580372,0.9417107339852462,"[2821, 2830]","[{""name"": ""mixer_pruned_75"", ""views"": 30, ""temperature"": 1.0, ""weight"": 1.0, ""sha256"": ""c0b7eafe5070b3985442bfdf729ab2955c7340a172dc5b817150cc02771d5f53""}]"
529858,72329664,5631,6000,0.9385,0.25825658440589905,0.8378839590443686,0.8183333333333334,0.8279932546374368,0.9384234764331911,"[2814, 2817]","[{""name"": ""accuracy_p2_clean_swa"", ""views"": 1, ""temperature"": 1.25, ""weight"": 1.0, ""sha256"": ""31e66eb705618c067df9d65c5a5cb991addbb4f567a7c5dbab408f87859d6227""}]"
909810,96515776,5675,6000,0.9458333333333333,0.16990141570568085,0.8601036269430051,0.83,0.8447837150127226,0.9456964273785051,"[2837, 2838]","[{""name"": ""accuracy_p2_clean_swa"", ""views"": 1, ""temperature"": 1.25, ""weight"": 0.48148148148148145, ""sha256"": ""31e66eb705618c067df9d65c5a5cb991addbb4f567a7c5dbab408f87859d6227""}, {""name"": ""mixer_pruned_75"", ""views"": 1, ""temperature"": 1.0, ""weight"": 0.5185185185185185, ""sha256"": ""c0b7eafe5070b3985442bfdf729ab2955c7340a172dc5b817150cc02771d5f53""}]"
909810,120701888,5674,6000,0.9456666666666667,0.16651873290538788,0.8568965517241379,0.8283333333333334,0.8423728813559322,0.945522071272549,"[2831, 2843]","[{""name"": ""accuracy_p2_clean_swa"", ""views"": 1, ""temperature"": 1.25, ""weight"": 0.48148148148148145, ""sha256"": ""31e66eb705618c067df9d65c5a5cb991addbb4f567a7c5dbab408f87859d6227""}, {""name"": ""mixer_pruned_75"", ""views"": 2, ""temperature"": 1.0, ""weight"": 0.5185185185185185, ""sha256"": ""c0b7eafe5070b3985442bfdf729ab2955c7340a172dc5b817150cc02771d5f53""}]"
909810,169074112,5670,6000,0.945,0.1632196307182312,0.8537005163511188,0.8266666666666667,0.8399661303979679,0.9448611647705446,"[2831, 2839]","[{""name"": ""accuracy_p2_clean_swa"", ""views"": 1, ""temperature"": 1.25, ""weight"": 0.48148148148148145, ""sha256"": ""31e66eb705618c067df9d65c5a5cb991addbb4f567a7c5dbab408f87859d6227""}, {""name"": ""mixer_pruned_75"", ""views"": 4, ""temperature"": 1.0, ""weight"": 0.5185185185185185, ""sha256"": ""c0b7eafe5070b3985442bfdf729ab2955c7340a172dc5b817150cc02771d5f53""}]"
909810,314190784,5666,6000,0.9443333333333334,0.1611100733280182,0.8586387434554974,0.82,0.8388746803069054,0.9441578766477372,"[2832, 2834]","[{""name"": ""accuracy_p2_clean_swa"", ""views"": 1, ""temperature"": 1.25, ""weight"": 0.48148148148148145, ""sha256"": ""31e66eb705618c067df9d65c5a5cb991addbb4f567a7c5dbab408f87859d6227""}, {""name"": ""mixer_pruned_75"", ""views"": 10, ""temperature"": 1.0, ""weight"": 0.5185185185185185, ""sha256"": ""c0b7eafe5070b3985442bfdf729ab2955c7340a172dc5b817150cc02771d5f53""}]"
909810,507679680,5663,6000,0.9438333333333333,0.16189812123775482,0.8541666666666666,0.82,0.8367346938775511,0.9436654880611354,"[2829, 2834]","[{""name"": ""accuracy_p2_clean_swa"", ""views"": 1, ""temperature"": 1.25, ""weight"": 0.48148148148148145, ""sha256"": ""31e66eb705618c067df9d65c5a5cb991addbb4f567a7c5dbab408f87859d6227""}, {""name"": ""mixer_pruned_75"", ""views"": 18, ""temperature"": 1.0, ""weight"": 0.5185185185185185, ""sha256"": ""c0b7eafe5070b3985442bfdf729ab2955c7340a172dc5b817150cc02771d5f53""}]"
909810,797913024,5666,6000,0.9443333333333334,0.1622263491153717,0.8524305555555556,0.8183333333333334,0.8350340136054422,0.9441559686778171,"[2830, 2836]","[{""name"": ""accuracy_p2_clean_swa"", ""views"": 1, ""temperature"": 1.25, ""weight"": 0.48148148148148145, ""sha256"": ""31e66eb705618c067df9d65c5a5cb991addbb4f567a7c5dbab408f87859d6227""}, {""name"": ""mixer_pruned_75"", ""views"": 30, ""temperature"": 1.0, ""weight"": 0.5185185185185185, ""sha256"": ""c0b7eafe5070b3985442bfdf729ab2955c7340a172dc5b817150cc02771d5f53""}]"
529858,144659328,5637,6000,0.9395,0.23905456066131592,0.8415672913117547,0.8233333333333334,0.8323504633529908,0.9394142915738846,"[2807, 2830]","[{""name"": ""accuracy_p2_clean_swa"", ""views"": 2, ""temperature"": 1.25, ""weight"": 1.0, ""sha256"": ""31e66eb705618c067df9d65c5a5cb991addbb4f567a7c5dbab408f87859d6227""}]"
909810,168845440,5672,6000,0.9453333333333334,0.16707904636859894,0.8611111111111112,0.8266666666666667,0.8435374149659864,0.9451881589684457,"[2832, 2840]","[{""name"": ""accuracy_p2_clean_swa"", ""views"": 2, ""temperature"": 1.25, ""weight"": 0.48148148148148145, ""sha256"": ""31e66eb705618c067df9d65c5a5cb991addbb4f567a7c5dbab408f87859d6227""}, {""name"": ""mixer_pruned_75"", ""views"": 1, ""temperature"": 1.0, ""weight"": 0.5185185185185185, ""sha256"": ""c0b7eafe5070b3985442bfdf729ab2955c7340a172dc5b817150cc02771d5f53""}]"
909810,193031552,5674,6000,0.9456666666666667,0.16436564922332764,0.8608695652173913,0.825,0.8425531914893617,0.9455050876983748,"[2832, 2842]","[{""name"": ""accuracy_p2_clean_swa"", ""views"": 2, ""temperature"": 1.25, ""weight"": 0.48148148148148145, ""sha256"": ""31e66eb705618c067df9d65c5a5cb991addbb4f567a7c5dbab408f87859d6227""}, {""name"": ""mixer_pruned_75"", ""views"": 2, ""temperature"": 1.0, ""weight"": 0.5185185185185185, ""sha256"": ""c0b7eafe5070b3985442bfdf729ab2955c7340a172dc5b817150cc02771d5f53""}]"
909810,241403776,5670,6000,0.945,0.16127519309520721,0.8581314878892734,0.8266666666666667,0.8421052631578947,0.9448489534937308,"[2832, 2838]","[{""name"": ""accuracy_p2_clean_swa"", ""views"": 2, ""temperature"": 1.25, ""weight"": 0.48148148148148145, ""sha256"": ""31e66eb705618c067df9d65c5a5cb991addbb4f567a7c5dbab408f87859d6227""}, {""name"": ""mixer_pruned_75"", ""views"": 4, ""temperature"": 1.0, ""weight"": 0.5185185185185185, ""sha256"": ""c0b7eafe5070b3985442bfdf729ab2955c7340a172dc5b817150cc02771d5f53""}]"
909810,386520448,5671,6000,0.9451666666666667,0.15965086221694946,0.859375,0.825,0.8418367346938775,0.9450241605784908,"[2830, 2841]","[{""name"": ""accuracy_p2_clean_swa"", ""views"": 2, ""temperature"": 1.25, ""weight"": 0.48148148148148145, ""sha256"": ""31e66eb705618c067df9d65c5a5cb991addbb4f567a7c5dbab408f87859d6227""}, {""name"": ""mixer_pruned_75"", ""views"": 10, ""temperature"": 1.0, ""weight"": 0.5185185185185185, ""sha256"": ""c0b7eafe5070b3985442bfdf729ab2955c7340a172dc5b817150cc02771d5f53""}]"
909810,580009344,5670,6000,0.945,0.16053998470306396,0.8611599297012302,0.8166666666666667,0.8383233532934131,0.944816106876166,"[2826, 2844]","[{""name"": ""accuracy_p2_clean_swa"", ""views"": 2, ""temperature"": 1.25, ""weight"": 0.48148148148148145, ""sha256"": ""31e66eb705618c067df9d65c5a5cb991addbb4f567a7c5dbab408f87859d6227""}, {""name"": ""mixer_pruned_75"", ""views"": 18, ""temperature"": 1.0, ""weight"": 0.5185185185185185, ""sha256"": ""c0b7eafe5070b3985442bfdf729ab2955c7340a172dc5b817150cc02771d5f53""}]"
909810,870242688,5671,6000,0.9451666666666667,0.1606799066066742,0.861646234676007,0.82,0.8403074295473953,0.9449828464952506,"[2830, 2841]","[{""name"": ""accuracy_p2_clean_swa"", ""views"": 2, ""temperature"": 1.25, ""weight"": 0.48148148148148145, ""sha256"": ""31e66eb705618c067df9d65c5a5cb991addbb4f567a7c5dbab408f87859d6227""}, {""name"": ""mixer_pruned_75"", ""views"": 30, ""temperature"": 1.0, ""weight"": 0.5185185185185185, ""sha256"": ""c0b7eafe5070b3985442bfdf729ab2955c7340a172dc5b817150cc02771d5f53""}]"
529858,289318656,5650,6000,0.9416666666666667,0.20763513445854187,0.8554006968641115,0.8183333333333334,0.8364565587734242,0.9414842796372536,"[2813, 2837]","[{""name"": ""accuracy_p2_clean_swa"", ""views"": 4, ""temperature"": 1.25, ""weight"": 1.0, ""sha256"": ""31e66eb705618c067df9d65c5a5cb991addbb4f567a7c5dbab408f87859d6227""}]"
909810,313504768,5684,6000,0.9473333333333334,0.16295935213565826,0.8685121107266436,0.8366666666666667,0.8522920203735145,0.9472022039199735,"[2841, 2843]","[{""name"": ""accuracy_p2_clean_swa"", ""views"": 4, ""temperature"": 1.25, ""weight"": 0.48148148148148145, ""sha256"": ""31e66eb705618c067df9d65c5a5cb991addbb4f567a7c5dbab408f87859d6227""}, {""name"": ""mixer_pruned_75"", ""views"": 1, ""temperature"": 1.0, ""weight"": 0.5185185185185185, ""sha256"": ""c0b7eafe5070b3985442bfdf729ab2955c7340a172dc5b817150cc02771d5f53""}]"
909810,337690880,5685,6000,0.9475,0.1607465296983719,0.867595818815331,0.83,0.848381601362862,0.9473283403022359,"[2840, 2845]","[{""name"": ""accuracy_p2_clean_swa"", ""views"": 4, ""temperature"": 1.25, ""weight"": 0.48148148148148145, ""sha256"": ""31e66eb705618c067df9d65c5a5cb991addbb4f567a7c5dbab408f87859d6227""}, {""name"": ""mixer_pruned_75"", ""views"": 2, ""temperature"": 1.0, ""weight"": 0.5185185185185185, ""sha256"": ""c0b7eafe5070b3985442bfdf729ab2955c7340a172dc5b817150cc02771d5f53""}]"
909810,386063104,5686,6000,0.9476666666666667,0.15879391133785248,0.8710801393728222,0.8333333333333334,0.8517887563884157,0.9475009482467938,"[2839, 2847]","[{""name"": ""accuracy_p2_clean_swa"", ""views"": 4, ""temperature"": 1.25, ""weight"": 0.48148148148148145, ""sha256"": ""31e66eb705618c067df9d65c5a5cb991addbb4f567a7c5dbab408f87859d6227""}, {""name"": ""mixer_pruned_75"", ""views"": 4, ""temperature"": 1.0, ""weight"": 0.5185185185185185, ""sha256"": ""c0b7eafe5070b3985442bfdf729ab2955c7340a172dc5b817150cc02771d5f53""}]"
909810,531179776,5686,6000,0.9476666666666667,0.15753498673439026,0.8682842287694974,0.835,0.8513169073916738,0.947535129260055,"[2837, 2849]","[{""name"": ""accuracy_p2_clean_swa"", ""views"": 4, ""temperature"": 1.25, ""weight"": 0.48148148148148145, ""sha256"": ""31e66eb705618c067df9d65c5a5cb991addbb4f567a7c5dbab408f87859d6227""}, {""name"": ""mixer_pruned_75"", ""views"": 10, ""temperature"": 1.0, ""weight"": 0.5185185185185185, ""sha256"": ""c0b7eafe5070b3985442bfdf729ab2955c7340a172dc5b817150cc02771d5f53""}]"
909810,724668672,5686,6000,0.9476666666666667,0.15875136852264404,0.8747795414462081,0.8266666666666667,0.8500428449014568,0.9474985982497411,"[2840, 2846]","[{""name"": ""accuracy_p2_clean_swa"", ""views"": 4, ""temperature"": 1.25, ""weight"": 0.48148148148148145, ""sha256"": ""31e66eb705618c067df9d65c5a5cb991addbb4f567a7c5dbab408f87859d6227""}, {""name"": ""mixer_pruned_75"", ""views"": 18, ""temperature"": 1.0, ""weight"": 0.5185185185185185, ""sha256"": ""c0b7eafe5070b3985442bfdf729ab2955c7340a172dc5b817150cc02771d5f53""}]"
909810,1014902016,5685,6000,0.9475,0.15892286598682404,0.868421052631579,0.825,0.8461538461538461,0.9473131083163979,"[2837, 2848]","[{""name"": ""accuracy_p2_clean_swa"", ""views"": 4, ""temperature"": 1.25, ""weight"": 0.48148148148148145, ""sha256"": ""31e66eb705618c067df9d65c5a5cb991addbb4f567a7c5dbab408f87859d6227""}, {""name"": ""mixer_pruned_75"", ""views"": 30, ""temperature"": 1.0, ""weight"": 0.5185185185185185, ""sha256"": ""c0b7eafe5070b3985442bfdf729ab2955c7340a172dc5b817150cc02771d5f53""}]"
529858,723296640,5648,6000,0.9413333333333334,0.1879589855670929,0.8536155202821869,0.8066666666666666,0.829477292202228,0.9411050393025772,"[2815, 2833]","[{""name"": ""accuracy_p2_clean_swa"", ""views"": 10, ""temperature"": 1.25, ""weight"": 1.0, ""sha256"": ""31e66eb705618c067df9d65c5a5cb991addbb4f567a7c5dbab408f87859d6227""}]"
909810,747482752,5678,6000,0.9463333333333334,0.1601807177066803,0.8620689655172413,0.8333333333333334,0.847457627118644,0.9462064814712579,"[2838, 2840]","[{""name"": ""accuracy_p2_clean_swa"", ""views"": 10, ""temperature"": 1.25, ""weight"": 0.48148148148148145, ""sha256"": ""31e66eb705618c067df9d65c5a5cb991addbb4f567a7c5dbab408f87859d6227""}, {""name"": ""mixer_pruned_75"", ""views"": 1, ""temperature"": 1.0, ""weight"": 0.5185185185185185, ""sha256"": ""c0b7eafe5070b3985442bfdf729ab2955c7340a172dc5b817150cc02771d5f53""}]"
909810,771668864,5683,6000,0.9471666666666667,0.15832403302192688,0.8706293706293706,0.83,0.8498293515358362,0.9470016211827857,"[2835, 2848]","[{""name"": ""accuracy_p2_clean_swa"", ""views"": 10, ""temperature"": 1.25, ""weight"": 0.48148148148148145, ""sha256"": ""31e66eb705618c067df9d65c5a5cb991addbb4f567a7c5dbab408f87859d6227""}, {""name"": ""mixer_pruned_75"", ""views"": 2, ""temperature"": 1.0, ""weight"": 0.5185185185185185, ""sha256"": ""c0b7eafe5070b3985442bfdf729ab2955c7340a172dc5b817150cc02771d5f53""}]"
909810,820041088,5688,6000,0.948,0.15705975890159607,0.8732638888888888,0.8383333333333334,0.8554421768707483,0.9478631605602503,"[2843, 2845]","[{""name"": ""accuracy_p2_clean_swa"", ""views"": 10, ""temperature"": 1.25, ""weight"": 0.48148148148148145, ""sha256"": ""31e66eb705618c067df9d65c5a5cb991addbb4f567a7c5dbab408f87859d6227""}, {""name"": ""mixer_pruned_75"", ""views"": 4, ""temperature"": 1.0, ""weight"": 0.5185185185185185, ""sha256"": ""c0b7eafe5070b3985442bfdf729ab2955c7340a172dc5b817150cc02771d5f53""}]"
909810,965157760,5695,6000,0.9491666666666667,0.1563028246164322,0.8780487804878049,0.84,0.858603066439523,0.9490215783864085,"[2846, 2849]","[{""name"": ""accuracy_p2_clean_swa"", ""views"": 10, ""temperature"": 1.25, ""weight"": 0.48148148148148145, ""sha256"": ""31e66eb705618c067df9d65c5a5cb991addbb4f567a7c5dbab408f87859d6227""}, {""name"": ""mixer_pruned_75"", ""views"": 10, ""temperature"": 1.0, ""weight"": 0.5185185185185185, ""sha256"": ""c0b7eafe5070b3985442bfdf729ab2955c7340a172dc5b817150cc02771d5f53""}]"
909810,1158646656,5692,6000,0.9486666666666667,0.15781167149543762,0.8771929824561403,0.8333333333333334,0.8547008547008547,0.9485043243215451,"[2845, 2847]","[{""name"": ""accuracy_p2_clean_swa"", ""views"": 10, ""temperature"": 1.25, ""weight"": 0.48148148148148145, ""sha256"": ""31e66eb705618c067df9d65c5a5cb991addbb4f567a7c5dbab408f87859d6227""}, {""name"": ""mixer_pruned_75"", ""views"": 18, ""temperature"": 1.0, ""weight"": 0.5185185185185185, ""sha256"": ""c0b7eafe5070b3985442bfdf729ab2955c7340a172dc5b817150cc02771d5f53""}]"
909810,1448880000,5692,6000,0.9486666666666667,0.15807892382144928,0.8736842105263158,0.83,0.8512820512820513,0.9484910779087736,"[2845, 2847]","[{""name"": ""accuracy_p2_clean_swa"", ""views"": 10, ""temperature"": 1.25, ""weight"": 0.48148148148148145, ""sha256"": ""31e66eb705618c067df9d65c5a5cb991addbb4f567a7c5dbab408f87859d6227""}, {""name"": ""mixer_pruned_75"", ""views"": 30, ""temperature"": 1.0, ""weight"": 0.5185185185185185, ""sha256"": ""c0b7eafe5070b3985442bfdf729ab2955c7340a172dc5b817150cc02771d5f53""}]"
529858,1301933952,5652,6000,0.942,0.18386076390743256,0.8536585365853658,0.8166666666666667,0.8347529812606473,0.9418433656633827,"[2820, 2832]","[{""name"": ""accuracy_p2_clean_swa"", ""views"": 18, ""temperature"": 1.25, ""weight"": 1.0, ""sha256"": ""31e66eb705618c067df9d65c5a5cb991addbb4f567a7c5dbab408f87859d6227""}]"
909810,1326120064,5667,6000,0.9445,0.15958978235721588,0.8646748681898067,0.82,0.8417450812660393,0.9443131603392179,"[2831, 2836]","[{""name"": ""accuracy_p2_clean_swa"", ""views"": 18, ""temperature"": 1.25, ""weight"": 0.48148148148148145, ""sha256"": ""31e66eb705618c067df9d65c5a5cb991addbb4f567a7c5dbab408f87859d6227""}, {""name"": ""mixer_pruned_75"", ""views"": 1, ""temperature"": 1.0, ""weight"": 0.5185185185185185, ""sha256"": ""c0b7eafe5070b3985442bfdf729ab2955c7340a172dc5b817150cc02771d5f53""}]"
909810,1350306176,5680,6000,0.9466666666666667,0.15796732902526855,0.8688811188811189,0.8283333333333334,0.8481228668941979,0.946507519932708,"[2834, 2846]","[{""name"": ""accuracy_p2_clean_swa"", ""views"": 18, ""temperature"": 1.25, ""weight"": 0.48148148148148145, ""sha256"": ""31e66eb705618c067df9d65c5a5cb991addbb4f567a7c5dbab408f87859d6227""}, {""name"": ""mixer_pruned_75"", ""views"": 2, ""temperature"": 1.0, ""weight"": 0.5185185185185185, ""sha256"": ""c0b7eafe5070b3985442bfdf729ab2955c7340a172dc5b817150cc02771d5f53""}]"
909810,1398678400,5690,6000,0.9483333333333334,0.1571086049079895,0.8732638888888888,0.8383333333333334,0.8554421768707483,0.9481756738626526,"[2847, 2843]","[{""name"": ""accuracy_p2_clean_swa"", ""views"": 18, ""temperature"": 1.25, ""weight"": 0.48148148148148145, ""sha256"": ""31e66eb705618c067df9d65c5a5cb991addbb4f567a7c5dbab408f87859d6227""}, {""name"": ""mixer_pruned_75"", ""views"": 4, ""temperature"": 1.0, ""weight"": 0.5185185185185185, ""sha256"": ""c0b7eafe5070b3985442bfdf729ab2955c7340a172dc5b817150cc02771d5f53""}]"
909810,1543795072,5693,6000,0.9488333333333333,0.15648676455020905,0.8804920913884007,0.835,0.8571428571428571,0.9486546397933837,"[2846, 2847]","[{""name"": ""accuracy_p2_clean_swa"", ""views"": 18, ""temperature"": 1.25, ""weight"": 0.48148148148148145, ""sha256"": ""31e66eb705618c067df9d65c5a5cb991addbb4f567a7c5dbab408f87859d6227""}, {""name"": ""mixer_pruned_75"", ""views"": 10, ""temperature"": 1.0, ""weight"": 0.5185185185185185, ""sha256"": ""c0b7eafe5070b3985442bfdf729ab2955c7340a172dc5b817150cc02771d5f53""}]"
909810,1737283968,5700,6000,0.95,0.15830755233764648,0.8833922261484098,0.8333333333333334,0.8576329331046312,0.949797263489485,"[2849, 2851]","[{""name"": ""accuracy_p2_clean_swa"", ""views"": 18, ""temperature"": 1.25, ""weight"": 0.48148148148148145, ""sha256"": ""31e66eb705618c067df9d65c5a5cb991addbb4f567a7c5dbab408f87859d6227""}, {""name"": ""mixer_pruned_75"", ""views"": 18, ""temperature"": 1.0, ""weight"": 0.5185185185185185, ""sha256"": ""c0b7eafe5070b3985442bfdf729ab2955c7340a172dc5b817150cc02771d5f53""}]"
909810,2027517312,5693,6000,0.9488333333333333,0.15851402282714844,0.8767605633802817,0.83,0.8527397260273972,0.9486368093055766,"[2846, 2847]","[{""name"": ""accuracy_p2_clean_swa"", ""views"": 18, ""temperature"": 1.25, ""weight"": 0.48148148148148145, ""sha256"": ""31e66eb705618c067df9d65c5a5cb991addbb4f567a7c5dbab408f87859d6227""}, {""name"": ""mixer_pruned_75"", ""views"": 30, ""temperature"": 1.0, ""weight"": 0.5185185185185185, ""sha256"": ""c0b7eafe5070b3985442bfdf729ab2955c7340a172dc5b817150cc02771d5f53""}]"
529858,2169889920,5660,6000,0.9433333333333334,0.18344509601593018,0.8702702702702703,0.805,0.8363636363636363,0.9430443281055121,"[2824, 2836]","[{""name"": ""accuracy_p2_clean_swa"", ""views"": 30, ""temperature"": 1.25, ""weight"": 1.0, ""sha256"": ""31e66eb705618c067df9d65c5a5cb991addbb4f567a7c5dbab408f87859d6227""}]"
909810,2194076032,5671,6000,0.9451666666666667,0.1602863222360611,0.8650088809946714,0.8116666666666666,0.8374892519346517,0.9449030638239956,"[2836, 2835]","[{""name"": ""accuracy_p2_clean_swa"", ""views"": 30, ""temperature"": 1.25, ""weight"": 0.48148148148148145, ""sha256"": ""31e66eb705618c067df9d65c5a5cb991addbb4f567a7c5dbab408f87859d6227""}, {""name"": ""mixer_pruned_75"", ""views"": 1, ""temperature"": 1.0, ""weight"": 0.5185185185185185, ""sha256"": ""c0b7eafe5070b3985442bfdf729ab2955c7340a172dc5b817150cc02771d5f53""}]"
909810,2218262144,5686,6000,0.9476666666666667,0.1586575210094452,0.8669001751313485,0.825,0.8454312553373186,0.9474860734138127,"[2837, 2849]","[{""name"": ""accuracy_p2_clean_swa"", ""views"": 30, ""temperature"": 1.25, ""weight"": 0.48148148148148145, ""sha256"": ""31e66eb705618c067df9d65c5a5cb991addbb4f567a7c5dbab408f87859d6227""}, {""name"": ""mixer_pruned_75"", ""views"": 2, ""temperature"": 1.0, ""weight"": 0.5185185185185185, ""sha256"": ""c0b7eafe5070b3985442bfdf729ab2955c7340a172dc5b817150cc02771d5f53""}]"
909810,2266634368,5687,6000,0.9478333333333333,0.15762962400913239,0.8736842105263158,0.83,0.8512820512820513,0.9476429023641677,"[2843, 2844]","[{""name"": ""accuracy_p2_clean_swa"", ""views"": 30, ""temperature"": 1.25, ""weight"": 0.48148148148148145, ""sha256"": ""31e66eb705618c067df9d65c5a5cb991addbb4f567a7c5dbab408f87859d6227""}, {""name"": ""mixer_pruned_75"", ""views"": 4, ""temperature"": 1.0, ""weight"": 0.5185185185185185, ""sha256"": ""c0b7eafe5070b3985442bfdf729ab2955c7340a172dc5b817150cc02771d5f53""}]"
909810,2411751040,5689,6000,0.9481666666666667,0.15708503127098083,0.8707964601769912,0.82,0.8446351931330472,0.9479324567171148,"[2840, 2849]","[{""name"": ""accuracy_p2_clean_swa"", ""views"": 30, ""temperature"": 1.25, ""weight"": 0.48148148148148145, ""sha256"": ""31e66eb705618c067df9d65c5a5cb991addbb4f567a7c5dbab408f87859d6227""}, {""name"": ""mixer_pruned_75"", ""views"": 10, ""temperature"": 1.0, ""weight"": 0.5185185185185185, ""sha256"": ""c0b7eafe5070b3985442bfdf729ab2955c7340a172dc5b817150cc02771d5f53""}]"
909810,2605239936,5697,6000,0.9495,0.15861234068870544,0.8761061946902655,0.825,0.8497854077253219,0.9492607333915508,"[2846, 2851]","[{""name"": ""accuracy_p2_clean_swa"", ""views"": 30, ""temperature"": 1.25, ""weight"": 0.48148148148148145, ""sha256"": ""31e66eb705618c067df9d65c5a5cb991addbb4f567a7c5dbab408f87859d6227""}, {""name"": ""mixer_pruned_75"", ""views"": 18, ""temperature"": 1.0, ""weight"": 0.5185185185185185, ""sha256"": ""c0b7eafe5070b3985442bfdf729ab2955c7340a172dc5b817150cc02771d5f53""}]"
909810,2895473280,5688,6000,0.948,0.15953034162521362,0.8716577540106952,0.815,0.8423772609819121,0.9477524084129343,"[2842, 2846]","[{""name"": ""accuracy_p2_clean_swa"", ""views"": 30, ""temperature"": 1.25, ""weight"": 0.48148148148148145, ""sha256"": ""31e66eb705618c067df9d65c5a5cb991addbb4f567a7c5dbab408f87859d6227""}, {""name"": ""mixer_pruned_75"", ""views"": 30, ""temperature"": 1.0, ""weight"": 0.5185185185185185, ""sha256"": ""c0b7eafe5070b3985442bfdf729ab2955c7340a172dc5b817150cc02771d5f53""}]"
1297746,77222784,5642,6000,0.9403333333333334,0.23756437003612518,0.8434782608695652,0.8083333333333333,0.825531914893617,0.9401595272068859,"[2806, 2836]","[{""name"": ""accuracy_wide_clean_swa"", ""views"": 1, ""temperature"": 1.5, ""weight"": 1.0, ""sha256"": ""0aa9d82bef91689cc3b4b76c97b385153e325887adf376d641f082358aabea0f""}]"
1677698,101408896,5667,6000,0.9445,0.1719101220369339,0.8629173989455184,0.8183333333333334,0.8400342172797263,0.9442852331532026,"[2823, 2844]","[{""name"": ""accuracy_wide_clean_swa"", ""views"": 1, ""temperature"": 1.5, ""weight"": 0.48148148148148145, ""sha256"": ""0aa9d82bef91689cc3b4b76c97b385153e325887adf376d641f082358aabea0f""}, {""name"": ""mixer_pruned_75"", ""views"": 1, ""temperature"": 1.0, ""weight"": 0.5185185185185185, ""sha256"": ""c0b7eafe5070b3985442bfdf729ab2955c7340a172dc5b817150cc02771d5f53""}]"
1677698,125595008,5664,6000,0.944,0.16822649538516998,0.8576388888888888,0.8233333333333334,0.8401360544217688,0.9438369017539703,"[2825, 2839]","[{""name"": ""accuracy_wide_clean_swa"", ""views"": 1, ""temperature"": 1.5, ""weight"": 0.48148148148148145, ""sha256"": ""0aa9d82bef91689cc3b4b76c97b385153e325887adf376d641f082358aabea0f""}, {""name"": ""mixer_pruned_75"", ""views"": 2, ""temperature"": 1.0, ""weight"": 0.5185185185185185, ""sha256"": ""c0b7eafe5070b3985442bfdf729ab2955c7340a172dc5b817150cc02771d5f53""}]"
1677698,173967232,5664,6000,0.944,0.1631479263305664,0.8539130434782609,0.8183333333333334,0.8357446808510638,0.9438299871956429,"[2823, 2841]","[{""name"": ""accuracy_wide_clean_swa"", ""views"": 1, ""temperature"": 1.5, ""weight"": 0.48148148148148145, ""sha256"": ""0aa9d82bef91689cc3b4b76c97b385153e325887adf376d641f082358aabea0f""}, {""name"": ""mixer_pruned_75"", ""views"": 4, ""temperature"": 1.0, ""weight"": 0.5185185185185185, ""sha256"": ""c0b7eafe5070b3985442bfdf729ab2955c7340a172dc5b817150cc02771d5f53""}]"
1677698,319083904,5665,6000,0.9441666666666667,0.1599210798740387,0.8548951048951049,0.815,0.8344709897610921,0.9439640440782171,"[2822, 2843]","[{""name"": ""accuracy_wide_clean_swa"", ""views"": 1, ""temperature"": 1.5, ""weight"": 0.48148148148148145, ""sha256"": ""0aa9d82bef91689cc3b4b76c97b385153e325887adf376d641f082358aabea0f""}, {""name"": ""mixer_pruned_75"", ""views"": 10, ""temperature"": 1.0, ""weight"": 0.5185185185185185, ""sha256"": ""c0b7eafe5070b3985442bfdf729ab2955c7340a172dc5b817150cc02771d5f53""}]"
1677698,512572800,5673,6000,0.9455,0.16001386940479279,0.8598949211908932,0.8183333333333334,0.838599487617421,0.945291130706227,"[2826, 2847]","[{""name"": ""accuracy_wide_clean_swa"", ""views"": 1, ""temperature"": 1.5, ""weight"": 0.48148148148148145, ""sha256"": ""0aa9d82bef91689cc3b4b76c97b385153e325887adf376d641f082358aabea0f""}, {""name"": ""mixer_pruned_75"", ""views"": 18, ""temperature"": 1.0, ""weight"": 0.5185185185185185, ""sha256"": ""c0b7eafe5070b3985442bfdf729ab2955c7340a172dc5b817150cc02771d5f53""}]"
1677698,802806144,5668,6000,0.9446666666666667,0.16060230135917664,0.8546409807355516,0.8133333333333334,0.8334756618274979,0.9444372492164541,"[2822, 2846]","[{""name"": ""accuracy_wide_clean_swa"", ""views"": 1, ""temperature"": 1.5, ""weight"": 0.48148148148148145, ""sha256"": ""0aa9d82bef91689cc3b4b76c97b385153e325887adf376d641f082358aabea0f""}, {""name"": ""mixer_pruned_75"", ""views"": 30, ""temperature"": 1.0, ""weight"": 0.5185185185185185, ""sha256"": ""c0b7eafe5070b3985442bfdf729ab2955c7340a172dc5b817150cc02771d5f53""}]"
1827604,149552448,5669,6000,0.9448333333333333,0.18635497987270355,0.8677248677248677,0.82,0.8431876606683805,0.9446473125154092,"[2827, 2842]","[{""name"": ""accuracy_wide_clean_swa"", ""views"": 1, ""temperature"": 1.5, ""weight"": 0.5, ""sha256"": ""0aa9d82bef91689cc3b4b76c97b385153e325887adf376d641f082358aabea0f""}, {""name"": ""accuracy_p2_clean_swa"", ""views"": 1, ""temperature"": 1.25, ""weight"": 0.5, ""sha256"": ""31e66eb705618c067df9d65c5a5cb991addbb4f567a7c5dbab408f87859d6227""}]"
2207556,173738560,5686,6000,0.9476666666666667,0.1608501523733139,0.8667820069204152,0.835,0.8505942275042445,0.9475356054879601,"[2839, 2847]","[{""name"": ""accuracy_wide_clean_swa"", ""views"": 1, ""temperature"": 1.5, ""weight"": 0.325, ""sha256"": ""0aa9d82bef91689cc3b4b76c97b385153e325887adf376d641f082358aabea0f""}, {""name"": ""accuracy_p2_clean_swa"", ""views"": 1, ""temperature"": 1.25, ""weight"": 0.325, ""sha256"": ""31e66eb705618c067df9d65c5a5cb991addbb4f567a7c5dbab408f87859d6227""}, {""name"": ""mixer_pruned_75"", ""views"": 1, ""temperature"": 1.0, ""weight"": 0.35, ""sha256"": ""c0b7eafe5070b3985442bfdf729ab2955c7340a172dc5b817150cc02771d5f53""}]"
2207556,197924672,5685,6000,0.9475,0.15928834676742554,0.8623063683304647,0.835,0.8484335309060118,0.9473919436143035,"[2836, 2849]","[{""name"": ""accuracy_wide_clean_swa"", ""views"": 1, ""temperature"": 1.5, ""weight"": 0.325, ""sha256"": ""0aa9d82bef91689cc3b4b76c97b385153e325887adf376d641f082358aabea0f""}, {""name"": ""accuracy_p2_clean_swa"", ""views"": 1, ""temperature"": 1.25, ""weight"": 0.325, ""sha256"": ""31e66eb705618c067df9d65c5a5cb991addbb4f567a7c5dbab408f87859d6227""}, {""name"": ""mixer_pruned_75"", ""views"": 2, ""temperature"": 1.0, ""weight"": 0.35, ""sha256"": ""c0b7eafe5070b3985442bfdf729ab2955c7340a172dc5b817150cc02771d5f53""}]"
2207556,246296896,5692,6000,0.9486666666666667,0.15744437277317047,0.8697916666666666,0.835,0.8520408163265306,0.9485302680798828,"[2845, 2847]","[{""name"": ""accuracy_wide_clean_swa"", ""views"": 1, ""temperature"": 1.5, ""weight"": 0.325, ""sha256"": ""0aa9d82bef91689cc3b4b76c97b385153e325887adf376d641f082358aabea0f""}, {""name"": ""accuracy_p2_clean_swa"", ""views"": 1, ""temperature"": 1.25, ""weight"": 0.325, ""sha256"": ""31e66eb705618c067df9d65c5a5cb991addbb4f567a7c5dbab408f87859d6227""}, {""name"": ""mixer_pruned_75"", ""views"": 4, ""temperature"": 1.0, ""weight"": 0.35, ""sha256"": ""c0b7eafe5070b3985442bfdf729ab2955c7340a172dc5b817150cc02771d5f53""}]"
2207556,391413568,5691,6000,0.9485,0.15597449243068695,0.8739054290718039,0.8316666666666667,0.852263023057216,0.9483308101035522,"[2842, 2849]","[{""name"": ""accuracy_wide_clean_swa"", ""views"": 1, ""temperature"": 1.5, ""weight"": 0.325, ""sha256"": ""0aa9d82bef91689cc3b4b76c97b385153e325887adf376d641f082358aabea0f""}, {""name"": ""accuracy_p2_clean_swa"", ""views"": 1, ""temperature"": 1.25, ""weight"": 0.325, ""sha256"": ""31e66eb705618c067df9d65c5a5cb991addbb4f567a7c5dbab408f87859d6227""}, {""name"": ""mixer_pruned_75"", ""views"": 10, ""temperature"": 1.0, ""weight"": 0.35, ""sha256"": ""c0b7eafe5070b3985442bfdf729ab2955c7340a172dc5b817150cc02771d5f53""}]"
2207556,584902464,5694,6000,0.949,0.15629993379116058,0.87215411558669,0.83,0.8505550811272417,0.9488345415287519,"[2842, 2852]","[{""name"": ""accuracy_wide_clean_swa"", ""views"": 1, ""temperature"": 1.5, ""weight"": 0.325, ""sha256"": ""0aa9d82bef91689cc3b4b76c97b385153e325887adf376d641f082358aabea0f""}, {""name"": ""accuracy_p2_clean_swa"", ""views"": 1, ""temperature"": 1.25, ""weight"": 0.325, ""sha256"": ""31e66eb705618c067df9d65c5a5cb991addbb4f567a7c5dbab408f87859d6227""}, {""name"": ""mixer_pruned_75"", ""views"": 18, ""temperature"": 1.0, ""weight"": 0.35, ""sha256"": ""c0b7eafe5070b3985442bfdf729ab2955c7340a172dc5b817150cc02771d5f53""}]"
2207556,875135808,5697,6000,0.9495,0.15680274367332458,0.8758741258741258,0.835,0.8549488054607508,0.9493375931928894,"[2844, 2853]","[{""name"": ""accuracy_wide_clean_swa"", ""views"": 1, ""temperature"": 1.5, ""weight"": 0.325, ""sha256"": ""0aa9d82bef91689cc3b4b76c97b385153e325887adf376d641f082358aabea0f""}, {""name"": ""accuracy_p2_clean_swa"", ""views"": 1, ""temperature"": 1.25, ""weight"": 0.325, ""sha256"": ""31e66eb705618c067df9d65c5a5cb991addbb4f567a7c5dbab408f87859d6227""}, {""name"": ""mixer_pruned_75"", ""views"": 30, ""temperature"": 1.0, ""weight"": 0.35, ""sha256"": ""c0b7eafe5070b3985442bfdf729ab2955c7340a172dc5b817150cc02771d5f53""}]"
1827604,221882112,5677,6000,0.9461666666666667,0.18188582360744476,0.8681898066783831,0.8233333333333334,0.8451668092386655,0.9459872878972246,"[2835, 2842]","[{""name"": ""accuracy_wide_clean_swa"", ""views"": 1, ""temperature"": 1.5, ""weight"": 0.5, ""sha256"": ""0aa9d82bef91689cc3b4b76c97b385153e325887adf376d641f082358aabea0f""}, {""name"": ""accuracy_p2_clean_swa"", ""views"": 2, ""temperature"": 1.25, ""weight"": 0.5, ""sha256"": ""31e66eb705618c067df9d65c5a5cb991addbb4f567a7c5dbab408f87859d6227""}]"
2207556,246068224,5687,6000,0.9478333333333333,0.15901288390159607,0.8706293706293706,0.83,0.8498293515358362,0.9476749447273006,"[2838, 2849]","[{""name"": ""accuracy_wide_clean_swa"", ""views"": 1, ""temperature"": 1.5, ""weight"": 0.325, ""sha256"": ""0aa9d82bef91689cc3b4b76c97b385153e325887adf376d641f082358aabea0f""}, {""name"": ""accuracy_p2_clean_swa"", ""views"": 2, ""temperature"": 1.25, ""weight"": 0.325, ""sha256"": ""31e66eb705618c067df9d65c5a5cb991addbb4f567a7c5dbab408f87859d6227""}, {""name"": ""mixer_pruned_75"", ""views"": 1, ""temperature"": 1.0, ""weight"": 0.35, ""sha256"": ""c0b7eafe5070b3985442bfdf729ab2955c7340a172dc5b817150cc02771d5f53""}]"
2207556,270254336,5690,6000,0.9483333333333334,0.15758965909481049,0.8665511265164645,0.8333333333333334,0.8496176720475785,0.9481999535354586,"[2836, 2854]","[{""name"": ""accuracy_wide_clean_swa"", ""views"": 1, ""temperature"": 1.5, ""weight"": 0.325, ""sha256"": ""0aa9d82bef91689cc3b4b76c97b385153e325887adf376d641f082358aabea0f""}, {""name"": ""accuracy_p2_clean_swa"", ""views"": 2, ""temperature"": 1.25, ""weight"": 0.325, ""sha256"": ""31e66eb705618c067df9d65c5a5cb991addbb4f567a7c5dbab408f87859d6227""}, {""name"": ""mixer_pruned_75"", ""views"": 2, ""temperature"": 1.0, ""weight"": 0.35, ""sha256"": ""c0b7eafe5070b3985442bfdf729ab2955c7340a172dc5b817150cc02771d5f53""}]"
2207556,318626560,5695,6000,0.9491666666666667,0.1558459848165512,0.8726003490401396,0.8333333333333334,0.8525149190110827,0.9490065875041077,"[2844, 2851]","[{""name"": ""accuracy_wide_clean_swa"", ""views"": 1, ""temperature"": 1.5, ""weight"": 0.325, ""sha256"": ""0aa9d82bef91689cc3b4b76c97b385153e325887adf376d641f082358aabea0f""}, {""name"": ""accuracy_p2_clean_swa"", ""views"": 2, ""temperature"": 1.25, ""weight"": 0.325, ""sha256"": ""31e66eb705618c067df9d65c5a5cb991addbb4f567a7c5dbab408f87859d6227""}, {""name"": ""mixer_pruned_75"", ""views"": 4, ""temperature"": 1.0, ""weight"": 0.35, ""sha256"": ""c0b7eafe5070b3985442bfdf729ab2955c7340a172dc5b817150cc02771d5f53""}]"
2207556,463743232,5701,6000,0.9501666666666667,0.1546909660100937,0.8816254416961131,0.8316666666666667,0.855917667238422,0.9499928383700466,"[2844, 2857]","[{""name"": ""accuracy_wide_clean_swa"", ""views"": 1, ""temperature"": 1.5, ""weight"": 0.325, ""sha256"": ""0aa9d82bef91689cc3b4b76c97b385153e325887adf376d641f082358aabea0f""}, {""name"": ""accuracy_p2_clean_swa"", ""views"": 2, ""temperature"": 1.25, ""weight"": 0.325, ""sha256"": ""31e66eb705618c067df9d65c5a5cb991addbb4f567a7c5dbab408f87859d6227""}, {""name"": ""mixer_pruned_75"", ""views"": 10, ""temperature"": 1.0, ""weight"": 0.35, ""sha256"": ""c0b7eafe5070b3985442bfdf729ab2955c7340a172dc5b817150cc02771d5f53""}]"
2207556,657232128,5703,6000,0.9505,0.1550908237695694,0.8804920913884007,0.835,0.8571428571428571,0.9503307394369477,"[2844, 2859]","[{""name"": ""accuracy_wide_clean_swa"", ""views"": 1, ""temperature"": 1.5, ""weight"": 0.325, ""sha256"": ""0aa9d82bef91689cc3b4b76c97b385153e325887adf376d641f082358aabea0f""}, {""name"": ""accuracy_p2_clean_swa"", ""views"": 2, ""temperature"": 1.25, ""weight"": 0.325, ""sha256"": ""31e66eb705618c067df9d65c5a5cb991addbb4f567a7c5dbab408f87859d6227""}, {""name"": ""mixer_pruned_75"", ""views"": 18, ""temperature"": 1.0, ""weight"": 0.35, ""sha256"": ""c0b7eafe5070b3985442bfdf729ab2955c7340a172dc5b817150cc02771d5f53""}]"
2207556,947465472,5703,6000,0.9505,0.1554710417985916,0.8804920913884007,0.835,0.8571428571428571,0.9503407400685882,"[2847, 2856]","[{""name"": ""accuracy_wide_clean_swa"", ""views"": 1, ""temperature"": 1.5, ""weight"": 0.325, ""sha256"": ""0aa9d82bef91689cc3b4b76c97b385153e325887adf376d641f082358aabea0f""}, {""name"": ""accuracy_p2_clean_swa"", ""views"": 2, ""temperature"": 1.25, ""weight"": 0.325, ""sha256"": ""31e66eb705618c067df9d65c5a5cb991addbb4f567a7c5dbab408f87859d6227""}, {""name"": ""mixer_pruned_75"", ""views"": 30, ""temperature"": 1.0, ""weight"": 0.35, ""sha256"": ""c0b7eafe5070b3985442bfdf729ab2955c7340a172dc5b817150cc02771d5f53""}]"
1827604,366541440,5684,6000,0.9473333333333334,0.17353688180446625,0.8660869565217392,0.83,0.8476595744680852,0.9471769256971561,"[2838, 2846]","[{""name"": ""accuracy_wide_clean_swa"", ""views"": 1, ""temperature"": 1.5, ""weight"": 0.5, ""sha256"": ""0aa9d82bef91689cc3b4b76c97b385153e325887adf376d641f082358aabea0f""}, {""name"": ""accuracy_p2_clean_swa"", ""views"": 4, ""temperature"": 1.25, ""weight"": 0.5, ""sha256"": ""31e66eb705618c067df9d65c5a5cb991addbb4f567a7c5dbab408f87859d6227""}]"
2207556,390727552,5690,6000,0.9483333333333334,0.1570429652929306,0.8667820069204152,0.835,0.8505942275042445,0.9482057985599897,"[2840, 2850]","[{""name"": ""accuracy_wide_clean_swa"", ""views"": 1, ""temperature"": 1.5, ""weight"": 0.325, ""sha256"": ""0aa9d82bef91689cc3b4b76c97b385153e325887adf376d641f082358aabea0f""}, {""name"": ""accuracy_p2_clean_swa"", ""views"": 4, ""temperature"": 1.25, ""weight"": 0.325, ""sha256"": ""31e66eb705618c067df9d65c5a5cb991addbb4f567a7c5dbab408f87859d6227""}, {""name"": ""mixer_pruned_75"", ""views"": 1, ""temperature"": 1.0, ""weight"": 0.35, ""sha256"": ""c0b7eafe5070b3985442bfdf729ab2955c7340a172dc5b817150cc02771d5f53""}]"
2207556,414913664,5692,6000,0.9486666666666667,0.15576516091823578,0.8695652173913043,0.8333333333333334,0.851063829787234,0.9485128121285349,"[2840, 2852]","[{""name"": ""accuracy_wide_clean_swa"", ""views"": 1, ""temperature"": 1.5, ""weight"": 0.325, ""sha256"": ""0aa9d82bef91689cc3b4b76c97b385153e325887adf376d641f082358aabea0f""}, {""name"": ""accuracy_p2_clean_swa"", ""views"": 4, ""temperature"": 1.25, ""weight"": 0.325, ""sha256"": ""31e66eb705618c067df9d65c5a5cb991addbb4f567a7c5dbab408f87859d6227""}, {""name"": ""mixer_pruned_75"", ""views"": 2, ""temperature"": 1.0, ""weight"": 0.35, ""sha256"": ""c0b7eafe5070b3985442bfdf729ab2955c7340a172dc5b817150cc02771d5f53""}]"
2207556,463285888,5694,6000,0.949,0.15453411638736725,0.8700173310225303,0.8366666666666667,0.8530161427357689,0.9488621599390428,"[2842, 2852]","[{""name"": ""accuracy_wide_clean_swa"", ""views"": 1, ""temperature"": 1.5, ""weight"": 0.325, ""sha256"": ""0aa9d82bef91689cc3b4b76c97b385153e325887adf376d641f082358aabea0f""}, {""name"": ""accuracy_p2_clean_swa"", ""views"": 4, ""temperature"": 1.25, ""weight"": 0.325, ""sha256"": ""31e66eb705618c067df9d65c5a5cb991addbb4f567a7c5dbab408f87859d6227""}, {""name"": ""mixer_pruned_75"", ""views"": 4, ""temperature"": 1.0, ""weight"": 0.35, ""sha256"": ""c0b7eafe5070b3985442bfdf729ab2955c7340a172dc5b817150cc02771d5f53""}]"
2207556,608402560,5694,6000,0.949,0.15342774987220764,0.8741258741258742,0.8333333333333334,0.8532423208191127,0.9488529872456308,"[2840, 2854]","[{""name"": ""accuracy_wide_clean_swa"", ""views"": 1, ""temperature"": 1.5, ""weight"": 0.325, ""sha256"": ""0aa9d82bef91689cc3b4b76c97b385153e325887adf376d641f082358aabea0f""}, {""name"": ""accuracy_p2_clean_swa"", ""views"": 4, ""temperature"": 1.25, ""weight"": 0.325, ""sha256"": ""31e66eb705618c067df9d65c5a5cb991addbb4f567a7c5dbab408f87859d6227""}, {""name"": ""mixer_pruned_75"", ""views"": 10, ""temperature"": 1.0, ""weight"": 0.35, ""sha256"": ""c0b7eafe5070b3985442bfdf729ab2955c7340a172dc5b817150cc02771d5f53""}]"
2207556,801891456,5697,6000,0.9495,0.15398351848125458,0.8771929824561403,0.8333333333333334,0.8547008547008547,0.9493320430678847,"[2840, 2857]","[{""name"": ""accuracy_wide_clean_swa"", ""views"": 1, ""temperature"": 1.5, ""weight"": 0.325, ""sha256"": ""0aa9d82bef91689cc3b4b76c97b385153e325887adf376d641f082358aabea0f""}, {""name"": ""accuracy_p2_clean_swa"", ""views"": 4, ""temperature"": 1.25, ""weight"": 0.325, ""sha256"": ""31e66eb705618c067df9d65c5a5cb991addbb4f567a7c5dbab408f87859d6227""}, {""name"": ""mixer_pruned_75"", ""views"": 18, ""temperature"": 1.0, ""weight"": 0.35, ""sha256"": ""c0b7eafe5070b3985442bfdf729ab2955c7340a172dc5b817150cc02771d5f53""}]"
2207556,1092124800,5701,6000,0.9501666666666667,0.15418939292430878,0.8780487804878049,0.84,0.858603066439523,0.9500228750680906,"[2845, 2856]","[{""name"": ""accuracy_wide_clean_swa"", ""views"": 1, ""temperature"": 1.5, ""weight"": 0.325, ""sha256"": ""0aa9d82bef91689cc3b4b76c97b385153e325887adf376d641f082358aabea0f""}, {""name"": ""accuracy_p2_clean_swa"", ""views"": 4, ""temperature"": 1.25, ""weight"": 0.325, ""sha256"": ""31e66eb705618c067df9d65c5a5cb991addbb4f567a7c5dbab408f87859d6227""}, {""name"": ""mixer_pruned_75"", ""views"": 30, ""temperature"": 1.0, ""weight"": 0.35, ""sha256"": ""c0b7eafe5070b3985442bfdf729ab2955c7340a172dc5b817150cc02771d5f53""}]"
1827604,800519424,5684,6000,0.9473333333333334,0.16802217066287994,0.8666666666666667,0.8233333333333334,0.8444444444444444,0.9471246615183064,"[2836, 2848]","[{""name"": ""accuracy_wide_clean_swa"", ""views"": 1, ""temperature"": 1.5, ""weight"": 0.5, ""sha256"": ""0aa9d82bef91689cc3b4b76c97b385153e325887adf376d641f082358aabea0f""}, {""name"": ""accuracy_p2_clean_swa"", ""views"": 10, ""temperature"": 1.25, ""weight"": 0.5, ""sha256"": ""31e66eb705618c067df9d65c5a5cb991addbb4f567a7c5dbab408f87859d6227""}]"
2207556,824705536,5689,6000,0.9481666666666667,0.1557079702615738,0.8756567425569177,0.8333333333333334,0.8539709649871904,0.9480041441644491,"[2836, 2853]","[{""name"": ""accuracy_wide_clean_swa"", ""views"": 1, ""temperature"": 1.5, ""weight"": 0.325, ""sha256"": ""0aa9d82bef91689cc3b4b76c97b385153e325887adf376d641f082358aabea0f""}, {""name"": ""accuracy_p2_clean_swa"", ""views"": 10, ""temperature"": 1.25, ""weight"": 0.325, ""sha256"": ""31e66eb705618c067df9d65c5a5cb991addbb4f567a7c5dbab408f87859d6227""}, {""name"": ""mixer_pruned_75"", ""views"": 1, ""temperature"": 1.0, ""weight"": 0.35, ""sha256"": ""c0b7eafe5070b3985442bfdf729ab2955c7340a172dc5b817150cc02771d5f53""}]"
2207556,848891648,5687,6000,0.9478333333333333,0.1545391082763672,0.8688811188811189,0.8283333333333334,0.8481228668941979,0.9476628278197256,"[2836, 2851]","[{""name"": ""accuracy_wide_clean_swa"", ""views"": 1, ""temperature"": 1.5, ""weight"": 0.325, ""sha256"": ""0aa9d82bef91689cc3b4b76c97b385153e325887adf376d641f082358aabea0f""}, {""name"": ""accuracy_p2_clean_swa"", ""views"": 10, ""temperature"": 1.25, ""weight"": 0.325, ""sha256"": ""31e66eb705618c067df9d65c5a5cb991addbb4f567a7c5dbab408f87859d6227""}, {""name"": ""mixer_pruned_75"", ""views"": 2, ""temperature"": 1.0, ""weight"": 0.35, ""sha256"": ""c0b7eafe5070b3985442bfdf729ab2955c7340a172dc5b817150cc02771d5f53""}]"
2207556,897263872,5690,6000,0.9483333333333334,0.15364250540733337,0.8693379790940766,0.8316666666666667,0.8500851788756388,0.9481711389013299,"[2836, 2854]","[{""name"": ""accuracy_wide_clean_swa"", ""views"": 1, ""temperature"": 1.5, ""weight"": 0.325, ""sha256"": ""0aa9d82bef91689cc3b4b76c97b385153e325887adf376d641f082358aabea0f""}, {""name"": ""accuracy_p2_clean_swa"", ""views"": 10, ""temperature"": 1.25, ""weight"": 0.325, ""sha256"": ""31e66eb705618c067df9d65c5a5cb991addbb4f567a7c5dbab408f87859d6227""}, {""name"": ""mixer_pruned_75"", ""views"": 4, ""temperature"": 1.0, ""weight"": 0.35, ""sha256"": ""c0b7eafe5070b3985442bfdf729ab2955c7340a172dc5b817150cc02771d5f53""}]"
2207556,1042380544,5692,6000,0.9486666666666667,0.15275683999061584,0.875438596491228,0.8316666666666667,0.852991452991453,0.9484939695326886,"[2834, 2858]","[{""name"": ""accuracy_wide_clean_swa"", ""views"": 1, ""temperature"": 1.5, ""weight"": 0.325, ""sha256"": ""0aa9d82bef91689cc3b4b76c97b385153e325887adf376d641f082358aabea0f""}, {""name"": ""accuracy_p2_clean_swa"", ""views"": 10, ""temperature"": 1.25, ""weight"": 0.325, ""sha256"": ""31e66eb705618c067df9d65c5a5cb991addbb4f567a7c5dbab408f87859d6227""}, {""name"": ""mixer_pruned_75"", ""views"": 10, ""temperature"": 1.0, ""weight"": 0.35, ""sha256"": ""c0b7eafe5070b3985442bfdf729ab2955c7340a172dc5b817150cc02771d5f53""}]"
2207556,1235869440,5693,6000,0.9488333333333333,0.15346552431583405,0.8767605633802817,0.83,0.8527397260273972,0.9486537455497899,"[2834, 2859]","[{""name"": ""accuracy_wide_clean_swa"", ""views"": 1, ""temperature"": 1.5, ""weight"": 0.325, ""sha256"": ""0aa9d82bef91689cc3b4b76c97b385153e325887adf376d641f082358aabea0f""}, {""name"": ""accuracy_p2_clean_swa"", ""views"": 10, ""temperature"": 1.25, ""weight"": 0.325, ""sha256"": ""31e66eb705618c067df9d65c5a5cb991addbb4f567a7c5dbab408f87859d6227""}, {""name"": ""mixer_pruned_75"", ""views"": 18, ""temperature"": 1.0, ""weight"": 0.35, ""sha256"": ""c0b7eafe5070b3985442bfdf729ab2955c7340a172dc5b817150cc02771d5f53""}]"
2207556,1526102784,5691,6000,0.9485,0.15372739732265472,0.8739054290718039,0.8316666666666667,0.852263023057216,0.9483362429206235,"[2834, 2857]","[{""name"": ""accuracy_wide_clean_swa"", ""views"": 1, ""temperature"": 1.5, ""weight"": 0.325, ""sha256"": ""0aa9d82bef91689cc3b4b76c97b385153e325887adf376d641f082358aabea0f""}, {""name"": ""accuracy_p2_clean_swa"", ""views"": 10, ""temperature"": 1.25, ""weight"": 0.325, ""sha256"": ""31e66eb705618c067df9d65c5a5cb991addbb4f567a7c5dbab408f87859d6227""}, {""name"": ""mixer_pruned_75"", ""views"": 30, ""temperature"": 1.0, ""weight"": 0.35, ""sha256"": ""c0b7eafe5070b3985442bfdf729ab2955c7340a172dc5b817150cc02771d5f53""}]"
1827604,1379156736,5684,6000,0.9473333333333334,0.16657857596874237,0.8671328671328671,0.8266666666666667,0.8464163822525598,0.9471573567559046,"[2834, 2850]","[{""name"": ""accuracy_wide_clean_swa"", ""views"": 1, ""temperature"": 1.5, ""weight"": 0.5, ""sha256"": ""0aa9d82bef91689cc3b4b76c97b385153e325887adf376d641f082358aabea0f""}, {""name"": ""accuracy_p2_clean_swa"", ""views"": 18, ""temperature"": 1.25, ""weight"": 0.5, ""sha256"": ""31e66eb705618c067df9d65c5a5cb991addbb4f567a7c5dbab408f87859d6227""}]"
2207556,1403342848,5688,6000,0.948,0.1551915556192398,0.8723776223776224,0.8316666666666667,0.8515358361774744,0.9478392697450568,"[2837, 2851]","[{""name"": ""accuracy_wide_clean_swa"", ""views"": 1, ""temperature"": 1.5, ""weight"": 0.325, ""sha256"": ""0aa9d82bef91689cc3b4b76c97b385153e325887adf376d641f082358aabea0f""}, {""name"": ""accuracy_p2_clean_swa"", ""views"": 18, ""temperature"": 1.25, ""weight"": 0.325, ""sha256"": ""31e66eb705618c067df9d65c5a5cb991addbb4f567a7c5dbab408f87859d6227""}, {""name"": ""mixer_pruned_75"", ""views"": 1, ""temperature"": 1.0, ""weight"": 0.35, ""sha256"": ""c0b7eafe5070b3985442bfdf729ab2955c7340a172dc5b817150cc02771d5f53""}]"
2207556,1427528960,5688,6000,0.948,0.15424172580242157,0.8736842105263158,0.83,0.8512820512820513,0.9478217341043725,"[2835, 2853]","[{""name"": ""accuracy_wide_clean_swa"", ""views"": 1, ""temperature"": 1.5, ""weight"": 0.325, ""sha256"": ""0aa9d82bef91689cc3b4b76c97b385153e325887adf376d641f082358aabea0f""}, {""name"": ""accuracy_p2_clean_swa"", ""views"": 18, ""temperature"": 1.25, ""weight"": 0.325, ""sha256"": ""31e66eb705618c067df9d65c5a5cb991addbb4f567a7c5dbab408f87859d6227""}, {""name"": ""mixer_pruned_75"", ""views"": 2, ""temperature"": 1.0, ""weight"": 0.35, ""sha256"": ""c0b7eafe5070b3985442bfdf729ab2955c7340a172dc5b817150cc02771d5f53""}]"
2207556,1475901184,5691,6000,0.9485,0.15355141460895538,0.8743455497382199,0.835,0.8542199488491049,0.9483428594441579,"[2833, 2858]","[{""name"": ""accuracy_wide_clean_swa"", ""views"": 1, ""temperature"": 1.5, ""weight"": 0.325, ""sha256"": ""0aa9d82bef91689cc3b4b76c97b385153e325887adf376d641f082358aabea0f""}, {""name"": ""accuracy_p2_clean_swa"", ""views"": 18, ""temperature"": 1.25, ""weight"": 0.325, ""sha256"": ""31e66eb705618c067df9d65c5a5cb991addbb4f567a7c5dbab408f87859d6227""}, {""name"": ""mixer_pruned_75"", ""views"": 4, ""temperature"": 1.0, ""weight"": 0.35, ""sha256"": ""c0b7eafe5070b3985442bfdf729ab2955c7340a172dc5b817150cc02771d5f53""}]"
2207556,1621017856,5690,6000,0.9483333333333334,0.15274226665496826,0.8778761061946903,0.8266666666666667,0.8515021459227468,0.9481317422583466,"[2835, 2855]","[{""name"": ""accuracy_wide_clean_swa"", ""views"": 1, ""temperature"": 1.5, ""weight"": 0.325, ""sha256"": ""0aa9d82bef91689cc3b4b76c97b385153e325887adf376d641f082358aabea0f""}, {""name"": ""accuracy_p2_clean_swa"", ""views"": 18, ""temperature"": 1.25, ""weight"": 0.325, ""sha256"": ""31e66eb705618c067df9d65c5a5cb991addbb4f567a7c5dbab408f87859d6227""}, {""name"": ""mixer_pruned_75"", ""views"": 10, ""temperature"": 1.0, ""weight"": 0.35, ""sha256"": ""c0b7eafe5070b3985442bfdf729ab2955c7340a172dc5b817150cc02771d5f53""}]"
2207556,1814506752,5693,6000,0.9488333333333333,0.15363241732120514,0.8739054290718039,0.8316666666666667,0.852263023057216,0.9486623927280178,"[2836, 2857]","[{""name"": ""accuracy_wide_clean_swa"", ""views"": 1, ""temperature"": 1.5, ""weight"": 0.325, ""sha256"": ""0aa9d82bef91689cc3b4b76c97b385153e325887adf376d641f082358aabea0f""}, {""name"": ""accuracy_p2_clean_swa"", ""views"": 18, ""temperature"": 1.25, ""weight"": 0.325, ""sha256"": ""31e66eb705618c067df9d65c5a5cb991addbb4f567a7c5dbab408f87859d6227""}, {""name"": ""mixer_pruned_75"", ""views"": 18, ""temperature"": 1.0, ""weight"": 0.35, ""sha256"": ""c0b7eafe5070b3985442bfdf729ab2955c7340a172dc5b817150cc02771d5f53""}]"
2207556,2104740096,5690,6000,0.9483333333333334,0.15379387140274048,0.8710801393728222,0.8333333333333334,0.8517887563884157,0.9481849550108088,"[2832, 2858]","[{""name"": ""accuracy_wide_clean_swa"", ""views"": 1, ""temperature"": 1.5, ""weight"": 0.325, ""sha256"": ""0aa9d82bef91689cc3b4b76c97b385153e325887adf376d641f082358aabea0f""}, {""name"": ""accuracy_p2_clean_swa"", ""views"": 18, ""temperature"": 1.25, ""weight"": 0.325, ""sha256"": ""31e66eb705618c067df9d65c5a5cb991addbb4f567a7c5dbab408f87859d6227""}, {""name"": ""mixer_pruned_75"", ""views"": 30, ""temperature"": 1.0, ""weight"": 0.35, ""sha256"": ""c0b7eafe5070b3985442bfdf729ab2955c7340a172dc5b817150cc02771d5f53""}]"
1827604,2247112704,5679,6000,0.9465,0.16654251515865326,0.8698752228163993,0.8133333333333334,0.8406546080964685,0.9462408992936776,"[2827, 2852]","[{""name"": ""accuracy_wide_clean_swa"", ""views"": 1, ""temperature"": 1.5, ""weight"": 0.5, ""sha256"": ""0aa9d82bef91689cc3b4b76c97b385153e325887adf376d641f082358aabea0f""}, {""name"": ""accuracy_p2_clean_swa"", ""views"": 30, ""temperature"": 1.25, ""weight"": 0.5, ""sha256"": ""31e66eb705618c067df9d65c5a5cb991addbb4f567a7c5dbab408f87859d6227""}]"
2207556,2271298816,5690,6000,0.9483333333333334,0.1554974764585495,0.8739054290718039,0.8316666666666667,0.852263023057216,0.9481635373909023,"[2835, 2855]","[{""name"": ""accuracy_wide_clean_swa"", ""views"": 1, ""temperature"": 1.5, ""weight"": 0.325, ""sha256"": ""0aa9d82bef91689cc3b4b76c97b385153e325887adf376d641f082358aabea0f""}, {""name"": ""accuracy_p2_clean_swa"", ""views"": 30, ""temperature"": 1.25, ""weight"": 0.325, ""sha256"": ""31e66eb705618c067df9d65c5a5cb991addbb4f567a7c5dbab408f87859d6227""}, {""name"": ""mixer_pruned_75"", ""views"": 1, ""temperature"": 1.0, ""weight"": 0.35, ""sha256"": ""c0b7eafe5070b3985442bfdf729ab2955c7340a172dc5b817150cc02771d5f53""}]"
2207556,2295484928,5693,6000,0.9488333333333333,0.15455865859985352,0.879646017699115,0.8283333333333334,0.8532188841201717,0.9486311020867552,"[2837, 2856]","[{""name"": ""accuracy_wide_clean_swa"", ""views"": 1, ""temperature"": 1.5, ""weight"": 0.325, ""sha256"": ""0aa9d82bef91689cc3b4b76c97b385153e325887adf376d641f082358aabea0f""}, {""name"": ""accuracy_p2_clean_swa"", ""views"": 30, ""temperature"": 1.25, ""weight"": 0.325, ""sha256"": ""31e66eb705618c067df9d65c5a5cb991addbb4f567a7c5dbab408f87859d6227""}, {""name"": ""mixer_pruned_75"", ""views"": 2, ""temperature"": 1.0, ""weight"": 0.35, ""sha256"": ""c0b7eafe5070b3985442bfdf729ab2955c7340a172dc5b817150cc02771d5f53""}]"
2207556,2343857152,5688,6000,0.948,0.1537753790616989,0.8710247349823321,0.8216666666666667,0.8456260720411664,0.9477713565412851,"[2835, 2853]","[{""name"": ""accuracy_wide_clean_swa"", ""views"": 1, ""temperature"": 1.5, ""weight"": 0.325, ""sha256"": ""0aa9d82bef91689cc3b4b76c97b385153e325887adf376d641f082358aabea0f""}, {""name"": ""accuracy_p2_clean_swa"", ""views"": 30, ""temperature"": 1.25, ""weight"": 0.325, ""sha256"": ""31e66eb705618c067df9d65c5a5cb991addbb4f567a7c5dbab408f87859d6227""}, {""name"": ""mixer_pruned_75"", ""views"": 4, ""temperature"": 1.0, ""weight"": 0.35, ""sha256"": ""c0b7eafe5070b3985442bfdf729ab2955c7340a172dc5b817150cc02771d5f53""}]"
2207556,2488973824,5688,6000,0.948,0.15303058922290802,0.874113475177305,0.8216666666666667,0.8470790378006873,0.947774737248408,"[2834, 2854]","[{""name"": ""accuracy_wide_clean_swa"", ""views"": 1, ""temperature"": 1.5, ""weight"": 0.325, ""sha256"": ""0aa9d82bef91689cc3b4b76c97b385153e325887adf376d641f082358aabea0f""}, {""name"": ""accuracy_p2_clean_swa"", ""views"": 30, ""temperature"": 1.25, ""weight"": 0.325, ""sha256"": ""31e66eb705618c067df9d65c5a5cb991addbb4f567a7c5dbab408f87859d6227""}, {""name"": ""mixer_pruned_75"", ""views"": 10, ""temperature"": 1.0, ""weight"": 0.35, ""sha256"": ""c0b7eafe5070b3985442bfdf729ab2955c7340a172dc5b817150cc02771d5f53""}]"
2207556,2682462720,5691,6000,0.9485,0.15374360978603363,0.8774422735346359,0.8233333333333334,0.8495270851246776,0.9482859043397939,"[2835, 2856]","[{""name"": ""accuracy_wide_clean_swa"", ""views"": 1, ""temperature"": 1.5, ""weight"": 0.325, ""sha256"": ""0aa9d82bef91689cc3b4b76c97b385153e325887adf376d641f082358aabea0f""}, {""name"": ""accuracy_p2_clean_swa"", ""views"": 30, ""temperature"": 1.25, ""weight"": 0.325, ""sha256"": ""31e66eb705618c067df9d65c5a5cb991addbb4f567a7c5dbab408f87859d6227""}, {""name"": ""mixer_pruned_75"", ""views"": 18, ""temperature"": 1.0, ""weight"": 0.35, ""sha256"": ""c0b7eafe5070b3985442bfdf729ab2955c7340a172dc5b817150cc02771d5f53""}]"
2207556,2972696064,5692,6000,0.9486666666666667,0.1543564796447754,0.8734622144112478,0.8283333333333334,0.8502994011976048,0.9484834668316944,"[2836, 2856]","[{""name"": ""accuracy_wide_clean_swa"", ""views"": 1, ""temperature"": 1.5, ""weight"": 0.325, ""sha256"": ""0aa9d82bef91689cc3b4b76c97b385153e325887adf376d641f082358aabea0f""}, {""name"": ""accuracy_p2_clean_swa"", ""views"": 30, ""temperature"": 1.25, ""weight"": 0.325, ""sha256"": ""31e66eb705618c067df9d65c5a5cb991addbb4f567a7c5dbab408f87859d6227""}, {""name"": ""mixer_pruned_75"", ""views"": 30, ""temperature"": 1.0, ""weight"": 0.35, ""sha256"": ""c0b7eafe5070b3985442bfdf729ab2955c7340a172dc5b817150cc02771d5f53""}]"
1297746,154445568,5657,6000,0.9428333333333333,0.21894949674606323,0.8551483420593369,0.8166666666666667,0.835464620630861,0.9426240409671008,"[2812, 2845]","[{""name"": ""accuracy_wide_clean_swa"", ""views"": 2, ""temperature"": 1.5, ""weight"": 1.0, ""sha256"": ""0aa9d82bef91689cc3b4b76c97b385153e325887adf376d641f082358aabea0f""}]"
1677698,178631680,5665,6000,0.9441666666666667,0.1693934053182602,0.8576388888888888,0.8233333333333334,0.8401360544217688,0.944003814889896,"[2829, 2836]","[{""name"": ""accuracy_wide_clean_swa"", ""views"": 2, ""temperature"": 1.5, ""weight"": 0.48148148148148145, ""sha256"": ""0aa9d82bef91689cc3b4b76c97b385153e325887adf376d641f082358aabea0f""}, {""name"": ""mixer_pruned_75"", ""views"": 1, ""temperature"": 1.0, ""weight"": 0.5185185185185185, ""sha256"": ""c0b7eafe5070b3985442bfdf729ab2955c7340a172dc5b817150cc02771d5f53""}]"
1677698,202817792,5660,6000,0.9433333333333334,0.16653521358966827,0.8548951048951049,0.815,0.8344709897610921,0.9431274036262604,"[2822, 2838]","[{""name"": ""accuracy_wide_clean_swa"", ""views"": 2, ""temperature"": 1.5, ""weight"": 0.48148148148148145, ""sha256"": ""0aa9d82bef91689cc3b4b76c97b385153e325887adf376d641f082358aabea0f""}, {""name"": ""mixer_pruned_75"", ""views"": 2, ""temperature"": 1.0, ""weight"": 0.5185185185185185, ""sha256"": ""c0b7eafe5070b3985442bfdf729ab2955c7340a172dc5b817150cc02771d5f53""}]"
1677698,251190016,5665,6000,0.9441666666666667,0.16159716248512268,0.8529411764705882,0.8216666666666667,0.8370118845500849,0.9440098587537072,"[2825, 2840]","[{""name"": ""accuracy_wide_clean_swa"", ""views"": 2, ""temperature"": 1.5, ""weight"": 0.48148148148148145, ""sha256"": ""0aa9d82bef91689cc3b4b76c97b385153e325887adf376d641f082358aabea0f""}, {""name"": ""mixer_pruned_75"", ""views"": 4, ""temperature"": 1.0, ""weight"": 0.5185185185185185, ""sha256"": ""c0b7eafe5070b3985442bfdf729ab2955c7340a172dc5b817150cc02771d5f53""}]"
1677698,396306688,5669,6000,0.9448333333333333,0.15846993029117584,0.8576449912126538,0.8133333333333334,0.834901625320787,0.9445869527788568,"[2826, 2843]","[{""name"": ""accuracy_wide_clean_swa"", ""views"": 2, ""temperature"": 1.5, ""weight"": 0.48148148148148145, ""sha256"": ""0aa9d82bef91689cc3b4b76c97b385153e325887adf376d641f082358aabea0f""}, {""name"": ""mixer_pruned_75"", ""views"": 10, ""temperature"": 1.0, ""weight"": 0.5185185185185185, ""sha256"": ""c0b7eafe5070b3985442bfdf729ab2955c7340a172dc5b817150cc02771d5f53""}]"
1677698,589795584,5678,6000,0.9463333333333334,0.1585168093442917,0.861646234676007,0.82,0.8403074295473953,0.9461037620466209,"[2830, 2848]","[{""name"": ""accuracy_wide_clean_swa"", ""views"": 2, ""temperature"": 1.5, ""weight"": 0.48148148148148145, ""sha256"": ""0aa9d82bef91689cc3b4b76c97b385153e325887adf376d641f082358aabea0f""}, {""name"": ""mixer_pruned_75"", ""views"": 18, ""temperature"": 1.0, ""weight"": 0.5185185185185185, ""sha256"": ""c0b7eafe5070b3985442bfdf729ab2955c7340a172dc5b817150cc02771d5f53""}]"
1677698,880028928,5669,6000,0.9448333333333333,0.1592670977115631,0.8571428571428571,0.82,0.838160136286201,0.944634571554341,"[2824, 2845]","[{""name"": ""accuracy_wide_clean_swa"", ""views"": 2, ""temperature"": 1.5, ""weight"": 0.48148148148148145, ""sha256"": ""0aa9d82bef91689cc3b4b76c97b385153e325887adf376d641f082358aabea0f""}, {""name"": ""mixer_pruned_75"", ""views"": 30, ""temperature"": 1.0, ""weight"": 0.5185185185185185, ""sha256"": ""c0b7eafe5070b3985442bfdf729ab2955c7340a172dc5b817150cc02771d5f53""}]"
1827604,226775232,5663,6000,0.9438333333333333,0.1797810196876526,0.866785079928952,0.8133333333333334,0.8392089423903697,0.9436040539427462,"[2825, 2838]","[{""name"": ""accuracy_wide_clean_swa"", ""views"": 2, ""temperature"": 1.5, ""weight"": 0.5, ""sha256"": ""0aa9d82bef91689cc3b4b76c97b385153e325887adf376d641f082358aabea0f""}, {""name"": ""accuracy_p2_clean_swa"", ""views"": 1, ""temperature"": 1.25, ""weight"": 0.5, ""sha256"": ""31e66eb705618c067df9d65c5a5cb991addbb4f567a7c5dbab408f87859d6227""}]"
2207556,250961344,5687,6000,0.9478333333333333,0.15952594578266144,0.8695652173913043,0.8333333333333334,0.851063829787234,0.9476913203245994,"[2839, 2848]","[{""name"": ""accuracy_wide_clean_swa"", ""views"": 2, ""temperature"": 1.5, ""weight"": 0.325, ""sha256"": ""0aa9d82bef91689cc3b4b76c97b385153e325887adf376d641f082358aabea0f""}, {""name"": ""accuracy_p2_clean_swa"", ""views"": 1, ""temperature"": 1.25, ""weight"": 0.325, ""sha256"": ""31e66eb705618c067df9d65c5a5cb991addbb4f567a7c5dbab408f87859d6227""}, {""name"": ""mixer_pruned_75"", ""views"": 1, ""temperature"": 1.0, ""weight"": 0.35, ""sha256"": ""c0b7eafe5070b3985442bfdf729ab2955c7340a172dc5b817150cc02771d5f53""}]"
2207556,275147456,5694,6000,0.949,0.15832677483558655,0.8758741258741258,0.835,0.8549488054607508,0.9488215396735205,"[2841, 2853]","[{""name"": ""accuracy_wide_clean_swa"", ""views"": 2, ""temperature"": 1.5, ""weight"": 0.325, ""sha256"": ""0aa9d82bef91689cc3b4b76c97b385153e325887adf376d641f082358aabea0f""}, {""name"": ""accuracy_p2_clean_swa"", ""views"": 1, ""temperature"": 1.25, ""weight"": 0.325, ""sha256"": ""31e66eb705618c067df9d65c5a5cb991addbb4f567a7c5dbab408f87859d6227""}, {""name"": ""mixer_pruned_75"", ""views"": 2, ""temperature"": 1.0, ""weight"": 0.35, ""sha256"": ""c0b7eafe5070b3985442bfdf729ab2955c7340a172dc5b817150cc02771d5f53""}]"
2207556,323519680,5699,6000,0.9498333333333333,0.15640372037887573,0.8763066202090593,0.8383333333333334,0.8568994889267462,0.9496791630106124,"[2847, 2852]","[{""name"": ""accuracy_wide_clean_swa"", ""views"": 2, ""temperature"": 1.5, ""weight"": 0.325, ""sha256"": ""0aa9d82bef91689cc3b4b76c97b385153e325887adf376d641f082358aabea0f""}, {""name"": ""accuracy_p2_clean_swa"", ""views"": 1, ""temperature"": 1.25, ""weight"": 0.325, ""sha256"": ""31e66eb705618c067df9d65c5a5cb991addbb4f567a7c5dbab408f87859d6227""}, {""name"": ""mixer_pruned_75"", ""views"": 4, ""temperature"": 1.0, ""weight"": 0.35, ""sha256"": ""c0b7eafe5070b3985442bfdf729ab2955c7340a172dc5b817150cc02771d5f53""}]"
2207556,468636352,5698,6000,0.9496666666666667,0.15488171577453613,0.8807017543859649,0.8366666666666667,0.8581196581196581,0.949498602159756,"[2843, 2855]","[{""name"": ""accuracy_wide_clean_swa"", ""views"": 2, ""temperature"": 1.5, ""weight"": 0.325, ""sha256"": ""0aa9d82bef91689cc3b4b76c97b385153e325887adf376d641f082358aabea0f""}, {""name"": ""accuracy_p2_clean_swa"", ""views"": 1, ""temperature"": 1.25, ""weight"": 0.325, ""sha256"": ""31e66eb705618c067df9d65c5a5cb991addbb4f567a7c5dbab408f87859d6227""}, {""name"": ""mixer_pruned_75"", ""views"": 10, ""temperature"": 1.0, ""weight"": 0.35, ""sha256"": ""c0b7eafe5070b3985442bfdf729ab2955c7340a172dc5b817150cc02771d5f53""}]"
2207556,662125248,5700,6000,0.95,0.1551298052072525,0.8793706293706294,0.8383333333333334,0.8583617747440273,0.9498487517246581,"[2843, 2857]","[{""name"": ""accuracy_wide_clean_swa"", ""views"": 2, ""temperature"": 1.5, ""weight"": 0.325, ""sha256"": ""0aa9d82bef91689cc3b4b76c97b385153e325887adf376d641f082358aabea0f""}, {""name"": ""accuracy_p2_clean_swa"", ""views"": 1, ""temperature"": 1.25, ""weight"": 0.325, ""sha256"": ""31e66eb705618c067df9d65c5a5cb991addbb4f567a7c5dbab408f87859d6227""}, {""name"": ""mixer_pruned_75"", ""views"": 18, ""temperature"": 1.0, ""weight"": 0.35, ""sha256"": ""c0b7eafe5070b3985442bfdf729ab2955c7340a172dc5b817150cc02771d5f53""}]"
2207556,952358592,5694,6000,0.949,0.15567053854465485,0.8771929824561403,0.8333333333333334,0.8547008547008547,0.9488282446313692,"[2842, 2852]","[{""name"": ""accuracy_wide_clean_swa"", ""views"": 2, ""temperature"": 1.5, ""weight"": 0.325, ""sha256"": ""0aa9d82bef91689cc3b4b76c97b385153e325887adf376d641f082358aabea0f""}, {""name"": ""accuracy_p2_clean_swa"", ""views"": 1, ""temperature"": 1.25, ""weight"": 0.325, ""sha256"": ""31e66eb705618c067df9d65c5a5cb991addbb4f567a7c5dbab408f87859d6227""}, {""name"": ""mixer_pruned_75"", ""views"": 30, ""temperature"": 1.0, ""weight"": 0.35, ""sha256"": ""c0b7eafe5070b3985442bfdf729ab2955c7340a172dc5b817150cc02771d5f53""}]"
1827604,299104896,5687,6000,0.9478333333333333,0.17637766897678375,0.8763250883392226,0.8266666666666667,0.8507718696397941,0.947643786634651,"[2834, 2853]","[{""name"": ""accuracy_wide_clean_swa"", ""views"": 2, ""temperature"": 1.5, ""weight"": 0.5, ""sha256"": ""0aa9d82bef91689cc3b4b76c97b385153e325887adf376d641f082358aabea0f""}, {""name"": ""accuracy_p2_clean_swa"", ""views"": 2, ""temperature"": 1.25, ""weight"": 0.5, ""sha256"": ""31e66eb705618c067df9d65c5a5cb991addbb4f567a7c5dbab408f87859d6227""}]"
2207556,323291008,5685,6000,0.9475,0.15819275379180908,0.8741258741258742,0.8333333333333334,0.8532423208191127,0.9473470530597895,"[2836, 2849]","[{""name"": ""accuracy_wide_clean_swa"", ""views"": 2, ""temperature"": 1.5, ""weight"": 0.325, ""sha256"": ""0aa9d82bef91689cc3b4b76c97b385153e325887adf376d641f082358aabea0f""}, {""name"": ""accuracy_p2_clean_swa"", ""views"": 2, ""temperature"": 1.25, ""weight"": 0.325, ""sha256"": ""31e66eb705618c067df9d65c5a5cb991addbb4f567a7c5dbab408f87859d6227""}, {""name"": ""mixer_pruned_75"", ""views"": 1, ""temperature"": 1.0, ""weight"": 0.35, ""sha256"": ""c0b7eafe5070b3985442bfdf729ab2955c7340a172dc5b817150cc02771d5f53""}]"
2207556,347477120,5696,6000,0.9493333333333334,0.15703578293323517,0.8743455497382199,0.835,0.8542199488491049,0.9491780965591031,"[2842, 2854]","[{""name"": ""accuracy_wide_clean_swa"", ""views"": 2, ""temperature"": 1.5, ""weight"": 0.325, ""sha256"": ""0aa9d82bef91689cc3b4b76c97b385153e325887adf376d641f082358aabea0f""}, {""name"": ""accuracy_p2_clean_swa"", ""views"": 2, ""temperature"": 1.25, ""weight"": 0.325, ""sha256"": ""31e66eb705618c067df9d65c5a5cb991addbb4f567a7c5dbab408f87859d6227""}, {""name"": ""mixer_pruned_75"", ""views"": 2, ""temperature"": 1.0, ""weight"": 0.35, ""sha256"": ""c0b7eafe5070b3985442bfdf729ab2955c7340a172dc5b817150cc02771d5f53""}]"
2207556,395849344,5701,6000,0.9501666666666667,0.15520387887954712,0.8791593695271454,0.8366666666666667,0.8573868488471392,0.9499936025469392,"[2845, 2856]","[{""name"": ""accuracy_wide_clean_swa"", ""views"": 2, ""temperature"": 1.5, ""weight"": 0.325, ""sha256"": ""0aa9d82bef91689cc3b4b76c97b385153e325887adf376d641f082358aabea0f""}, {""name"": ""accuracy_p2_clean_swa"", ""views"": 2, ""temperature"": 1.25, ""weight"": 0.325, ""sha256"": ""31e66eb705618c067df9d65c5a5cb991addbb4f567a7c5dbab408f87859d6227""}, {""name"": ""mixer_pruned_75"", ""views"": 4, ""temperature"": 1.0, ""weight"": 0.35, ""sha256"": ""c0b7eafe5070b3985442bfdf729ab2955c7340a172dc5b817150cc02771d5f53""}]"
2207556,540966016,5702,6000,0.9503333333333334,0.1540154665708542,0.8776223776223776,0.8366666666666667,0.856655290102389,0.9501857306838254,"[2845, 2857]","[{""name"": ""accuracy_wide_clean_swa"", ""views"": 2, ""temperature"": 1.5, ""weight"": 0.325, ""sha256"": ""0aa9d82bef91689cc3b4b76c97b385153e325887adf376d641f082358aabea0f""}, {""name"": ""accuracy_p2_clean_swa"", ""views"": 2, ""temperature"": 1.25, ""weight"": 0.325, ""sha256"": ""31e66eb705618c067df9d65c5a5cb991addbb4f567a7c5dbab408f87859d6227""}, {""name"": ""mixer_pruned_75"", ""views"": 10, ""temperature"": 1.0, ""weight"": 0.35, ""sha256"": ""c0b7eafe5070b3985442bfdf729ab2955c7340a172dc5b817150cc02771d5f53""}]"
2207556,734454912,5707,6000,0.9511666666666667,0.15434923768043518,0.8842105263157894,0.84,0.8615384615384616,0.9510149691153265,"[2846, 2861]","[{""name"": ""accuracy_wide_clean_swa"", ""views"": 2, ""temperature"": 1.5, ""weight"": 0.325, ""sha256"": ""0aa9d82bef91689cc3b4b76c97b385153e325887adf376d641f082358aabea0f""}, {""name"": ""accuracy_p2_clean_swa"", ""views"": 2, ""temperature"": 1.25, ""weight"": 0.325, ""sha256"": ""31e66eb705618c067df9d65c5a5cb991addbb4f567a7c5dbab408f87859d6227""}, {""name"": ""mixer_pruned_75"", ""views"": 18, ""temperature"": 1.0, ""weight"": 0.35, ""sha256"": ""c0b7eafe5070b3985442bfdf729ab2955c7340a172dc5b817150cc02771d5f53""}]"
2207556,1024688256,5702,6000,0.9503333333333334,0.15474073588848114,0.8804920913884007,0.835,0.8571428571428571,0.9501691907272865,"[2847, 2855]","[{""name"": ""accuracy_wide_clean_swa"", ""views"": 2, ""temperature"": 1.5, ""weight"": 0.325, ""sha256"": ""0aa9d82bef91689cc3b4b76c97b385153e325887adf376d641f082358aabea0f""}, {""name"": ""accuracy_p2_clean_swa"", ""views"": 2, ""temperature"": 1.25, ""weight"": 0.325, ""sha256"": ""31e66eb705618c067df9d65c5a5cb991addbb4f567a7c5dbab408f87859d6227""}, {""name"": ""mixer_pruned_75"", ""views"": 30, ""temperature"": 1.0, ""weight"": 0.35, ""sha256"": ""c0b7eafe5070b3985442bfdf729ab2955c7340a172dc5b817150cc02771d5f53""}]"
1827604,443764224,5688,6000,0.948,0.16889531910419464,0.8774080560420315,0.835,0.8556789069171649,0.9478363915853121,"[2834, 2854]","[{""name"": ""accuracy_wide_clean_swa"", ""views"": 2, ""temperature"": 1.5, ""weight"": 0.5, ""sha256"": ""0aa9d82bef91689cc3b4b76c97b385153e325887adf376d641f082358aabea0f""}, {""name"": ""accuracy_p2_clean_swa"", ""views"": 4, ""temperature"": 1.25, ""weight"": 0.5, ""sha256"": ""31e66eb705618c067df9d65c5a5cb991addbb4f567a7c5dbab408f87859d6227""}]"
2207556,467950336,5688,6000,0.948,0.15611806511878967,0.8758741258741258,0.835,0.8549488054607508,0.9478437272109124,"[2837, 2851]","[{""name"": ""accuracy_wide_clean_swa"", ""views"": 2, ""temperature"": 1.5, ""weight"": 0.325, ""sha256"": ""0aa9d82bef91689cc3b4b76c97b385153e325887adf376d641f082358aabea0f""}, {""name"": ""accuracy_p2_clean_swa"", ""views"": 4, ""temperature"": 1.25, ""weight"": 0.325, ""sha256"": ""31e66eb705618c067df9d65c5a5cb991addbb4f567a7c5dbab408f87859d6227""}, {""name"": ""mixer_pruned_75"", ""views"": 1, ""temperature"": 1.0, ""weight"": 0.35, ""sha256"": ""c0b7eafe5070b3985442bfdf729ab2955c7340a172dc5b817150cc02771d5f53""}]"
2207556,492136448,5698,6000,0.9496666666666667,0.15516571700572968,0.8789473684210526,0.835,0.8564102564102564,0.9494824781448532,"[2843, 2855]","[{""name"": ""accuracy_wide_clean_swa"", ""views"": 2, ""temperature"": 1.5, ""weight"": 0.325, ""sha256"": ""0aa9d82bef91689cc3b4b76c97b385153e325887adf376d641f082358aabea0f""}, {""name"": ""accuracy_p2_clean_swa"", ""views"": 4, ""temperature"": 1.25, ""weight"": 0.325, ""sha256"": ""31e66eb705618c067df9d65c5a5cb991addbb4f567a7c5dbab408f87859d6227""}, {""name"": ""mixer_pruned_75"", ""views"": 2, ""temperature"": 1.0, ""weight"": 0.35, ""sha256"": ""c0b7eafe5070b3985442bfdf729ab2955c7340a172dc5b817150cc02771d5f53""}]"
2207556,540508672,5699,6000,0.9498333333333333,0.15384851396083832,0.8804920913884007,0.835,0.8571428571428571,0.9496433578817914,"[2847, 2852]","[{""name"": ""accuracy_wide_clean_swa"", ""views"": 2, ""temperature"": 1.5, ""weight"": 0.325, ""sha256"": ""0aa9d82bef91689cc3b4b76c97b385153e325887adf376d641f082358aabea0f""}, {""name"": ""accuracy_p2_clean_swa"", ""views"": 4, ""temperature"": 1.25, ""weight"": 0.325, ""sha256"": ""31e66eb705618c067df9d65c5a5cb991addbb4f567a7c5dbab408f87859d6227""}, {""name"": ""mixer_pruned_75"", ""views"": 4, ""temperature"": 1.0, ""weight"": 0.35, ""sha256"": ""c0b7eafe5070b3985442bfdf729ab2955c7340a172dc5b817150cc02771d5f53""}]"
2207556,685625344,5700,6000,0.95,0.15272019803524017,0.8791593695271454,0.8366666666666667,0.8573868488471392,0.9498393405448414,"[2845, 2855]","[{""name"": ""accuracy_wide_clean_swa"", ""views"": 2, ""temperature"": 1.5, ""weight"": 0.325, ""sha256"": ""0aa9d82bef91689cc3b4b76c97b385153e325887adf376d641f082358aabea0f""}, {""name"": ""accuracy_p2_clean_swa"", ""views"": 4, ""temperature"": 1.25, ""weight"": 0.325, ""sha256"": ""31e66eb705618c067df9d65c5a5cb991addbb4f567a7c5dbab408f87859d6227""}, {""name"": ""mixer_pruned_75"", ""views"": 10, ""temperature"": 1.0, ""weight"": 0.35, ""sha256"": ""c0b7eafe5070b3985442bfdf729ab2955c7340a172dc5b817150cc02771d5f53""}]"
2207556,879114240,5706,6000,0.951,0.1532004177570343,0.8809106830122592,0.8383333333333334,0.8590947907771136,0.950837860650147,"[2843, 2863]","[{""name"": ""accuracy_wide_clean_swa"", ""views"": 2, ""temperature"": 1.5, ""weight"": 0.325, ""sha256"": ""0aa9d82bef91689cc3b4b76c97b385153e325887adf376d641f082358aabea0f""}, {""name"": ""accuracy_p2_clean_swa"", ""views"": 4, ""temperature"": 1.25, ""weight"": 0.325, ""sha256"": ""31e66eb705618c067df9d65c5a5cb991addbb4f567a7c5dbab408f87859d6227""}, {""name"": ""mixer_pruned_75"", ""views"": 18, ""temperature"": 1.0, ""weight"": 0.35, ""sha256"": ""c0b7eafe5070b3985442bfdf729ab2955c7340a172dc5b817150cc02771d5f53""}]"
2207556,1169347584,5703,6000,0.9505,0.15344877541065216,0.8855633802816901,0.8383333333333334,0.8613013698630136,0.9503232720247929,"[2844, 2859]","[{""name"": ""accuracy_wide_clean_swa"", ""views"": 2, ""temperature"": 1.5, ""weight"": 0.325, ""sha256"": ""0aa9d82bef91689cc3b4b76c97b385153e325887adf376d641f082358aabea0f""}, {""name"": ""accuracy_p2_clean_swa"", ""views"": 4, ""temperature"": 1.25, ""weight"": 0.325, ""sha256"": ""31e66eb705618c067df9d65c5a5cb991addbb4f567a7c5dbab408f87859d6227""}, {""name"": ""mixer_pruned_75"", ""views"": 30, ""temperature"": 1.0, ""weight"": 0.35, ""sha256"": ""c0b7eafe5070b3985442bfdf729ab2955c7340a172dc5b817150cc02771d5f53""}]"
1827604,877742208,5689,6000,0.9481666666666667,0.16457204520702362,0.8771929824561403,0.8333333333333334,0.8547008547008547,0.9479961901261886,"[2830, 2859]","[{""name"": ""accuracy_wide_clean_swa"", ""views"": 2, ""temperature"": 1.5, ""weight"": 0.5, ""sha256"": ""0aa9d82bef91689cc3b4b76c97b385153e325887adf376d641f082358aabea0f""}, {""name"": ""accuracy_p2_clean_swa"", ""views"": 10, ""temperature"": 1.25, ""weight"": 0.5, ""sha256"": ""31e66eb705618c067df9d65c5a5cb991addbb4f567a7c5dbab408f87859d6227""}]"
2207556,901928320,5689,6000,0.9481666666666667,0.15480615198612213,0.8760907504363001,0.8366666666666667,0.855924978687127,0.9480095119966059,"[2837, 2852]","[{""name"": ""accuracy_wide_clean_swa"", ""views"": 2, ""temperature"": 1.5, ""weight"": 0.325, ""sha256"": ""0aa9d82bef91689cc3b4b76c97b385153e325887adf376d641f082358aabea0f""}, {""name"": ""accuracy_p2_clean_swa"", ""views"": 10, ""temperature"": 1.25, ""weight"": 0.325, ""sha256"": ""31e66eb705618c067df9d65c5a5cb991addbb4f567a7c5dbab408f87859d6227""}, {""name"": ""mixer_pruned_75"", ""views"": 1, ""temperature"": 1.0, ""weight"": 0.35, ""sha256"": ""c0b7eafe5070b3985442bfdf729ab2955c7340a172dc5b817150cc02771d5f53""}]"
2207556,926114432,5694,6000,0.949,0.15393677353858948,0.8833922261484098,0.8333333333333334,0.8576329331046312,0.9488014957535071,"[2841, 2853]","[{""name"": ""accuracy_wide_clean_swa"", ""views"": 2, ""temperature"": 1.5, ""weight"": 0.325, ""sha256"": ""0aa9d82bef91689cc3b4b76c97b385153e325887adf376d641f082358aabea0f""}, {""name"": ""accuracy_p2_clean_swa"", ""views"": 10, ""temperature"": 1.25, ""weight"": 0.325, ""sha256"": ""31e66eb705618c067df9d65c5a5cb991addbb4f567a7c5dbab408f87859d6227""}, {""name"": ""mixer_pruned_75"", ""views"": 2, ""temperature"": 1.0, ""weight"": 0.35, ""sha256"": ""c0b7eafe5070b3985442bfdf729ab2955c7340a172dc5b817150cc02771d5f53""}]"
2207556,974486656,5696,6000,0.9493333333333334,0.15292786061763763,0.8745644599303136,0.8366666666666667,0.8551959114139693,0.9491755697846489,"[2842, 2854]","[{""name"": ""accuracy_wide_clean_swa"", ""views"": 2, ""temperature"": 1.5, ""weight"": 0.325, ""sha256"": ""0aa9d82bef91689cc3b4b76c97b385153e325887adf376d641f082358aabea0f""}, {""name"": ""accuracy_p2_clean_swa"", ""views"": 10, ""temperature"": 1.25, ""weight"": 0.325, ""sha256"": ""31e66eb705618c067df9d65c5a5cb991addbb4f567a7c5dbab408f87859d6227""}, {""name"": ""mixer_pruned_75"", ""views"": 4, ""temperature"": 1.0, ""weight"": 0.35, ""sha256"": ""c0b7eafe5070b3985442bfdf729ab2955c7340a172dc5b817150cc02771d5f53""}]"
2207556,1119603328,5695,6000,0.9491666666666667,0.15201617777347565,0.8787346221441125,0.8333333333333334,0.8554319931565441,0.9489826363187707,"[2839, 2856]","[{""name"": ""accuracy_wide_clean_swa"", ""views"": 2, ""temperature"": 1.5, ""weight"": 0.325, ""sha256"": ""0aa9d82bef91689cc3b4b76c97b385153e325887adf376d641f082358aabea0f""}, {""name"": ""accuracy_p2_clean_swa"", ""views"": 10, ""temperature"": 1.25, ""weight"": 0.325, ""sha256"": ""31e66eb705618c067df9d65c5a5cb991addbb4f567a7c5dbab408f87859d6227""}, {""name"": ""mixer_pruned_75"", ""views"": 10, ""temperature"": 1.0, ""weight"": 0.35, ""sha256"": ""c0b7eafe5070b3985442bfdf729ab2955c7340a172dc5b817150cc02771d5f53""}]"
2207556,1313092224,5700,6000,0.95,0.15264682471752167,0.8789473684210526,0.835,0.8564102564102564,0.949825709541936,"[2839, 2861]","[{""name"": ""accuracy_wide_clean_swa"", ""views"": 2, ""temperature"": 1.5, ""weight"": 0.325, ""sha256"": ""0aa9d82bef91689cc3b4b76c97b385153e325887adf376d641f082358aabea0f""}, {""name"": ""accuracy_p2_clean_swa"", ""views"": 10, ""temperature"": 1.25, ""weight"": 0.325, ""sha256"": ""31e66eb705618c067df9d65c5a5cb991addbb4f567a7c5dbab408f87859d6227""}, {""name"": ""mixer_pruned_75"", ""views"": 18, ""temperature"": 1.0, ""weight"": 0.35, ""sha256"": ""c0b7eafe5070b3985442bfdf729ab2955c7340a172dc5b817150cc02771d5f53""}]"
2207556,1603325568,5697,6000,0.9495,0.15297599136829376,0.8800705467372134,0.8316666666666667,0.8551842330762639,0.9493064116947263,"[2842, 2855]","[{""name"": ""accuracy_wide_clean_swa"", ""views"": 2, ""temperature"": 1.5, ""weight"": 0.325, ""sha256"": ""0aa9d82bef91689cc3b4b76c97b385153e325887adf376d641f082358aabea0f""}, {""name"": ""accuracy_p2_clean_swa"", ""views"": 10, ""temperature"": 1.25, ""weight"": 0.325, ""sha256"": ""31e66eb705618c067df9d65c5a5cb991addbb4f567a7c5dbab408f87859d6227""}, {""name"": ""mixer_pruned_75"", ""views"": 30, ""temperature"": 1.0, ""weight"": 0.35, ""sha256"": ""c0b7eafe5070b3985442bfdf729ab2955c7340a172dc5b817150cc02771d5f53""}]"
1827604,1456379520,5683,6000,0.9471666666666667,0.16356036067008972,0.8747795414462081,0.8266666666666667,0.8500428449014568,0.9469688693245546,"[2825, 2858]","[{""name"": ""accuracy_wide_clean_swa"", ""views"": 2, ""temperature"": 1.5, ""weight"": 0.5, ""sha256"": ""0aa9d82bef91689cc3b4b76c97b385153e325887adf376d641f082358aabea0f""}, {""name"": ""accuracy_p2_clean_swa"", ""views"": 18, ""temperature"": 1.25, ""weight"": 0.5, ""sha256"": ""31e66eb705618c067df9d65c5a5cb991addbb4f567a7c5dbab408f87859d6227""}]"
2207556,1480565632,5685,6000,0.9475,0.15441617369651794,0.8695652173913043,0.8333333333333334,0.851063829787234,0.9473442141280103,"[2836, 2849]","[{""name"": ""accuracy_wide_clean_swa"", ""views"": 2, ""temperature"": 1.5, ""weight"": 0.325, ""sha256"": ""0aa9d82bef91689cc3b4b76c97b385153e325887adf376d641f082358aabea0f""}, {""name"": ""accuracy_p2_clean_swa"", ""views"": 18, ""temperature"": 1.25, ""weight"": 0.325, ""sha256"": ""31e66eb705618c067df9d65c5a5cb991addbb4f567a7c5dbab408f87859d6227""}, {""name"": ""mixer_pruned_75"", ""views"": 1, ""temperature"": 1.0, ""weight"": 0.35, ""sha256"": ""c0b7eafe5070b3985442bfdf729ab2955c7340a172dc5b817150cc02771d5f53""}]"
2207556,1504751744,5691,6000,0.9485,0.15369248390197754,0.8802816901408451,0.8333333333333334,0.8561643835616438,0.9483083821054528,"[2839, 2852]","[{""name"": ""accuracy_wide_clean_swa"", ""views"": 2, ""temperature"": 1.5, ""weight"": 0.325, ""sha256"": ""0aa9d82bef91689cc3b4b76c97b385153e325887adf376d641f082358aabea0f""}, {""name"": ""accuracy_p2_clean_swa"", ""views"": 18, ""temperature"": 1.25, ""weight"": 0.325, ""sha256"": ""31e66eb705618c067df9d65c5a5cb991addbb4f567a7c5dbab408f87859d6227""}, {""name"": ""mixer_pruned_75"", ""views"": 2, ""temperature"": 1.0, ""weight"": 0.35, ""sha256"": ""c0b7eafe5070b3985442bfdf729ab2955c7340a172dc5b817150cc02771d5f53""}]"
2207556,1553123968,5694,6000,0.949,0.15288302302360535,0.8756567425569177,0.8333333333333334,0.8539709649871904,0.9488195888022449,"[2839, 2855]","[{""name"": ""accuracy_wide_clean_swa"", ""views"": 2, ""temperature"": 1.5, ""weight"": 0.325, ""sha256"": ""0aa9d82bef91689cc3b4b76c97b385153e325887adf376d641f082358aabea0f""}, {""name"": ""accuracy_p2_clean_swa"", ""views"": 18, ""temperature"": 1.25, ""weight"": 0.325, ""sha256"": ""31e66eb705618c067df9d65c5a5cb991addbb4f567a7c5dbab408f87859d6227""}, {""name"": ""mixer_pruned_75"", ""views"": 4, ""temperature"": 1.0, ""weight"": 0.35, ""sha256"": ""c0b7eafe5070b3985442bfdf729ab2955c7340a172dc5b817150cc02771d5f53""}]"
2207556,1698240640,5696,6000,0.9493333333333334,0.1520274132490158,0.8802816901408451,0.8333333333333334,0.8561643835616438,0.949142896472804,"[2842, 2854]","[{""name"": ""accuracy_wide_clean_swa"", ""views"": 2, ""temperature"": 1.5, ""weight"": 0.325, ""sha256"": ""0aa9d82bef91689cc3b4b76c97b385153e325887adf376d641f082358aabea0f""}, {""name"": ""accuracy_p2_clean_swa"", ""views"": 18, ""temperature"": 1.25, ""weight"": 0.325, ""sha256"": ""31e66eb705618c067df9d65c5a5cb991addbb4f567a7c5dbab408f87859d6227""}, {""name"": ""mixer_pruned_75"", ""views"": 10, ""temperature"": 1.0, ""weight"": 0.35, ""sha256"": ""c0b7eafe5070b3985442bfdf729ab2955c7340a172dc5b817150cc02771d5f53""}]"
2207556,1891729536,5697,6000,0.9495,0.15284200012683868,0.8831858407079646,0.8316666666666667,0.8566523605150215,0.9492911574951363,"[2836, 2861]","[{""name"": ""accuracy_wide_clean_swa"", ""views"": 2, ""temperature"": 1.5, ""weight"": 0.325, ""sha256"": ""0aa9d82bef91689cc3b4b76c97b385153e325887adf376d641f082358aabea0f""}, {""name"": ""accuracy_p2_clean_swa"", ""views"": 18, ""temperature"": 1.25, ""weight"": 0.325, ""sha256"": ""31e66eb705618c067df9d65c5a5cb991addbb4f567a7c5dbab408f87859d6227""}, {""name"": ""mixer_pruned_75"", ""views"": 18, ""temperature"": 1.0, ""weight"": 0.35, ""sha256"": ""c0b7eafe5070b3985442bfdf729ab2955c7340a172dc5b817150cc02771d5f53""}]"
2207556,2181962880,5696,6000,0.9493333333333334,0.15306997299194336,0.8809106830122592,0.8383333333333334,0.8590947907771136,0.9491757983998476,"[2839, 2857]","[{""name"": ""accuracy_wide_clean_swa"", ""views"": 2, ""temperature"": 1.5, ""weight"": 0.325, ""sha256"": ""0aa9d82bef91689cc3b4b76c97b385153e325887adf376d641f082358aabea0f""}, {""name"": ""accuracy_p2_clean_swa"", ""views"": 18, ""temperature"": 1.25, ""weight"": 0.325, ""sha256"": ""31e66eb705618c067df9d65c5a5cb991addbb4f567a7c5dbab408f87859d6227""}, {""name"": ""mixer_pruned_75"", ""views"": 30, ""temperature"": 1.0, ""weight"": 0.35, ""sha256"": ""c0b7eafe5070b3985442bfdf729ab2955c7340a172dc5b817150cc02771d5f53""}]"
1827604,2324335488,5687,6000,0.9478333333333333,0.1638489067554474,0.8823529411764706,0.825,0.8527131782945736,0.9475964173967709,"[2834, 2853]","[{""name"": ""accuracy_wide_clean_swa"", ""views"": 2, ""temperature"": 1.5, ""weight"": 0.5, ""sha256"": ""0aa9d82bef91689cc3b4b76c97b385153e325887adf376d641f082358aabea0f""}, {""name"": ""accuracy_p2_clean_swa"", ""views"": 30, ""temperature"": 1.25, ""weight"": 0.5, ""sha256"": ""31e66eb705618c067df9d65c5a5cb991addbb4f567a7c5dbab408f87859d6227""}]"
2207556,2348521600,5690,6000,0.9483333333333334,0.1547781080007553,0.8741258741258742,0.8333333333333334,0.8532423208191127,0.9481592682938533,"[2836, 2854]","[{""name"": ""accuracy_wide_clean_swa"", ""views"": 2, ""temperature"": 1.5, ""weight"": 0.325, ""sha256"": ""0aa9d82bef91689cc3b4b76c97b385153e325887adf376d641f082358aabea0f""}, {""name"": ""accuracy_p2_clean_swa"", ""views"": 30, ""temperature"": 1.25, ""weight"": 0.325, ""sha256"": ""31e66eb705618c067df9d65c5a5cb991addbb4f567a7c5dbab408f87859d6227""}, {""name"": ""mixer_pruned_75"", ""views"": 1, ""temperature"": 1.0, ""weight"": 0.35, ""sha256"": ""c0b7eafe5070b3985442bfdf729ab2955c7340a172dc5b817150cc02771d5f53""}]"
2207556,2372707712,5687,6000,0.9478333333333333,0.15402886271476746,0.8783068783068783,0.83,0.8534704370179949,0.9476317352558661,"[2839, 2848]","[{""name"": ""accuracy_wide_clean_swa"", ""views"": 2, ""temperature"": 1.5, ""weight"": 0.325, ""sha256"": ""0aa9d82bef91689cc3b4b76c97b385153e325887adf376d641f082358aabea0f""}, {""name"": ""accuracy_p2_clean_swa"", ""views"": 30, ""temperature"": 1.25, ""weight"": 0.325, ""sha256"": ""31e66eb705618c067df9d65c5a5cb991addbb4f567a7c5dbab408f87859d6227""}, {""name"": ""mixer_pruned_75"", ""views"": 2, ""temperature"": 1.0, ""weight"": 0.35, ""sha256"": ""c0b7eafe5070b3985442bfdf729ab2955c7340a172dc5b817150cc02771d5f53""}]"
2207556,2421079936,5696,6000,0.9493333333333334,0.1531657725572586,0.879646017699115,0.8283333333333334,0.8532188841201717,0.9491118642844982,"[2840, 2856]","[{""name"": ""accuracy_wide_clean_swa"", ""views"": 2, ""temperature"": 1.5, ""weight"": 0.325, ""sha256"": ""0aa9d82bef91689cc3b4b76c97b385153e325887adf376d641f082358aabea0f""}, {""name"": ""accuracy_p2_clean_swa"", ""views"": 30, ""temperature"": 1.25, ""weight"": 0.325, ""sha256"": ""31e66eb705618c067df9d65c5a5cb991addbb4f567a7c5dbab408f87859d6227""}, {""name"": ""mixer_pruned_75"", ""views"": 4, ""temperature"": 1.0, ""weight"": 0.35, ""sha256"": ""c0b7eafe5070b3985442bfdf729ab2955c7340a172dc5b817150cc02771d5f53""}]"
2207556,2566196608,5696,6000,0.9493333333333334,0.1523575335741043,0.8829787234042553,0.83,0.8556701030927835,0.9491149941206627,"[2839, 2857]","[{""name"": ""accuracy_wide_clean_swa"", ""views"": 2, ""temperature"": 1.5, ""weight"": 0.325, ""sha256"": ""0aa9d82bef91689cc3b4b76c97b385153e325887adf376d641f082358aabea0f""}, {""name"": ""accuracy_p2_clean_swa"", ""views"": 30, ""temperature"": 1.25, ""weight"": 0.325, ""sha256"": ""31e66eb705618c067df9d65c5a5cb991addbb4f567a7c5dbab408f87859d6227""}, {""name"": ""mixer_pruned_75"", ""views"": 10, ""temperature"": 1.0, ""weight"": 0.35, ""sha256"": ""c0b7eafe5070b3985442bfdf729ab2955c7340a172dc5b817150cc02771d5f53""}]"
2207556,2759685504,5697,6000,0.9495,0.1529938280582428,0.8812056737588653,0.8283333333333334,0.8539518900343642,0.9492825592607781,"[2839, 2858]","[{""name"": ""accuracy_wide_clean_swa"", ""views"": 2, ""temperature"": 1.5, ""weight"": 0.325, ""sha256"": ""0aa9d82bef91689cc3b4b76c97b385153e325887adf376d641f082358aabea0f""}, {""name"": ""accuracy_p2_clean_swa"", ""views"": 30, ""temperature"": 1.25, ""weight"": 0.325, ""sha256"": ""31e66eb705618c067df9d65c5a5cb991addbb4f567a7c5dbab408f87859d6227""}, {""name"": ""mixer_pruned_75"", ""views"": 18, ""temperature"": 1.0, ""weight"": 0.35, ""sha256"": ""c0b7eafe5070b3985442bfdf729ab2955c7340a172dc5b817150cc02771d5f53""}]"
2207556,3049918848,5699,6000,0.9498333333333333,0.15363194048404694,0.8857142857142857,0.8266666666666667,0.8551724137931035,0.9495843553638375,"[2843, 2856]","[{""name"": ""accuracy_wide_clean_swa"", ""views"": 2, ""temperature"": 1.5, ""weight"": 0.325, ""sha256"": ""0aa9d82bef91689cc3b4b76c97b385153e325887adf376d641f082358aabea0f""}, {""name"": ""accuracy_p2_clean_swa"", ""views"": 30, ""temperature"": 1.25, ""weight"": 0.325, ""sha256"": ""31e66eb705618c067df9d65c5a5cb991addbb4f567a7c5dbab408f87859d6227""}, {""name"": ""mixer_pruned_75"", ""views"": 30, ""temperature"": 1.0, ""weight"": 0.35, ""sha256"": ""c0b7eafe5070b3985442bfdf729ab2955c7340a172dc5b817150cc02771d5f53""}]"
1297746,308891136,5665,6000,0.9441666666666667,0.19152876734733582,0.8480138169257341,0.8183333333333334,0.8329092451229856,0.9439972099309932,"[2818, 2847]","[{""name"": ""accuracy_wide_clean_swa"", ""views"": 4, ""temperature"": 1.5, ""weight"": 1.0, ""sha256"": ""0aa9d82bef91689cc3b4b76c97b385153e325887adf376d641f082358aabea0f""}]"
1677698,333077248,5666,6000,0.9443333333333334,0.1635022759437561,0.8519793459552496,0.825,0.838272650296359,0.9441989601201396,"[2832, 2834]","[{""name"": ""accuracy_wide_clean_swa"", ""views"": 4, ""temperature"": 1.5, ""weight"": 0.48148148148148145, ""sha256"": ""0aa9d82bef91689cc3b4b76c97b385153e325887adf376d641f082358aabea0f""}, {""name"": ""mixer_pruned_75"", ""views"": 1, ""temperature"": 1.0, ""weight"": 0.5185185185185185, ""sha256"": ""c0b7eafe5070b3985442bfdf729ab2955c7340a172dc5b817150cc02771d5f53""}]"
1677698,357263360,5660,6000,0.9433333333333334,0.16148868203163147,0.8506944444444444,0.8166666666666667,0.8333333333333334,0.9431589232550222,"[2826, 2834]","[{""name"": ""accuracy_wide_clean_swa"", ""views"": 4, ""temperature"": 1.5, ""weight"": 0.48148148148148145, ""sha256"": ""0aa9d82bef91689cc3b4b76c97b385153e325887adf376d641f082358aabea0f""}, {""name"": ""mixer_pruned_75"", ""views"": 2, ""temperature"": 1.0, ""weight"": 0.5185185185185185, ""sha256"": ""c0b7eafe5070b3985442bfdf729ab2955c7340a172dc5b817150cc02771d5f53""}]"
1677698,405635584,5664,6000,0.944,0.1587962508201599,0.8439108061749572,0.82,0.8317836010143702,0.9438514243063386,"[2832, 2832]","[{""name"": ""accuracy_wide_clean_swa"", ""views"": 4, ""temperature"": 1.5, ""weight"": 0.48148148148148145, ""sha256"": ""0aa9d82bef91689cc3b4b76c97b385153e325887adf376d641f082358aabea0f""}, {""name"": ""mixer_pruned_75"", ""views"": 4, ""temperature"": 1.0, ""weight"": 0.5185185185185185, ""sha256"": ""c0b7eafe5070b3985442bfdf729ab2955c7340a172dc5b817150cc02771d5f53""}]"
1677698,550752256,5678,6000,0.9463333333333334,0.15660928189754486,0.8636363636363636,0.8233333333333334,0.8430034129692833,0.9461426814379481,"[2835, 2843]","[{""name"": ""accuracy_wide_clean_swa"", ""views"": 4, ""temperature"": 1.5, ""weight"": 0.48148148148148145, ""sha256"": ""0aa9d82bef91689cc3b4b76c97b385153e325887adf376d641f082358aabea0f""}, {""name"": ""mixer_pruned_75"", ""views"": 10, ""temperature"": 1.0, ""weight"": 0.5185185185185185, ""sha256"": ""c0b7eafe5070b3985442bfdf729ab2955c7340a172dc5b817150cc02771d5f53""}]"
1677698,744241152,5688,6000,0.948,0.1571706086397171,0.8643478260869565,0.8283333333333334,0.8459574468085106,0.9478199115435298,"[2840, 2848]","[{""name"": ""accuracy_wide_clean_swa"", ""views"": 4, ""temperature"": 1.5, ""weight"": 0.48148148148148145, ""sha256"": ""0aa9d82bef91689cc3b4b76c97b385153e325887adf376d641f082358aabea0f""}, {""name"": ""mixer_pruned_75"", ""views"": 18, ""temperature"": 1.0, ""weight"": 0.5185185185185185, ""sha256"": ""c0b7eafe5070b3985442bfdf729ab2955c7340a172dc5b817150cc02771d5f53""}]"
1677698,1034474496,5678,6000,0.9463333333333334,0.15757864713668823,0.853448275862069,0.825,0.8389830508474576,0.9461673299215365,"[2829, 2849]","[{""name"": ""accuracy_wide_clean_swa"", ""views"": 4, ""temperature"": 1.5, ""weight"": 0.48148148148148145, ""sha256"": ""0aa9d82bef91689cc3b4b76c97b385153e325887adf376d641f082358aabea0f""}, {""name"": ""mixer_pruned_75"", ""views"": 30, ""temperature"": 1.0, ""weight"": 0.5185185185185185, ""sha256"": ""c0b7eafe5070b3985442bfdf729ab2955c7340a172dc5b817150cc02771d5f53""}]"
1827604,381220800,5669,6000,0.9448333333333333,0.17301519215106964,0.8638743455497382,0.825,0.8439897698209718,0.9446650220771703,"[2831, 2838]","[{""name"": ""accuracy_wide_clean_swa"", ""views"": 4, ""temperature"": 1.5, ""weight"": 0.5, ""sha256"": ""0aa9d82bef91689cc3b4b76c97b385153e325887adf376d641f082358aabea0f""}, {""name"": ""accuracy_p2_clean_swa"", ""views"": 1, ""temperature"": 1.25, ""weight"": 0.5, ""sha256"": ""31e66eb705618c067df9d65c5a5cb991addbb4f567a7c5dbab408f87859d6227""}]"
2207556,405406912,5686,6000,0.9476666666666667,0.157525435090065,0.8704663212435233,0.84,0.8549618320610687,0.9475509096235395,"[2843, 2843]","[{""name"": ""accuracy_wide_clean_swa"", ""views"": 4, ""temperature"": 1.5, ""weight"": 0.325, ""sha256"": ""0aa9d82bef91689cc3b4b76c97b385153e325887adf376d641f082358aabea0f""}, {""name"": ""accuracy_p2_clean_swa"", ""views"": 1, ""temperature"": 1.25, ""weight"": 0.325, ""sha256"": ""31e66eb705618c067df9d65c5a5cb991addbb4f567a7c5dbab408f87859d6227""}, {""name"": ""mixer_pruned_75"", ""views"": 1, ""temperature"": 1.0, ""weight"": 0.35, ""sha256"": ""c0b7eafe5070b3985442bfdf729ab2955c7340a172dc5b817150cc02771d5f53""}]"
2207556,429593024,5690,6000,0.9483333333333334,0.1564333587884903,0.865979381443299,0.84,0.8527918781725888,0.9482194500423857,"[2847, 2843]","[{""name"": ""accuracy_wide_clean_swa"", ""views"": 4, ""temperature"": 1.5, ""weight"": 0.325, ""sha256"": ""0aa9d82bef91689cc3b4b76c97b385153e325887adf376d641f082358aabea0f""}, {""name"": ""accuracy_p2_clean_swa"", ""views"": 1, ""temperature"": 1.25, ""weight"": 0.325, ""sha256"": ""31e66eb705618c067df9d65c5a5cb991addbb4f567a7c5dbab408f87859d6227""}, {""name"": ""mixer_pruned_75"", ""views"": 2, ""temperature"": 1.0, ""weight"": 0.35, ""sha256"": ""c0b7eafe5070b3985442bfdf729ab2955c7340a172dc5b817150cc02771d5f53""}]"
2207556,477965248,5687,6000,0.9478333333333333,0.15522024035453796,0.8610634648370498,0.8366666666666667,0.8486897717666948,0.9477189294382864,"[2843, 2844]","[{""name"": ""accuracy_wide_clean_swa"", ""views"": 4, ""temperature"": 1.5, ""weight"": 0.325, ""sha256"": ""0aa9d82bef91689cc3b4b76c97b385153e325887adf376d641f082358aabea0f""}, {""name"": ""accuracy_p2_clean_swa"", ""views"": 1, ""temperature"": 1.25, ""weight"": 0.325, ""sha256"": ""31e66eb705618c067df9d65c5a5cb991addbb4f567a7c5dbab408f87859d6227""}, {""name"": ""mixer_pruned_75"", ""views"": 4, ""temperature"": 1.0, ""weight"": 0.35, ""sha256"": ""c0b7eafe5070b3985442bfdf729ab2955c7340a172dc5b817150cc02771d5f53""}]"
2207556,623081920,5690,6000,0.9483333333333334,0.15398161113262177,0.8648180242634316,0.8316666666666667,0.8479184367034834,0.9481903862827601,"[2842, 2848]","[{""name"": ""accuracy_wide_clean_swa"", ""views"": 4, ""temperature"": 1.5, ""weight"": 0.325, ""sha256"": ""0aa9d82bef91689cc3b4b76c97b385153e325887adf376d641f082358aabea0f""}, {""name"": ""accuracy_p2_clean_swa"", ""views"": 1, ""temperature"": 1.25, ""weight"": 0.325, ""sha256"": ""31e66eb705618c067df9d65c5a5cb991addbb4f567a7c5dbab408f87859d6227""}, {""name"": ""mixer_pruned_75"", ""views"": 10, ""temperature"": 1.0, ""weight"": 0.35, ""sha256"": ""c0b7eafe5070b3985442bfdf729ab2955c7340a172dc5b817150cc02771d5f53""}]"
2207556,816570816,5690,6000,0.9483333333333334,0.15448768436908722,0.8663194444444444,0.8316666666666667,0.8486394557823129,0.9481845371724921,"[2842, 2848]","[{""name"": ""accuracy_wide_clean_swa"", ""views"": 4, ""temperature"": 1.5, ""weight"": 0.325, ""sha256"": ""0aa9d82bef91689cc3b4b76c97b385153e325887adf376d641f082358aabea0f""}, {""name"": ""accuracy_p2_clean_swa"", ""views"": 1, ""temperature"": 1.25, ""weight"": 0.325, ""sha256"": ""31e66eb705618c067df9d65c5a5cb991addbb4f567a7c5dbab408f87859d6227""}, {""name"": ""mixer_pruned_75"", ""views"": 18, ""temperature"": 1.0, ""weight"": 0.35, ""sha256"": ""c0b7eafe5070b3985442bfdf729ab2955c7340a172dc5b817150cc02771d5f53""}]"
2207556,1106804160,5695,6000,0.9491666666666667,0.15482351183891296,0.8667820069204152,0.835,0.8505942275042445,0.9490257912301534,"[2843, 2852]","[{""name"": ""accuracy_wide_clean_swa"", ""views"": 4, ""temperature"": 1.5, ""weight"": 0.325, ""sha256"": ""0aa9d82bef91689cc3b4b76c97b385153e325887adf376d641f082358aabea0f""}, {""name"": ""accuracy_p2_clean_swa"", ""views"": 1, ""temperature"": 1.25, ""weight"": 0.325, ""sha256"": ""31e66eb705618c067df9d65c5a5cb991addbb4f567a7c5dbab408f87859d6227""}, {""name"": ""mixer_pruned_75"", ""views"": 30, ""temperature"": 1.0, ""weight"": 0.35, ""sha256"": ""c0b7eafe5070b3985442bfdf729ab2955c7340a172dc5b817150cc02771d5f53""}]"
1827604,453550464,5682,6000,0.947,0.16999264061450958,0.8625429553264605,0.8366666666666667,0.8494077834179357,0.9468985280397696,"[2835, 2847]","[{""name"": ""accuracy_wide_clean_swa"", ""views"": 4, ""temperature"": 1.5, ""weight"": 0.5, ""sha256"": ""0aa9d82bef91689cc3b4b76c97b385153e325887adf376d641f082358aabea0f""}, {""name"": ""accuracy_p2_clean_swa"", ""views"": 2, ""temperature"": 1.25, ""weight"": 0.5, ""sha256"": ""31e66eb705618c067df9d65c5a5cb991addbb4f567a7c5dbab408f87859d6227""}]"
2207556,477736576,5688,6000,0.948,0.1561908721923828,0.8700173310225303,0.8366666666666667,0.8530161427357689,0.9478689427289184,"[2842, 2846]","[{""name"": ""accuracy_wide_clean_swa"", ""views"": 4, ""temperature"": 1.5, ""weight"": 0.325, ""sha256"": ""0aa9d82bef91689cc3b4b76c97b385153e325887adf376d641f082358aabea0f""}, {""name"": ""accuracy_p2_clean_swa"", ""views"": 2, ""temperature"": 1.25, ""weight"": 0.325, ""sha256"": ""31e66eb705618c067df9d65c5a5cb991addbb4f567a7c5dbab408f87859d6227""}, {""name"": ""mixer_pruned_75"", ""views"": 1, ""temperature"": 1.0, ""weight"": 0.35, ""sha256"": ""c0b7eafe5070b3985442bfdf729ab2955c7340a172dc5b817150cc02771d5f53""}]"
2207556,501922688,5695,6000,0.9491666666666667,0.15513527393341064,0.8730434782608696,0.8366666666666667,0.854468085106383,0.9490314159884076,"[2845, 2850]","[{""name"": ""accuracy_wide_clean_swa"", ""views"": 4, ""temperature"": 1.5, ""weight"": 0.325, ""sha256"": ""0aa9d82bef91689cc3b4b76c97b385153e325887adf376d641f082358aabea0f""}, {""name"": ""accuracy_p2_clean_swa"", ""views"": 2, ""temperature"": 1.25, ""weight"": 0.325, ""sha256"": ""31e66eb705618c067df9d65c5a5cb991addbb4f567a7c5dbab408f87859d6227""}, {""name"": ""mixer_pruned_75"", ""views"": 2, ""temperature"": 1.0, ""weight"": 0.35, ""sha256"": ""c0b7eafe5070b3985442bfdf729ab2955c7340a172dc5b817150cc02771d5f53""}]"
2207556,550294912,5693,6000,0.9488333333333333,0.1540152132511139,0.871304347826087,0.835,0.8527659574468085,0.9486856122402724,"[2844, 2849]","[{""name"": ""accuracy_wide_clean_swa"", ""views"": 4, ""temperature"": 1.5, ""weight"": 0.325, ""sha256"": ""0aa9d82bef91689cc3b4b76c97b385153e325887adf376d641f082358aabea0f""}, {""name"": ""accuracy_p2_clean_swa"", ""views"": 2, ""temperature"": 1.25, ""weight"": 0.325, ""sha256"": ""31e66eb705618c067df9d65c5a5cb991addbb4f567a7c5dbab408f87859d6227""}, {""name"": ""mixer_pruned_75"", ""views"": 4, ""temperature"": 1.0, ""weight"": 0.35, ""sha256"": ""c0b7eafe5070b3985442bfdf729ab2955c7340a172dc5b817150cc02771d5f53""}]"
2207556,695411584,5697,6000,0.9495,0.15307345986366272,0.8710801393728222,0.8333333333333334,0.8517887563884157,0.9493608485630128,"[2846, 2851]","[{""name"": ""accuracy_wide_clean_swa"", ""views"": 4, ""temperature"": 1.5, ""weight"": 0.325, ""sha256"": ""0aa9d82bef91689cc3b4b76c97b385153e325887adf376d641f082358aabea0f""}, {""name"": ""accuracy_p2_clean_swa"", ""views"": 2, ""temperature"": 1.25, ""weight"": 0.325, ""sha256"": ""31e66eb705618c067df9d65c5a5cb991addbb4f567a7c5dbab408f87859d6227""}, {""name"": ""mixer_pruned_75"", ""views"": 10, ""temperature"": 1.0, ""weight"": 0.35, ""sha256"": ""c0b7eafe5070b3985442bfdf729ab2955c7340a172dc5b817150cc02771d5f53""}]"
2207556,888900480,5698,6000,0.9496666666666667,0.1536637544631958,0.8700173310225303,0.8366666666666667,0.8530161427357689,0.9495443382147599,"[2845, 2853]","[{""name"": ""accuracy_wide_clean_swa"", ""views"": 4, ""temperature"": 1.5, ""weight"": 0.325, ""sha256"": ""0aa9d82bef91689cc3b4b76c97b385153e325887adf376d641f082358aabea0f""}, {""name"": ""accuracy_p2_clean_swa"", ""views"": 2, ""temperature"": 1.25, ""weight"": 0.325, ""sha256"": ""31e66eb705618c067df9d65c5a5cb991addbb4f567a7c5dbab408f87859d6227""}, {""name"": ""mixer_pruned_75"", ""views"": 18, ""temperature"": 1.0, ""weight"": 0.35, ""sha256"": ""c0b7eafe5070b3985442bfdf729ab2955c7340a172dc5b817150cc02771d5f53""}]"
2207556,1179133824,5705,6000,0.9508333333333333,0.1538735032081604,0.872822299651568,0.835,0.8534923339011925,0.9506866143952601,"[2849, 2856]","[{""name"": ""accuracy_wide_clean_swa"", ""views"": 4, ""temperature"": 1.5, ""weight"": 0.325, ""sha256"": ""0aa9d82bef91689cc3b4b76c97b385153e325887adf376d641f082358aabea0f""}, {""name"": ""accuracy_p2_clean_swa"", ""views"": 2, ""temperature"": 1.25, ""weight"": 0.325, ""sha256"": ""31e66eb705618c067df9d65c5a5cb991addbb4f567a7c5dbab408f87859d6227""}, {""name"": ""mixer_pruned_75"", ""views"": 30, ""temperature"": 1.0, ""weight"": 0.35, ""sha256"": ""c0b7eafe5070b3985442bfdf729ab2955c7340a172dc5b817150cc02771d5f53""}]"
1827604,598209792,5694,6000,0.949,0.16506807506084442,0.8715277777777778,0.8366666666666667,0.8537414965986394,0.9488497583185478,"[2841, 2853]","[{""name"": ""accuracy_wide_clean_swa"", ""views"": 4, ""temperature"": 1.5, ""weight"": 0.5, ""sha256"": ""0aa9d82bef91689cc3b4b76c97b385153e325887adf376d641f082358aabea0f""}, {""name"": ""accuracy_p2_clean_swa"", ""views"": 4, ""temperature"": 1.25, ""weight"": 0.5, ""sha256"": ""31e66eb705618c067df9d65c5a5cb991addbb4f567a7c5dbab408f87859d6227""}]"
2207556,622395904,5701,6000,0.9501666666666667,0.15467730164527893,0.8752166377816292,0.8416666666666667,0.8581138487680544,0.9500239151993741,"[2848, 2853]","[{""name"": ""accuracy_wide_clean_swa"", ""views"": 4, ""temperature"": 1.5, ""weight"": 0.325, ""sha256"": ""0aa9d82bef91689cc3b4b76c97b385153e325887adf376d641f082358aabea0f""}, {""name"": ""accuracy_p2_clean_swa"", ""views"": 4, ""temperature"": 1.25, ""weight"": 0.325, ""sha256"": ""31e66eb705618c067df9d65c5a5cb991addbb4f567a7c5dbab408f87859d6227""}, {""name"": ""mixer_pruned_75"", ""views"": 1, ""temperature"": 1.0, ""weight"": 0.35, ""sha256"": ""c0b7eafe5070b3985442bfdf729ab2955c7340a172dc5b817150cc02771d5f53""}]"
2207556,646582016,5699,6000,0.9498333333333333,0.15378734469413757,0.8745644599303136,0.8366666666666667,0.8551959114139693,0.9496698056597752,"[2846, 2853]","[{""name"": ""accuracy_wide_clean_swa"", ""views"": 4, ""temperature"": 1.5, ""weight"": 0.325, ""sha256"": ""0aa9d82bef91689cc3b4b76c97b385153e325887adf376d641f082358aabea0f""}, {""name"": ""accuracy_p2_clean_swa"", ""views"": 4, ""temperature"": 1.25, ""weight"": 0.325, ""sha256"": ""31e66eb705618c067df9d65c5a5cb991addbb4f567a7c5dbab408f87859d6227""}, {""name"": ""mixer_pruned_75"", ""views"": 2, ""temperature"": 1.0, ""weight"": 0.35, ""sha256"": ""c0b7eafe5070b3985442bfdf729ab2955c7340a172dc5b817150cc02771d5f53""}]"
2207556,694954240,5697,6000,0.9495,0.1530701220035553,0.870242214532872,0.8383333333333334,0.8539898132427843,0.9493686026965745,"[2847, 2850]","[{""name"": ""accuracy_wide_clean_swa"", ""views"": 4, ""temperature"": 1.5, ""weight"": 0.325, ""sha256"": ""0aa9d82bef91689cc3b4b76c97b385153e325887adf376d641f082358aabea0f""}, {""name"": ""accuracy_p2_clean_swa"", ""views"": 4, ""temperature"": 1.25, ""weight"": 0.325, ""sha256"": ""31e66eb705618c067df9d65c5a5cb991addbb4f567a7c5dbab408f87859d6227""}, {""name"": ""mixer_pruned_75"", ""views"": 4, ""temperature"": 1.0, ""weight"": 0.35, ""sha256"": ""c0b7eafe5070b3985442bfdf729ab2955c7340a172dc5b817150cc02771d5f53""}]"
2207556,840070912,5700,6000,0.95,0.15214765071868896,0.8763066202090593,0.8383333333333334,0.8568994889267462,0.9498564914321633,"[2847, 2853]","[{""name"": ""accuracy_wide_clean_swa"", ""views"": 4, ""temperature"": 1.5, ""weight"": 0.325, ""sha256"": ""0aa9d82bef91689cc3b4b76c97b385153e325887adf376d641f082358aabea0f""}, {""name"": ""accuracy_p2_clean_swa"", ""views"": 4, ""temperature"": 1.25, ""weight"": 0.325, ""sha256"": ""31e66eb705618c067df9d65c5a5cb991addbb4f567a7c5dbab408f87859d6227""}, {""name"": ""mixer_pruned_75"", ""views"": 10, ""temperature"": 1.0, ""weight"": 0.35, ""sha256"": ""c0b7eafe5070b3985442bfdf729ab2955c7340a172dc5b817150cc02771d5f53""}]"
2207556,1033559808,5706,6000,0.951,0.15283510088920593,0.8763066202090593,0.8383333333333334,0.8568994889267462,0.950838616087975,"[2848, 2858]","[{""name"": ""accuracy_wide_clean_swa"", ""views"": 4, ""temperature"": 1.5, ""weight"": 0.325, ""sha256"": ""0aa9d82bef91689cc3b4b76c97b385153e325887adf376d641f082358aabea0f""}, {""name"": ""accuracy_p2_clean_swa"", ""views"": 4, ""temperature"": 1.25, ""weight"": 0.325, ""sha256"": ""31e66eb705618c067df9d65c5a5cb991addbb4f567a7c5dbab408f87859d6227""}, {""name"": ""mixer_pruned_75"", ""views"": 18, ""temperature"": 1.0, ""weight"": 0.35, ""sha256"": ""c0b7eafe5070b3985442bfdf729ab2955c7340a172dc5b817150cc02771d5f53""}]"
2207556,1323793152,5706,6000,0.951,0.15297038853168488,0.8763066202090593,0.8383333333333334,0.8568994889267462,0.9508467566988676,"[2849, 2857]","[{""name"": ""accuracy_wide_clean_swa"", ""views"": 4, ""temperature"": 1.5, ""weight"": 0.325, ""sha256"": ""0aa9d82bef91689cc3b4b76c97b385153e325887adf376d641f082358aabea0f""}, {""name"": ""accuracy_p2_clean_swa"", ""views"": 4, ""temperature"": 1.25, ""weight"": 0.325, ""sha256"": ""31e66eb705618c067df9d65c5a5cb991addbb4f567a7c5dbab408f87859d6227""}, {""name"": ""mixer_pruned_75"", ""views"": 30, ""temperature"": 1.0, ""weight"": 0.35, ""sha256"": ""c0b7eafe5070b3985442bfdf729ab2955c7340a172dc5b817150cc02771d5f53""}]"
1827604,1032187776,5690,6000,0.9483333333333334,0.16124990582466125,0.8726003490401396,0.8333333333333334,0.8525149190110827,0.9481638581629686,"[2837, 2853]","[{""name"": ""accuracy_wide_clean_swa"", ""views"": 4, ""temperature"": 1.5, ""weight"": 0.5, ""sha256"": ""0aa9d82bef91689cc3b4b76c97b385153e325887adf376d641f082358aabea0f""}, {""name"": ""accuracy_p2_clean_swa"", ""views"": 10, ""temperature"": 1.25, ""weight"": 0.5, ""sha256"": ""31e66eb705618c067df9d65c5a5cb991addbb4f567a7c5dbab408f87859d6227""}]"
2207556,1056373888,5689,6000,0.9481666666666667,0.1537548154592514,0.8717504332755632,0.8383333333333334,0.8547153780798641,0.948028640252001,"[2840, 2849]","[{""name"": ""accuracy_wide_clean_swa"", ""views"": 4, ""temperature"": 1.5, ""weight"": 0.325, ""sha256"": ""0aa9d82bef91689cc3b4b76c97b385153e325887adf376d641f082358aabea0f""}, {""name"": ""accuracy_p2_clean_swa"", ""views"": 10, ""temperature"": 1.25, ""weight"": 0.325, ""sha256"": ""31e66eb705618c067df9d65c5a5cb991addbb4f567a7c5dbab408f87859d6227""}, {""name"": ""mixer_pruned_75"", ""views"": 1, ""temperature"": 1.0, ""weight"": 0.35, ""sha256"": ""c0b7eafe5070b3985442bfdf729ab2955c7340a172dc5b817150cc02771d5f53""}]"
2207556,1080560000,5697,6000,0.9495,0.15296217799186707,0.8763066202090593,0.8383333333333334,0.8568994889267462,0.949350441599087,"[2842, 2855]","[{""name"": ""accuracy_wide_clean_swa"", ""views"": 4, ""temperature"": 1.5, ""weight"": 0.325, ""sha256"": ""0aa9d82bef91689cc3b4b76c97b385153e325887adf376d641f082358aabea0f""}, {""name"": ""accuracy_p2_clean_swa"", ""views"": 10, ""temperature"": 1.25, ""weight"": 0.325, ""sha256"": ""31e66eb705618c067df9d65c5a5cb991addbb4f567a7c5dbab408f87859d6227""}, {""name"": ""mixer_pruned_75"", ""views"": 2, ""temperature"": 1.0, ""weight"": 0.35, ""sha256"": ""c0b7eafe5070b3985442bfdf729ab2955c7340a172dc5b817150cc02771d5f53""}]"
2207556,1128932224,5697,6000,0.9495,0.1524571180343628,0.8743455497382199,0.835,0.8542199488491049,0.9493224093701045,"[2846, 2851]","[{""name"": ""accuracy_wide_clean_swa"", ""views"": 4, ""temperature"": 1.5, ""weight"": 0.325, ""sha256"": ""0aa9d82bef91689cc3b4b76c97b385153e325887adf376d641f082358aabea0f""}, {""name"": ""accuracy_p2_clean_swa"", ""views"": 10, ""temperature"": 1.25, ""weight"": 0.325, ""sha256"": ""31e66eb705618c067df9d65c5a5cb991addbb4f567a7c5dbab408f87859d6227""}, {""name"": ""mixer_pruned_75"", ""views"": 4, ""temperature"": 1.0, ""weight"": 0.35, ""sha256"": ""c0b7eafe5070b3985442bfdf729ab2955c7340a172dc5b817150cc02771d5f53""}]"
2207556,1274048896,5700,6000,0.95,0.15175645053386688,0.8771929824561403,0.8333333333333334,0.8547008547008547,0.9498212807792257,"[2844, 2856]","[{""name"": ""accuracy_wide_clean_swa"", ""views"": 4, ""temperature"": 1.5, ""weight"": 0.325, ""sha256"": ""0aa9d82bef91689cc3b4b76c97b385153e325887adf376d641f082358aabea0f""}, {""name"": ""accuracy_p2_clean_swa"", ""views"": 10, ""temperature"": 1.25, ""weight"": 0.325, ""sha256"": ""31e66eb705618c067df9d65c5a5cb991addbb4f567a7c5dbab408f87859d6227""}, {""name"": ""mixer_pruned_75"", ""views"": 10, ""temperature"": 1.0, ""weight"": 0.35, ""sha256"": ""c0b7eafe5070b3985442bfdf729ab2955c7340a172dc5b817150cc02771d5f53""}]"
2207556,1467537792,5701,6000,0.9501666666666667,0.15251244604587555,0.8760907504363001,0.8366666666666667,0.855924978687127,0.9500031702454093,"[2844, 2857]","[{""name"": ""accuracy_wide_clean_swa"", ""views"": 4, ""temperature"": 1.5, ""weight"": 0.325, ""sha256"": ""0aa9d82bef91689cc3b4b76c97b385153e325887adf376d641f082358aabea0f""}, {""name"": ""accuracy_p2_clean_swa"", ""views"": 10, ""temperature"": 1.25, ""weight"": 0.325, ""sha256"": ""31e66eb705618c067df9d65c5a5cb991addbb4f567a7c5dbab408f87859d6227""}, {""name"": ""mixer_pruned_75"", ""views"": 18, ""temperature"": 1.0, ""weight"": 0.35, ""sha256"": ""c0b7eafe5070b3985442bfdf729ab2955c7340a172dc5b817150cc02771d5f53""}]"
2207556,1757771136,5699,6000,0.9498333333333333,0.1526307612657547,0.8741258741258742,0.8333333333333334,0.8532423208191127,0.949670515625883,"[2845, 2854]","[{""name"": ""accuracy_wide_clean_swa"", ""views"": 4, ""temperature"": 1.5, ""weight"": 0.325, ""sha256"": ""0aa9d82bef91689cc3b4b76c97b385153e325887adf376d641f082358aabea0f""}, {""name"": ""accuracy_p2_clean_swa"", ""views"": 10, ""temperature"": 1.25, ""weight"": 0.325, ""sha256"": ""31e66eb705618c067df9d65c5a5cb991addbb4f567a7c5dbab408f87859d6227""}, {""name"": ""mixer_pruned_75"", ""views"": 30, ""temperature"": 1.0, ""weight"": 0.35, ""sha256"": ""c0b7eafe5070b3985442bfdf729ab2955c7340a172dc5b817150cc02771d5f53""}]"
1827604,1610825088,5685,6000,0.9475,0.1607896238565445,0.8673647469458988,0.8283333333333334,0.8473998294970162,0.947331532093606,"[2833, 2852]","[{""name"": ""accuracy_wide_clean_swa"", ""views"": 4, ""temperature"": 1.5, ""weight"": 0.5, ""sha256"": ""0aa9d82bef91689cc3b4b76c97b385153e325887adf376d641f082358aabea0f""}, {""name"": ""accuracy_p2_clean_swa"", ""views"": 18, ""temperature"": 1.25, ""weight"": 0.5, ""sha256"": ""31e66eb705618c067df9d65c5a5cb991addbb4f567a7c5dbab408f87859d6227""}]"
2207556,1635011200,5689,6000,0.9481666666666667,0.15357284247875214,0.8739054290718039,0.8316666666666667,0.852263023057216,0.9479739301949435,"[2840, 2849]","[{""name"": ""accuracy_wide_clean_swa"", ""views"": 4, ""temperature"": 1.5, ""weight"": 0.325, ""sha256"": ""0aa9d82bef91689cc3b4b76c97b385153e325887adf376d641f082358aabea0f""}, {""name"": ""accuracy_p2_clean_swa"", ""views"": 18, ""temperature"": 1.25, ""weight"": 0.325, ""sha256"": ""31e66eb705618c067df9d65c5a5cb991addbb4f567a7c5dbab408f87859d6227""}, {""name"": ""mixer_pruned_75"", ""views"": 1, ""temperature"": 1.0, ""weight"": 0.35, ""sha256"": ""c0b7eafe5070b3985442bfdf729ab2955c7340a172dc5b817150cc02771d5f53""}]"
2207556,1659197312,5693,6000,0.9488333333333333,0.15287451446056366,0.8774080560420315,0.835,0.8556789069171649,0.9486512171952853,"[2840, 2853]","[{""name"": ""accuracy_wide_clean_swa"", ""views"": 4, ""temperature"": 1.5, ""weight"": 0.325, ""sha256"": ""0aa9d82bef91689cc3b4b76c97b385153e325887adf376d641f082358aabea0f""}, {""name"": ""accuracy_p2_clean_swa"", ""views"": 18, ""temperature"": 1.25, ""weight"": 0.325, ""sha256"": ""31e66eb705618c067df9d65c5a5cb991addbb4f567a7c5dbab408f87859d6227""}, {""name"": ""mixer_pruned_75"", ""views"": 2, ""temperature"": 1.0, ""weight"": 0.35, ""sha256"": ""c0b7eafe5070b3985442bfdf729ab2955c7340a172dc5b817150cc02771d5f53""}]"
2207556,1707569536,5695,6000,0.9491666666666667,0.1525123119354248,0.875219683655536,0.83,0.8520102651839179,0.9489719467037144,"[2843, 2852]","[{""name"": ""accuracy_wide_clean_swa"", ""views"": 4, ""temperature"": 1.5, ""weight"": 0.325, ""sha256"": ""0aa9d82bef91689cc3b4b76c97b385153e325887adf376d641f082358aabea0f""}, {""name"": ""accuracy_p2_clean_swa"", ""views"": 18, ""temperature"": 1.25, ""weight"": 0.325, ""sha256"": ""31e66eb705618c067df9d65c5a5cb991addbb4f567a7c5dbab408f87859d6227""}, {""name"": ""mixer_pruned_75"", ""views"": 4, ""temperature"": 1.0, ""weight"": 0.35, ""sha256"": ""c0b7eafe5070b3985442bfdf729ab2955c7340a172dc5b817150cc02771d5f53""}]"
2207556,1852686208,5695,6000,0.9491666666666667,0.15189000964164734,0.8741258741258742,0.8333333333333334,0.8532423208191127,0.9489962837564901,"[2839, 2856]","[{""name"": ""accuracy_wide_clean_swa"", ""views"": 4, ""temperature"": 1.5, ""weight"": 0.325, ""sha256"": ""0aa9d82bef91689cc3b4b76c97b385153e325887adf376d641f082358aabea0f""}, {""name"": ""accuracy_p2_clean_swa"", ""views"": 18, ""temperature"": 1.25, ""weight"": 0.325, ""sha256"": ""31e66eb705618c067df9d65c5a5cb991addbb4f567a7c5dbab408f87859d6227""}, {""name"": ""mixer_pruned_75"", ""views"": 10, ""temperature"": 1.0, ""weight"": 0.35, ""sha256"": ""c0b7eafe5070b3985442bfdf729ab2955c7340a172dc5b817150cc02771d5f53""}]"
2207556,2046175104,5697,6000,0.9495,0.15281414985656738,0.8741258741258742,0.8333333333333334,0.8532423208191127,0.9493347890635983,"[2841, 2856]","[{""name"": ""accuracy_wide_clean_swa"", ""views"": 4, ""temperature"": 1.5, ""weight"": 0.325, ""sha256"": ""0aa9d82bef91689cc3b4b76c97b385153e325887adf376d641f082358aabea0f""}, {""name"": ""accuracy_p2_clean_swa"", ""views"": 18, ""temperature"": 1.25, ""weight"": 0.325, ""sha256"": ""31e66eb705618c067df9d65c5a5cb991addbb4f567a7c5dbab408f87859d6227""}, {""name"": ""mixer_pruned_75"", ""views"": 18, ""temperature"": 1.0, ""weight"": 0.35, ""sha256"": ""c0b7eafe5070b3985442bfdf729ab2955c7340a172dc5b817150cc02771d5f53""}]"
2207556,2336408448,5689,6000,0.9481666666666667,0.15287068486213684,0.8732394366197183,0.8266666666666667,0.8493150684931506,0.9479720473489504,"[2840, 2849]","[{""name"": ""accuracy_wide_clean_swa"", ""views"": 4, ""temperature"": 1.5, ""weight"": 0.325, ""sha256"": ""0aa9d82bef91689cc3b4b76c97b385153e325887adf376d641f082358aabea0f""}, {""name"": ""accuracy_p2_clean_swa"", ""views"": 18, ""temperature"": 1.25, ""weight"": 0.325, ""sha256"": ""31e66eb705618c067df9d65c5a5cb991addbb4f567a7c5dbab408f87859d6227""}, {""name"": ""mixer_pruned_75"", ""views"": 30, ""temperature"": 1.0, ""weight"": 0.35, ""sha256"": ""c0b7eafe5070b3985442bfdf729ab2955c7340a172dc5b817150cc02771d5f53""}]"
1827604,2478781056,5693,6000,0.9488333333333333,0.16105647385120392,0.8821428571428571,0.8233333333333334,0.8517241379310345,0.9485631361474789,"[2842, 2851]","[{""name"": ""accuracy_wide_clean_swa"", ""views"": 4, ""temperature"": 1.5, ""weight"": 0.5, ""sha256"": ""0aa9d82bef91689cc3b4b76c97b385153e325887adf376d641f082358aabea0f""}, {""name"": ""accuracy_p2_clean_swa"", ""views"": 30, ""temperature"": 1.25, ""weight"": 0.5, ""sha256"": ""31e66eb705618c067df9d65c5a5cb991addbb4f567a7c5dbab408f87859d6227""}]"
2207556,2502967168,5694,6000,0.949,0.15381503105163574,0.871304347826087,0.835,0.8527659574468085,0.9488404301608924,"[2843, 2851]","[{""name"": ""accuracy_wide_clean_swa"", ""views"": 4, ""temperature"": 1.5, ""weight"": 0.325, ""sha256"": ""0aa9d82bef91689cc3b4b76c97b385153e325887adf376d641f082358aabea0f""}, {""name"": ""accuracy_p2_clean_swa"", ""views"": 30, ""temperature"": 1.25, ""weight"": 0.325, ""sha256"": ""31e66eb705618c067df9d65c5a5cb991addbb4f567a7c5dbab408f87859d6227""}, {""name"": ""mixer_pruned_75"", ""views"": 1, ""temperature"": 1.0, ""weight"": 0.35, ""sha256"": ""c0b7eafe5070b3985442bfdf729ab2955c7340a172dc5b817150cc02771d5f53""}]"
2207556,2527153280,5697,6000,0.9495,0.153142049908638,0.875219683655536,0.83,0.8520102651839179,0.9493063215423266,"[2843, 2854]","[{""name"": ""accuracy_wide_clean_swa"", ""views"": 4, ""temperature"": 1.5, ""weight"": 0.325, ""sha256"": ""0aa9d82bef91689cc3b4b76c97b385153e325887adf376d641f082358aabea0f""}, {""name"": ""accuracy_p2_clean_swa"", ""views"": 30, ""temperature"": 1.25, ""weight"": 0.325, ""sha256"": ""31e66eb705618c067df9d65c5a5cb991addbb4f567a7c5dbab408f87859d6227""}, {""name"": ""mixer_pruned_75"", ""views"": 2, ""temperature"": 1.0, ""weight"": 0.35, ""sha256"": ""c0b7eafe5070b3985442bfdf729ab2955c7340a172dc5b817150cc02771d5f53""}]"
2207556,2575525504,5698,6000,0.9496666666666667,0.152724951505661,0.8736842105263158,0.83,0.8512820512820513,0.9494672110929997,"[2843, 2855]","[{""name"": ""accuracy_wide_clean_swa"", ""views"": 4, ""temperature"": 1.5, ""weight"": 0.325, ""sha256"": ""0aa9d82bef91689cc3b4b76c97b385153e325887adf376d641f082358aabea0f""}, {""name"": ""accuracy_p2_clean_swa"", ""views"": 30, ""temperature"": 1.25, ""weight"": 0.325, ""sha256"": ""31e66eb705618c067df9d65c5a5cb991addbb4f567a7c5dbab408f87859d6227""}, {""name"": ""mixer_pruned_75"", ""views"": 4, ""temperature"": 1.0, ""weight"": 0.35, ""sha256"": ""c0b7eafe5070b3985442bfdf729ab2955c7340a172dc5b817150cc02771d5f53""}]"
2207556,2720642176,5701,6000,0.9501666666666667,0.15212708711624146,0.8798586572438163,0.83,0.8542024013722127,0.9499576296753025,"[2845, 2856]","[{""name"": ""accuracy_wide_clean_swa"", ""views"": 4, ""temperature"": 1.5, ""weight"": 0.325, ""sha256"": ""0aa9d82bef91689cc3b4b76c97b385153e325887adf376d641f082358aabea0f""}, {""name"": ""accuracy_p2_clean_swa"", ""views"": 30, ""temperature"": 1.25, ""weight"": 0.325, ""sha256"": ""31e66eb705618c067df9d65c5a5cb991addbb4f567a7c5dbab408f87859d6227""}, {""name"": ""mixer_pruned_75"", ""views"": 10, ""temperature"": 1.0, ""weight"": 0.35, ""sha256"": ""c0b7eafe5070b3985442bfdf729ab2955c7340a172dc5b817150cc02771d5f53""}]"
2207556,2914131072,5702,6000,0.9503333333333334,0.15288932621479034,0.8800705467372134,0.8316666666666667,0.8551842330762639,0.9501444785529092,"[2847, 2855]","[{""name"": ""accuracy_wide_clean_swa"", ""views"": 4, ""temperature"": 1.5, ""weight"": 0.325, ""sha256"": ""0aa9d82bef91689cc3b4b76c97b385153e325887adf376d641f082358aabea0f""}, {""name"": ""accuracy_p2_clean_swa"", ""views"": 30, ""temperature"": 1.25, ""weight"": 0.325, ""sha256"": ""31e66eb705618c067df9d65c5a5cb991addbb4f567a7c5dbab408f87859d6227""}, {""name"": ""mixer_pruned_75"", ""views"": 18, ""temperature"": 1.0, ""weight"": 0.35, ""sha256"": ""c0b7eafe5070b3985442bfdf729ab2955c7340a172dc5b817150cc02771d5f53""}]"
2207556,3204364416,5696,6000,0.9493333333333334,0.1533167064189911,0.8734622144112478,0.8283333333333334,0.8502994011976048,0.9491328083063092,"[2845, 2851]","[{""name"": ""accuracy_wide_clean_swa"", ""views"": 4, ""temperature"": 1.5, ""weight"": 0.325, ""sha256"": ""0aa9d82bef91689cc3b4b76c97b385153e325887adf376d641f082358aabea0f""}, {""name"": ""accuracy_p2_clean_swa"", ""views"": 30, ""temperature"": 1.25, ""weight"": 0.325, ""sha256"": ""31e66eb705618c067df9d65c5a5cb991addbb4f567a7c5dbab408f87859d6227""}, {""name"": ""mixer_pruned_75"", ""views"": 30, ""temperature"": 1.0, ""weight"": 0.35, ""sha256"": ""c0b7eafe5070b3985442bfdf729ab2955c7340a172dc5b817150cc02771d5f53""}]"
1297746,772227840,5681,6000,0.9468333333333333,0.17575949430465698,0.873015873015873,0.825,0.8483290488431876,0.946633039823036,"[2829, 2852]","[{""name"": ""accuracy_wide_clean_swa"", ""views"": 10, ""temperature"": 1.5, ""weight"": 1.0, ""sha256"": ""0aa9d82bef91689cc3b4b76c97b385153e325887adf376d641f082358aabea0f""}]"
1677698,796413952,5664,6000,0.944,0.16120502352714539,0.8566493955094991,0.8266666666666667,0.8413910093299406,0.9438573352180709,"[2828, 2836]","[{""name"": ""accuracy_wide_clean_swa"", ""views"": 10, ""temperature"": 1.5, ""weight"": 0.48148148148148145, ""sha256"": ""0aa9d82bef91689cc3b4b76c97b385153e325887adf376d641f082358aabea0f""}, {""name"": ""mixer_pruned_75"", ""views"": 1, ""temperature"": 1.0, ""weight"": 0.5185185185185185, ""sha256"": ""c0b7eafe5070b3985442bfdf729ab2955c7340a172dc5b817150cc02771d5f53""}]"
1677698,820600064,5667,6000,0.9445,0.159899041056633,0.8541666666666666,0.82,0.8367346938775511,0.9443327567421506,"[2828, 2839]","[{""name"": ""accuracy_wide_clean_swa"", ""views"": 10, ""temperature"": 1.5, ""weight"": 0.48148148148148145, ""sha256"": ""0aa9d82bef91689cc3b4b76c97b385153e325887adf376d641f082358aabea0f""}, {""name"": ""mixer_pruned_75"", ""views"": 2, ""temperature"": 1.0, ""weight"": 0.5185185185185185, ""sha256"": ""c0b7eafe5070b3985442bfdf729ab2955c7340a172dc5b817150cc02771d5f53""}]"
1677698,868972288,5669,6000,0.9448333333333333,0.15810921788215637,0.8539518900343642,0.8283333333333334,0.8409475465313029,0.9447146536864564,"[2833, 2836]","[{""name"": ""accuracy_wide_clean_swa"", ""views"": 10, ""temperature"": 1.5, ""weight"": 0.48148148148148145, ""sha256"": ""0aa9d82bef91689cc3b4b76c97b385153e325887adf376d641f082358aabea0f""}, {""name"": ""mixer_pruned_75"", ""views"": 4, ""temperature"": 1.0, ""weight"": 0.5185185185185185, ""sha256"": ""c0b7eafe5070b3985442bfdf729ab2955c7340a172dc5b817150cc02771d5f53""}]"
1677698,1014088960,5672,6000,0.9453333333333334,0.156982421875,0.8603839441535777,0.8216666666666667,0.8405797101449275,0.9451675791387357,"[2831, 2841]","[{""name"": ""accuracy_wide_clean_swa"", ""views"": 10, ""temperature"": 1.5, ""weight"": 0.48148148148148145, ""sha256"": ""0aa9d82bef91689cc3b4b76c97b385153e325887adf376d641f082358aabea0f""}, {""name"": ""mixer_pruned_75"", ""views"": 10, ""temperature"": 1.0, ""weight"": 0.5185185185185185, ""sha256"": ""c0b7eafe5070b3985442bfdf729ab2955c7340a172dc5b817150cc02771d5f53""}]"
1677698,1207577856,5679,6000,0.9465,0.15784558653831482,0.8638743455497382,0.825,0.8439897698209718,0.9463423175775179,"[2830, 2849]","[{""name"": ""accuracy_wide_clean_swa"", ""views"": 10, ""temperature"": 1.5, ""weight"": 0.48148148148148145, ""sha256"": ""0aa9d82bef91689cc3b4b76c97b385153e325887adf376d641f082358aabea0f""}, {""name"": ""mixer_pruned_75"", ""views"": 18, ""temperature"": 1.0, ""weight"": 0.5185185185185185, ""sha256"": ""c0b7eafe5070b3985442bfdf729ab2955c7340a172dc5b817150cc02771d5f53""}]"
1677698,1497811200,5674,6000,0.9456666666666667,0.15818530321121216,0.859375,0.825,0.8418367346938775,0.9454999177771037,"[2832, 2842]","[{""name"": ""accuracy_wide_clean_swa"", ""views"": 10, ""temperature"": 1.5, ""weight"": 0.48148148148148145, ""sha256"": ""0aa9d82bef91689cc3b4b76c97b385153e325887adf376d641f082358aabea0f""}, {""name"": ""mixer_pruned_75"", ""views"": 30, ""temperature"": 1.0, ""weight"": 0.5185185185185185, ""sha256"": ""c0b7eafe5070b3985442bfdf729ab2955c7340a172dc5b817150cc02771d5f53""}]"
1827604,844557504,5663,6000,0.9438333333333333,0.16744913160800934,0.8568935427574171,0.8183333333333334,0.8371696504688833,0.943652450376813,"[2827, 2836]","[{""name"": ""accuracy_wide_clean_swa"", ""views"": 10, ""temperature"": 1.5, ""weight"": 0.5, ""sha256"": ""0aa9d82bef91689cc3b4b76c97b385153e325887adf376d641f082358aabea0f""}, {""name"": ""accuracy_p2_clean_swa"", ""views"": 1, ""temperature"": 1.25, ""weight"": 0.5, ""sha256"": ""31e66eb705618c067df9d65c5a5cb991addbb4f567a7c5dbab408f87859d6227""}]"
2207556,868743616,5677,6000,0.9461666666666667,0.15660442411899567,0.8660869565217392,0.83,0.8476595744680852,0.946018663271991,"[2835, 2842]","[{""name"": ""accuracy_wide_clean_swa"", ""views"": 10, ""temperature"": 1.5, ""weight"": 0.325, ""sha256"": ""0aa9d82bef91689cc3b4b76c97b385153e325887adf376d641f082358aabea0f""}, {""name"": ""accuracy_p2_clean_swa"", ""views"": 1, ""temperature"": 1.25, ""weight"": 0.325, ""sha256"": ""31e66eb705618c067df9d65c5a5cb991addbb4f567a7c5dbab408f87859d6227""}, {""name"": ""mixer_pruned_75"", ""views"": 1, ""temperature"": 1.0, ""weight"": 0.35, ""sha256"": ""c0b7eafe5070b3985442bfdf729ab2955c7340a172dc5b817150cc02771d5f53""}]"
2207556,892929728,5689,6000,0.9481666666666667,0.15582866966724396,0.8758741258741258,0.835,0.8549488054607508,0.9480028116153919,"[2841, 2848]","[{""name"": ""accuracy_wide_clean_swa"", ""views"": 10, ""temperature"": 1.5, ""weight"": 0.325, ""sha256"": ""0aa9d82bef91689cc3b4b76c97b385153e325887adf376d641f082358aabea0f""}, {""name"": ""accuracy_p2_clean_swa"", ""views"": 1, ""temperature"": 1.25, ""weight"": 0.325, ""sha256"": ""31e66eb705618c067df9d65c5a5cb991addbb4f567a7c5dbab408f87859d6227""}, {""name"": ""mixer_pruned_75"", ""views"": 2, ""temperature"": 1.0, ""weight"": 0.35, ""sha256"": ""c0b7eafe5070b3985442bfdf729ab2955c7340a172dc5b817150cc02771d5f53""}]"
2207556,941301952,5689,6000,0.9481666666666667,0.15502206981182098,0.87215411558669,0.83,0.8505550811272417,0.9479798597800725,"[2841, 2848]","[{""name"": ""accuracy_wide_clean_swa"", ""views"": 10, ""temperature"": 1.5, ""weight"": 0.325, ""sha256"": ""0aa9d82bef91689cc3b4b76c97b385153e325887adf376d641f082358aabea0f""}, {""name"": ""accuracy_p2_clean_swa"", ""views"": 1, ""temperature"": 1.25, ""weight"": 0.325, ""sha256"": ""31e66eb705618c067df9d65c5a5cb991addbb4f567a7c5dbab408f87859d6227""}, {""name"": ""mixer_pruned_75"", ""views"": 4, ""temperature"": 1.0, ""weight"": 0.35, ""sha256"": ""c0b7eafe5070b3985442bfdf729ab2955c7340a172dc5b817150cc02771d5f53""}]"
2207556,1086418624,5688,6000,0.948,0.1542115956544876,0.8704028021015762,0.8283333333333334,0.8488471391972673,0.9478202682056196,"[2838, 2850]","[{""name"": ""accuracy_wide_clean_swa"", ""views"": 10, ""temperature"": 1.5, ""weight"": 0.325, ""sha256"": ""0aa9d82bef91689cc3b4b76c97b385153e325887adf376d641f082358aabea0f""}, {""name"": ""accuracy_p2_clean_swa"", ""views"": 1, ""temperature"": 1.25, ""weight"": 0.325, ""sha256"": ""31e66eb705618c067df9d65c5a5cb991addbb4f567a7c5dbab408f87859d6227""}, {""name"": ""mixer_pruned_75"", ""views"": 10, ""temperature"": 1.0, ""weight"": 0.35, ""sha256"": ""c0b7eafe5070b3985442bfdf729ab2955c7340a172dc5b817150cc02771d5f53""}]"
2207556,1279907520,5688,6000,0.948,0.1548914611339569,0.8701754385964913,0.8266666666666667,0.8478632478632478,0.9478002517429587,"[2841, 2847]","[{""name"": ""accuracy_wide_clean_swa"", ""views"": 10, ""temperature"": 1.5, ""weight"": 0.325, ""sha256"": ""0aa9d82bef91689cc3b4b76c97b385153e325887adf376d641f082358aabea0f""}, {""name"": ""accuracy_p2_clean_swa"", ""views"": 1, ""temperature"": 1.25, ""weight"": 0.325, ""sha256"": ""31e66eb705618c067df9d65c5a5cb991addbb4f567a7c5dbab408f87859d6227""}, {""name"": ""mixer_pruned_75"", ""views"": 18, ""temperature"": 1.0, ""weight"": 0.35, ""sha256"": ""c0b7eafe5070b3985442bfdf729ab2955c7340a172dc5b817150cc02771d5f53""}]"
2207556,1570140864,5686,6000,0.9476666666666667,0.1551225334405899,0.8669001751313485,0.825,0.8454312553373186,0.9474848375178595,"[2835, 2851]","[{""name"": ""accuracy_wide_clean_swa"", ""views"": 10, ""temperature"": 1.5, ""weight"": 0.325, ""sha256"": ""0aa9d82bef91689cc3b4b76c97b385153e325887adf376d641f082358aabea0f""}, {""name"": ""accuracy_p2_clean_swa"", ""views"": 1, ""temperature"": 1.25, ""weight"": 0.325, ""sha256"": ""31e66eb705618c067df9d65c5a5cb991addbb4f567a7c5dbab408f87859d6227""}, {""name"": ""mixer_pruned_75"", ""views"": 30, ""temperature"": 1.0, ""weight"": 0.35, ""sha256"": ""c0b7eafe5070b3985442bfdf729ab2955c7340a172dc5b817150cc02771d5f53""}]"
1827604,916887168,5681,6000,0.9468333333333333,0.16503609716892242,0.8660869565217392,0.83,0.8476595744680852,0.9467072526703783,"[2831, 2850]","[{""name"": ""accuracy_wide_clean_swa"", ""views"": 10, ""temperature"": 1.5, ""weight"": 0.5, ""sha256"": ""0aa9d82bef91689cc3b4b76c97b385153e325887adf376d641f082358aabea0f""}, {""name"": ""accuracy_p2_clean_swa"", ""views"": 2, ""temperature"": 1.25, ""weight"": 0.5, ""sha256"": ""31e66eb705618c067df9d65c5a5cb991addbb4f567a7c5dbab408f87859d6227""}]"
2207556,941073280,5681,6000,0.9468333333333333,0.15526682138442993,0.8686514886164624,0.8266666666666667,0.8471391972672929,0.9466598381741107,"[2835, 2846]","[{""name"": ""accuracy_wide_clean_swa"", ""views"": 10, ""temperature"": 1.5, ""weight"": 0.325, ""sha256"": ""0aa9d82bef91689cc3b4b76c97b385153e325887adf376d641f082358aabea0f""}, {""name"": ""accuracy_p2_clean_swa"", ""views"": 2, ""temperature"": 1.25, ""weight"": 0.325, ""sha256"": ""31e66eb705618c067df9d65c5a5cb991addbb4f567a7c5dbab408f87859d6227""}, {""name"": ""mixer_pruned_75"", ""views"": 1, ""temperature"": 1.0, ""weight"": 0.35, ""sha256"": ""c0b7eafe5070b3985442bfdf729ab2955c7340a172dc5b817150cc02771d5f53""}]"
2207556,965259392,5693,6000,0.9488333333333333,0.15459086000919342,0.872822299651568,0.835,0.8534923339011925,0.9486989065641023,"[2844, 2849]","[{""name"": ""accuracy_wide_clean_swa"", ""views"": 10, ""temperature"": 1.5, ""weight"": 0.325, ""sha256"": ""0aa9d82bef91689cc3b4b76c97b385153e325887adf376d641f082358aabea0f""}, {""name"": ""accuracy_p2_clean_swa"", ""views"": 2, ""temperature"": 1.25, ""weight"": 0.325, ""sha256"": ""31e66eb705618c067df9d65c5a5cb991addbb4f567a7c5dbab408f87859d6227""}, {""name"": ""mixer_pruned_75"", ""views"": 2, ""temperature"": 1.0, ""weight"": 0.35, ""sha256"": ""c0b7eafe5070b3985442bfdf729ab2955c7340a172dc5b817150cc02771d5f53""}]"
2207556,1013631616,5694,6000,0.949,0.15386326611042023,0.8741258741258742,0.8333333333333334,0.8532423208191127,0.948837696377352,"[2844, 2850]","[{""name"": ""accuracy_wide_clean_swa"", ""views"": 10, ""temperature"": 1.5, ""weight"": 0.325, ""sha256"": ""0aa9d82bef91689cc3b4b76c97b385153e325887adf376d641f082358aabea0f""}, {""name"": ""accuracy_p2_clean_swa"", ""views"": 2, ""temperature"": 1.25, ""weight"": 0.325, ""sha256"": ""31e66eb705618c067df9d65c5a5cb991addbb4f567a7c5dbab408f87859d6227""}, {""name"": ""mixer_pruned_75"", ""views"": 4, ""temperature"": 1.0, ""weight"": 0.35, ""sha256"": ""c0b7eafe5070b3985442bfdf729ab2955c7340a172dc5b817150cc02771d5f53""}]"
2207556,1158748288,5696,6000,0.9493333333333334,0.15334944427013397,0.87215411558669,0.83,0.8505550811272417,0.9491774495117026,"[2841, 2855]","[{""name"": ""accuracy_wide_clean_swa"", ""views"": 10, ""temperature"": 1.5, ""weight"": 0.325, ""sha256"": ""0aa9d82bef91689cc3b4b76c97b385153e325887adf376d641f082358aabea0f""}, {""name"": ""accuracy_p2_clean_swa"", ""views"": 2, ""temperature"": 1.25, ""weight"": 0.325, ""sha256"": ""31e66eb705618c067df9d65c5a5cb991addbb4f567a7c5dbab408f87859d6227""}, {""name"": ""mixer_pruned_75"", ""views"": 10, ""temperature"": 1.0, ""weight"": 0.35, ""sha256"": ""c0b7eafe5070b3985442bfdf729ab2955c7340a172dc5b817150cc02771d5f53""}]"
2207556,1352237184,5700,6000,0.95,0.15410658717155457,0.8769771528998243,0.8316666666666667,0.853721129170231,0.9498273478899069,"[2845, 2855]","[{""name"": ""accuracy_wide_clean_swa"", ""views"": 10, ""temperature"": 1.5, ""weight"": 0.325, ""sha256"": ""0aa9d82bef91689cc3b4b76c97b385153e325887adf376d641f082358aabea0f""}, {""name"": ""accuracy_p2_clean_swa"", ""views"": 2, ""temperature"": 1.25, ""weight"": 0.325, ""sha256"": ""31e66eb705618c067df9d65c5a5cb991addbb4f567a7c5dbab408f87859d6227""}, {""name"": ""mixer_pruned_75"", ""views"": 18, ""temperature"": 1.0, ""weight"": 0.35, ""sha256"": ""c0b7eafe5070b3985442bfdf729ab2955c7340a172dc5b817150cc02771d5f53""}]"
2207556,1642470528,5699,6000,0.9498333333333333,0.1542285829782486,0.8743455497382199,0.835,0.8542199488491049,0.9496919856222444,"[2846, 2853]","[{""name"": ""accuracy_wide_clean_swa"", ""views"": 10, ""temperature"": 1.5, ""weight"": 0.325, ""sha256"": ""0aa9d82bef91689cc3b4b76c97b385153e325887adf376d641f082358aabea0f""}, {""name"": ""accuracy_p2_clean_swa"", ""views"": 2, ""temperature"": 1.25, ""weight"": 0.325, ""sha256"": ""31e66eb705618c067df9d65c5a5cb991addbb4f567a7c5dbab408f87859d6227""}, {""name"": ""mixer_pruned_75"", ""views"": 30, ""temperature"": 1.0, ""weight"": 0.35, ""sha256"": ""c0b7eafe5070b3985442bfdf729ab2955c7340a172dc5b817150cc02771d5f53""}]"
1827604,1061546496,5691,6000,0.9485,0.16146764159202576,0.8708551483420593,0.8316666666666667,0.8508098891730606,0.9483438849501526,"[2837, 2854]","[{""name"": ""accuracy_wide_clean_swa"", ""views"": 10, ""temperature"": 1.5, ""weight"": 0.5, ""sha256"": ""0aa9d82bef91689cc3b4b76c97b385153e325887adf376d641f082358aabea0f""}, {""name"": ""accuracy_p2_clean_swa"", ""views"": 4, ""temperature"": 1.25, ""weight"": 0.5, ""sha256"": ""31e66eb705618c067df9d65c5a5cb991addbb4f567a7c5dbab408f87859d6227""}]"
2207556,1085732608,5691,6000,0.9485,0.15420491993427277,0.8800705467372134,0.8316666666666667,0.8551842330762639,0.9482992163379673,"[2840, 2851]","[{""name"": ""accuracy_wide_clean_swa"", ""views"": 10, ""temperature"": 1.5, ""weight"": 0.325, ""sha256"": ""0aa9d82bef91689cc3b4b76c97b385153e325887adf376d641f082358aabea0f""}, {""name"": ""accuracy_p2_clean_swa"", ""views"": 4, ""temperature"": 1.25, ""weight"": 0.325, ""sha256"": ""31e66eb705618c067df9d65c5a5cb991addbb4f567a7c5dbab408f87859d6227""}, {""name"": ""mixer_pruned_75"", ""views"": 1, ""temperature"": 1.0, ""weight"": 0.35, ""sha256"": ""c0b7eafe5070b3985442bfdf729ab2955c7340a172dc5b817150cc02771d5f53""}]"
2207556,1109918720,5699,6000,0.9498333333333333,0.1535811871290207,0.8800705467372134,0.8316666666666667,0.8551842330762639,0.9496318709932637,"[2844, 2855]","[{""name"": ""accuracy_wide_clean_swa"", ""views"": 10, ""temperature"": 1.5, ""weight"": 0.325, ""sha256"": ""0aa9d82bef91689cc3b4b76c97b385153e325887adf376d641f082358aabea0f""}, {""name"": ""accuracy_p2_clean_swa"", ""views"": 4, ""temperature"": 1.25, ""weight"": 0.325, ""sha256"": ""31e66eb705618c067df9d65c5a5cb991addbb4f567a7c5dbab408f87859d6227""}, {""name"": ""mixer_pruned_75"", ""views"": 2, ""temperature"": 1.0, ""weight"": 0.35, ""sha256"": ""c0b7eafe5070b3985442bfdf729ab2955c7340a172dc5b817150cc02771d5f53""}]"
2207556,1158290944,5697,6000,0.9495,0.15313975512981415,0.8774080560420315,0.835,0.8556789069171649,0.9493313353833962,"[2846, 2851]","[{""name"": ""accuracy_wide_clean_swa"", ""views"": 10, ""temperature"": 1.5, ""weight"": 0.325, ""sha256"": ""0aa9d82bef91689cc3b4b76c97b385153e325887adf376d641f082358aabea0f""}, {""name"": ""accuracy_p2_clean_swa"", ""views"": 4, ""temperature"": 1.25, ""weight"": 0.325, ""sha256"": ""31e66eb705618c067df9d65c5a5cb991addbb4f567a7c5dbab408f87859d6227""}, {""name"": ""mixer_pruned_75"", ""views"": 4, ""temperature"": 1.0, ""weight"": 0.35, ""sha256"": ""c0b7eafe5070b3985442bfdf729ab2955c7340a172dc5b817150cc02771d5f53""}]"
2207556,1303407616,5696,6000,0.9493333333333334,0.15264306962490082,0.8771929824561403,0.8333333333333334,0.8547008547008547,0.9491648114677862,"[2842, 2854]","[{""name"": ""accuracy_wide_clean_swa"", ""views"": 10, ""temperature"": 1.5, ""weight"": 0.325, ""sha256"": ""0aa9d82bef91689cc3b4b76c97b385153e325887adf376d641f082358aabea0f""}, {""name"": ""accuracy_p2_clean_swa"", ""views"": 4, ""temperature"": 1.25, ""weight"": 0.325, ""sha256"": ""31e66eb705618c067df9d65c5a5cb991addbb4f567a7c5dbab408f87859d6227""}, {""name"": ""mixer_pruned_75"", ""views"": 10, ""temperature"": 1.0, ""weight"": 0.35, ""sha256"": ""c0b7eafe5070b3985442bfdf729ab2955c7340a172dc5b817150cc02771d5f53""}]"
2207556,1496896512,5701,6000,0.9501666666666667,0.15348047018051147,0.8798586572438163,0.83,0.8542024013722127,0.9499610422747701,"[2845, 2856]","[{""name"": ""accuracy_wide_clean_swa"", ""views"": 10, ""temperature"": 1.5, ""weight"": 0.325, ""sha256"": ""0aa9d82bef91689cc3b4b76c97b385153e325887adf376d641f082358aabea0f""}, {""name"": ""accuracy_p2_clean_swa"", ""views"": 4, ""temperature"": 1.25, ""weight"": 0.325, ""sha256"": ""31e66eb705618c067df9d65c5a5cb991addbb4f567a7c5dbab408f87859d6227""}, {""name"": ""mixer_pruned_75"", ""views"": 18, ""temperature"": 1.0, ""weight"": 0.35, ""sha256"": ""c0b7eafe5070b3985442bfdf729ab2955c7340a172dc5b817150cc02771d5f53""}]"
2207556,1787129856,5702,6000,0.9503333333333334,0.15357501804828644,0.8789473684210526,0.835,0.8564102564102564,0.9501589051819931,"[2846, 2856]","[{""name"": ""accuracy_wide_clean_swa"", ""views"": 10, ""temperature"": 1.5, ""weight"": 0.325, ""sha256"": ""0aa9d82bef91689cc3b4b76c97b385153e325887adf376d641f082358aabea0f""}, {""name"": ""accuracy_p2_clean_swa"", ""views"": 4, ""temperature"": 1.25, ""weight"": 0.325, ""sha256"": ""31e66eb705618c067df9d65c5a5cb991addbb4f567a7c5dbab408f87859d6227""}, {""name"": ""mixer_pruned_75"", ""views"": 30, ""temperature"": 1.0, ""weight"": 0.35, ""sha256"": ""c0b7eafe5070b3985442bfdf729ab2955c7340a172dc5b817150cc02771d5f53""}]"
1827604,1495524480,5691,6000,0.9485,0.15902140736579895,0.8737024221453287,0.8416666666666667,0.8573853989813243,0.9483821884656629,"[2836, 2855]","[{""name"": ""accuracy_wide_clean_swa"", ""views"": 10, ""temperature"": 1.5, ""weight"": 0.5, ""sha256"": ""0aa9d82bef91689cc3b4b76c97b385153e325887adf376d641f082358aabea0f""}, {""name"": ""accuracy_p2_clean_swa"", ""views"": 10, ""temperature"": 1.25, ""weight"": 0.5, ""sha256"": ""31e66eb705618c067df9d65c5a5cb991addbb4f567a7c5dbab408f87859d6227""}]"
2207556,1519710592,5685,6000,0.9475,0.153401717543602,0.8717504332755632,0.8383333333333334,0.8547153780798641,0.9473780314047433,"[2834, 2851]","[{""name"": ""accuracy_wide_clean_swa"", ""views"": 10, ""temperature"": 1.5, ""weight"": 0.325, ""sha256"": ""0aa9d82bef91689cc3b4b76c97b385153e325887adf376d641f082358aabea0f""}, {""name"": ""accuracy_p2_clean_swa"", ""views"": 10, ""temperature"": 1.25, ""weight"": 0.325, ""sha256"": ""31e66eb705618c067df9d65c5a5cb991addbb4f567a7c5dbab408f87859d6227""}, {""name"": ""mixer_pruned_75"", ""views"": 1, ""temperature"": 1.0, ""weight"": 0.35, ""sha256"": ""c0b7eafe5070b3985442bfdf729ab2955c7340a172dc5b817150cc02771d5f53""}]"
2207556,1543896704,5698,6000,0.9496666666666667,0.15288734436035156,0.8791593695271454,0.8366666666666667,0.8573868488471392,0.9494993877841862,"[2845, 2853]","[{""name"": ""accuracy_wide_clean_swa"", ""views"": 10, ""temperature"": 1.5, ""weight"": 0.325, ""sha256"": ""0aa9d82bef91689cc3b4b76c97b385153e325887adf376d641f082358aabea0f""}, {""name"": ""accuracy_p2_clean_swa"", ""views"": 10, ""temperature"": 1.25, ""weight"": 0.325, ""sha256"": ""31e66eb705618c067df9d65c5a5cb991addbb4f567a7c5dbab408f87859d6227""}, {""name"": ""mixer_pruned_75"", ""views"": 2, ""temperature"": 1.0, ""weight"": 0.35, ""sha256"": ""c0b7eafe5070b3985442bfdf729ab2955c7340a172dc5b817150cc02771d5f53""}]"
2207556,1592268928,5691,6000,0.9485,0.15261156857013702,0.8736842105263158,0.83,0.8512820512820513,0.9483103306287355,"[2842, 2849]","[{""name"": ""accuracy_wide_clean_swa"", ""views"": 10, ""temperature"": 1.5, ""weight"": 0.325, ""sha256"": ""0aa9d82bef91689cc3b4b76c97b385153e325887adf376d641f082358aabea0f""}, {""name"": ""accuracy_p2_clean_swa"", ""views"": 10, ""temperature"": 1.25, ""weight"": 0.325, ""sha256"": ""31e66eb705618c067df9d65c5a5cb991addbb4f567a7c5dbab408f87859d6227""}, {""name"": ""mixer_pruned_75"", ""views"": 4, ""temperature"": 1.0, ""weight"": 0.35, ""sha256"": ""c0b7eafe5070b3985442bfdf729ab2955c7340a172dc5b817150cc02771d5f53""}]"
2207556,1737385600,5693,6000,0.9488333333333333,0.15232324600219727,0.8756567425569177,0.8333333333333334,0.8539709649871904,0.9486586107148215,"[2842, 2851]","[{""name"": ""accuracy_wide_clean_swa"", ""views"": 10, ""temperature"": 1.5, ""weight"": 0.325, ""sha256"": ""0aa9d82bef91689cc3b4b76c97b385153e325887adf376d641f082358aabea0f""}, {""name"": ""accuracy_p2_clean_swa"", ""views"": 10, ""temperature"": 1.25, ""weight"": 0.325, ""sha256"": ""31e66eb705618c067df9d65c5a5cb991addbb4f567a7c5dbab408f87859d6227""}, {""name"": ""mixer_pruned_75"", ""views"": 10, ""temperature"": 1.0, ""weight"": 0.35, ""sha256"": ""c0b7eafe5070b3985442bfdf729ab2955c7340a172dc5b817150cc02771d5f53""}]"
2207556,1930874496,5701,6000,0.9501666666666667,0.15324245393276215,0.8789473684210526,0.835,0.8564102564102564,0.9499971464997664,"[2845, 2856]","[{""name"": ""accuracy_wide_clean_swa"", ""views"": 10, ""temperature"": 1.5, ""weight"": 0.325, ""sha256"": ""0aa9d82bef91689cc3b4b76c97b385153e325887adf376d641f082358aabea0f""}, {""name"": ""accuracy_p2_clean_swa"", ""views"": 10, ""temperature"": 1.25, ""weight"": 0.325, ""sha256"": ""31e66eb705618c067df9d65c5a5cb991addbb4f567a7c5dbab408f87859d6227""}, {""name"": ""mixer_pruned_75"", ""views"": 18, ""temperature"": 1.0, ""weight"": 0.35, ""sha256"": ""c0b7eafe5070b3985442bfdf729ab2955c7340a172dc5b817150cc02771d5f53""}]"
2207556,2221107840,5703,6000,0.9505,0.15333935618400574,0.8787346221441125,0.8333333333333334,0.8554319931565441,0.9503041750796315,"[2845, 2858]","[{""name"": ""accuracy_wide_clean_swa"", ""views"": 10, ""temperature"": 1.5, ""weight"": 0.325, ""sha256"": ""0aa9d82bef91689cc3b4b76c97b385153e325887adf376d641f082358aabea0f""}, {""name"": ""accuracy_p2_clean_swa"", ""views"": 10, ""temperature"": 1.25, ""weight"": 0.325, ""sha256"": ""31e66eb705618c067df9d65c5a5cb991addbb4f567a7c5dbab408f87859d6227""}, {""name"": ""mixer_pruned_75"", ""views"": 30, ""temperature"": 1.0, ""weight"": 0.35, ""sha256"": ""c0b7eafe5070b3985442bfdf729ab2955c7340a172dc5b817150cc02771d5f53""}]"
1827604,2074161792,5686,6000,0.9476666666666667,0.1590377241373062,0.875,0.8283333333333334,0.851027397260274,0.9474669336765276,"[2832, 2854]","[{""name"": ""accuracy_wide_clean_swa"", ""views"": 10, ""temperature"": 1.5, ""weight"": 0.5, ""sha256"": ""0aa9d82bef91689cc3b4b76c97b385153e325887adf376d641f082358aabea0f""}, {""name"": ""accuracy_p2_clean_swa"", ""views"": 18, ""temperature"": 1.25, ""weight"": 0.5, ""sha256"": ""31e66eb705618c067df9d65c5a5cb991addbb4f567a7c5dbab408f87859d6227""}]"
2207556,2098347904,5684,6000,0.9473333333333334,0.1534879207611084,0.8695652173913043,0.8333333333333334,0.851063829787234,0.9471725675688946,"[2834, 2850]","[{""name"": ""accuracy_wide_clean_swa"", ""views"": 10, ""temperature"": 1.5, ""weight"": 0.325, ""sha256"": ""0aa9d82bef91689cc3b4b76c97b385153e325887adf376d641f082358aabea0f""}, {""name"": ""accuracy_p2_clean_swa"", ""views"": 18, ""temperature"": 1.25, ""weight"": 0.325, ""sha256"": ""31e66eb705618c067df9d65c5a5cb991addbb4f567a7c5dbab408f87859d6227""}, {""name"": ""mixer_pruned_75"", ""views"": 1, ""temperature"": 1.0, ""weight"": 0.35, ""sha256"": ""c0b7eafe5070b3985442bfdf729ab2955c7340a172dc5b817150cc02771d5f53""}]"
2207556,2122534016,5691,6000,0.9485,0.15304860472679138,0.875219683655536,0.83,0.8520102651839179,0.9483049348847367,"[2838, 2853]","[{""name"": ""accuracy_wide_clean_swa"", ""views"": 10, ""temperature"": 1.5, ""weight"": 0.325, ""sha256"": ""0aa9d82bef91689cc3b4b76c97b385153e325887adf376d641f082358aabea0f""}, {""name"": ""accuracy_p2_clean_swa"", ""views"": 18, ""temperature"": 1.25, ""weight"": 0.325, ""sha256"": ""31e66eb705618c067df9d65c5a5cb991addbb4f567a7c5dbab408f87859d6227""}, {""name"": ""mixer_pruned_75"", ""views"": 2, ""temperature"": 1.0, ""weight"": 0.35, ""sha256"": ""c0b7eafe5070b3985442bfdf729ab2955c7340a172dc5b817150cc02771d5f53""}]"
2207556,2170906240,5689,6000,0.9481666666666667,0.1528717428445816,0.8686514886164624,0.8266666666666667,0.8471391972672929,0.9479693284959099,"[2840, 2849]","[{""name"": ""accuracy_wide_clean_swa"", ""views"": 10, ""temperature"": 1.5, ""weight"": 0.325, ""sha256"": ""0aa9d82bef91689cc3b4b76c97b385153e325887adf376d641f082358aabea0f""}, {""name"": ""accuracy_p2_clean_swa"", ""views"": 18, ""temperature"": 1.25, ""weight"": 0.325, ""sha256"": ""31e66eb705618c067df9d65c5a5cb991addbb4f567a7c5dbab408f87859d6227""}, {""name"": ""mixer_pruned_75"", ""views"": 4, ""temperature"": 1.0, ""weight"": 0.35, ""sha256"": ""c0b7eafe5070b3985442bfdf729ab2955c7340a172dc5b817150cc02771d5f53""}]"
2207556,2316022912,5696,6000,0.9493333333333334,0.15263840556144714,0.8756567425569177,0.8333333333333334,0.8539709649871904,0.9491506915254497,"[2842, 2854]","[{""name"": ""accuracy_wide_clean_swa"", ""views"": 10, ""temperature"": 1.5, ""weight"": 0.325, ""sha256"": ""0aa9d82bef91689cc3b4b76c97b385153e325887adf376d641f082358aabea0f""}, {""name"": ""accuracy_p2_clean_swa"", ""views"": 18, ""temperature"": 1.25, ""weight"": 0.325, ""sha256"": ""31e66eb705618c067df9d65c5a5cb991addbb4f567a7c5dbab408f87859d6227""}, {""name"": ""mixer_pruned_75"", ""views"": 10, ""temperature"": 1.0, ""weight"": 0.35, ""sha256"": ""c0b7eafe5070b3985442bfdf729ab2955c7340a172dc5b817150cc02771d5f53""}]"
2207556,2509511808,5698,6000,0.9496666666666667,0.15368160605430603,0.875438596491228,0.8316666666666667,0.852991452991453,0.9494775442070331,"[2841, 2857]","[{""name"": ""accuracy_wide_clean_swa"", ""views"": 10, ""temperature"": 1.5, ""weight"": 0.325, ""sha256"": ""0aa9d82bef91689cc3b4b76c97b385153e325887adf376d641f082358aabea0f""}, {""name"": ""accuracy_p2_clean_swa"", ""views"": 18, ""temperature"": 1.25, ""weight"": 0.325, ""sha256"": ""31e66eb705618c067df9d65c5a5cb991addbb4f567a7c5dbab408f87859d6227""}, {""name"": ""mixer_pruned_75"", ""views"": 18, ""temperature"": 1.0, ""weight"": 0.35, ""sha256"": ""c0b7eafe5070b3985442bfdf729ab2955c7340a172dc5b817150cc02771d5f53""}]"
2207556,2799745152,5697,6000,0.9495,0.1537371277809143,0.8769771528998243,0.8316666666666667,0.853721129170231,0.9492998918862338,"[2843, 2854]","[{""name"": ""accuracy_wide_clean_swa"", ""views"": 10, ""temperature"": 1.5, ""weight"": 0.325, ""sha256"": ""0aa9d82bef91689cc3b4b76c97b385153e325887adf376d641f082358aabea0f""}, {""name"": ""accuracy_p2_clean_swa"", ""views"": 18, ""temperature"": 1.25, ""weight"": 0.325, ""sha256"": ""31e66eb705618c067df9d65c5a5cb991addbb4f567a7c5dbab408f87859d6227""}, {""name"": ""mixer_pruned_75"", ""views"": 30, ""temperature"": 1.0, ""weight"": 0.35, ""sha256"": ""c0b7eafe5070b3985442bfdf729ab2955c7340a172dc5b817150cc02771d5f53""}]"
1827604,2942117760,5698,6000,0.9496666666666667,0.15955476462841034,0.8831858407079646,0.8316666666666667,0.8566523605150215,0.9494619414159038,"[2841, 2857]","[{""name"": ""accuracy_wide_clean_swa"", ""views"": 10, ""temperature"": 1.5, ""weight"": 0.5, ""sha256"": ""0aa9d82bef91689cc3b4b76c97b385153e325887adf376d641f082358aabea0f""}, {""name"": ""accuracy_p2_clean_swa"", ""views"": 30, ""temperature"": 1.25, ""weight"": 0.5, ""sha256"": ""31e66eb705618c067df9d65c5a5cb991addbb4f567a7c5dbab408f87859d6227""}]"
2207556,2966303872,5690,6000,0.9483333333333334,0.15381833910942078,0.87215411558669,0.83,0.8505550811272417,0.9481604684535478,"[2835, 2855]","[{""name"": ""accuracy_wide_clean_swa"", ""views"": 10, ""temperature"": 1.5, ""weight"": 0.325, ""sha256"": ""0aa9d82bef91689cc3b4b76c97b385153e325887adf376d641f082358aabea0f""}, {""name"": ""accuracy_p2_clean_swa"", ""views"": 30, ""temperature"": 1.25, ""weight"": 0.325, ""sha256"": ""31e66eb705618c067df9d65c5a5cb991addbb4f567a7c5dbab408f87859d6227""}, {""name"": ""mixer_pruned_75"", ""views"": 1, ""temperature"": 1.0, ""weight"": 0.35, ""sha256"": ""c0b7eafe5070b3985442bfdf729ab2955c7340a172dc5b817150cc02771d5f53""}]"
2207556,2990489984,5695,6000,0.9491666666666667,0.153400719165802,0.8790035587188612,0.8233333333333334,0.8502581755593803,0.9489287940658985,"[2841, 2854]","[{""name"": ""accuracy_wide_clean_swa"", ""views"": 10, ""temperature"": 1.5, ""weight"": 0.325, ""sha256"": ""0aa9d82bef91689cc3b4b76c97b385153e325887adf376d641f082358aabea0f""}, {""name"": ""accuracy_p2_clean_swa"", ""views"": 30, ""temperature"": 1.25, ""weight"": 0.325, ""sha256"": ""31e66eb705618c067df9d65c5a5cb991addbb4f567a7c5dbab408f87859d6227""}, {""name"": ""mixer_pruned_75"", ""views"": 2, ""temperature"": 1.0, ""weight"": 0.35, ""sha256"": ""c0b7eafe5070b3985442bfdf729ab2955c7340a172dc5b817150cc02771d5f53""}]"
2207556,3038862208,5697,6000,0.9495,0.1531701385974884,0.87215411558669,0.83,0.8505550811272417,0.9493146340909064,"[2846, 2851]","[{""name"": ""accuracy_wide_clean_swa"", ""views"": 10, ""temperature"": 1.5, ""weight"": 0.325, ""sha256"": ""0aa9d82bef91689cc3b4b76c97b385153e325887adf376d641f082358aabea0f""}, {""name"": ""accuracy_p2_clean_swa"", ""views"": 30, ""temperature"": 1.25, ""weight"": 0.325, ""sha256"": ""31e66eb705618c067df9d65c5a5cb991addbb4f567a7c5dbab408f87859d6227""}, {""name"": ""mixer_pruned_75"", ""views"": 4, ""temperature"": 1.0, ""weight"": 0.35, ""sha256"": ""c0b7eafe5070b3985442bfdf729ab2955c7340a172dc5b817150cc02771d5f53""}]"
2207556,3183978880,5717,6000,0.9528333333333333,0.15295259654521942,0.8838028169014085,0.8366666666666667,0.8595890410958904,0.9526467414697372,"[2853, 2864]","[{""name"": ""accuracy_wide_clean_swa"", ""views"": 10, ""temperature"": 1.5, ""weight"": 0.325, ""sha256"": ""0aa9d82bef91689cc3b4b76c97b385153e325887adf376d641f082358aabea0f""}, {""name"": ""accuracy_p2_clean_swa"", ""views"": 30, ""temperature"": 1.25, ""weight"": 0.325, ""sha256"": ""31e66eb705618c067df9d65c5a5cb991addbb4f567a7c5dbab408f87859d6227""}, {""name"": ""mixer_pruned_75"", ""views"": 10, ""temperature"": 1.0, ""weight"": 0.35, ""sha256"": ""c0b7eafe5070b3985442bfdf729ab2955c7340a172dc5b817150cc02771d5f53""}]"
2207556,3377467776,5709,6000,0.9515,0.15385527908802032,0.8785211267605634,0.8316666666666667,0.8544520547945206,0.9513093350367052,"[2850, 2859]","[{""name"": ""accuracy_wide_clean_swa"", ""views"": 10, ""temperature"": 1.5, ""weight"": 0.325, ""sha256"": ""0aa9d82bef91689cc3b4b76c97b385153e325887adf376d641f082358aabea0f""}, {""name"": ""accuracy_p2_clean_swa"", ""views"": 30, ""temperature"": 1.25, ""weight"": 0.325, ""sha256"": ""31e66eb705618c067df9d65c5a5cb991addbb4f567a7c5dbab408f87859d6227""}, {""name"": ""mixer_pruned_75"", ""views"": 18, ""temperature"": 1.0, ""weight"": 0.35, ""sha256"": ""c0b7eafe5070b3985442bfdf729ab2955c7340a172dc5b817150cc02771d5f53""}]"
2207556,3667701120,5702,6000,0.9503333333333334,0.15424613654613495,0.8763250883392226,0.8266666666666667,0.8507718696397941,0.9500993556021982,"[2847, 2855]","[{""name"": ""accuracy_wide_clean_swa"", ""views"": 10, ""temperature"": 1.5, ""weight"": 0.325, ""sha256"": ""0aa9d82bef91689cc3b4b76c97b385153e325887adf376d641f082358aabea0f""}, {""name"": ""accuracy_p2_clean_swa"", ""views"": 30, ""temperature"": 1.25, ""weight"": 0.325, ""sha256"": ""31e66eb705618c067df9d65c5a5cb991addbb4f567a7c5dbab408f87859d6227""}, {""name"": ""mixer_pruned_75"", ""views"": 30, ""temperature"": 1.0, ""weight"": 0.35, ""sha256"": ""c0b7eafe5070b3985442bfdf729ab2955c7340a172dc5b817150cc02771d5f53""}]"
1297746,1390010112,5677,6000,0.9461666666666667,0.1743801236152649,0.8679577464788732,0.8216666666666667,0.8441780821917808,0.9459589643679474,"[2824, 2853]","[{""name"": ""accuracy_wide_clean_swa"", ""views"": 18, ""temperature"": 1.5, ""weight"": 1.0, ""sha256"": ""0aa9d82bef91689cc3b4b76c97b385153e325887adf376d641f082358aabea0f""}]"
1677698,1414196224,5660,6000,0.9433333333333334,0.16212905943393707,0.8514680483592401,0.8216666666666667,0.8363019508057676,0.9431773568761435,"[2824, 2836]","[{""name"": ""accuracy_wide_clean_swa"", ""views"": 18, ""temperature"": 1.5, ""weight"": 0.48148148148148145, ""sha256"": ""0aa9d82bef91689cc3b4b76c97b385153e325887adf376d641f082358aabea0f""}, {""name"": ""mixer_pruned_75"", ""views"": 1, ""temperature"": 1.0, ""weight"": 0.5185185185185185, ""sha256"": ""c0b7eafe5070b3985442bfdf729ab2955c7340a172dc5b817150cc02771d5f53""}]"
1677698,1438382336,5663,6000,0.9438333333333333,0.160721555352211,0.8539130434782609,0.8183333333333334,0.8357446808510638,0.9436511338328348,"[2825, 2838]","[{""name"": ""accuracy_wide_clean_swa"", ""views"": 18, ""temperature"": 1.5, ""weight"": 0.48148148148148145, ""sha256"": ""0aa9d82bef91689cc3b4b76c97b385153e325887adf376d641f082358aabea0f""}, {""name"": ""mixer_pruned_75"", ""views"": 2, ""temperature"": 1.0, ""weight"": 0.5185185185185185, ""sha256"": ""c0b7eafe5070b3985442bfdf729ab2955c7340a172dc5b817150cc02771d5f53""}]"
1677698,1486754560,5671,6000,0.9451666666666667,0.15941177308559418,0.8556701030927835,0.83,0.8426395939086294,0.9450477199485089,"[2831, 2840]","[{""name"": ""accuracy_wide_clean_swa"", ""views"": 18, ""temperature"": 1.5, ""weight"": 0.48148148148148145, ""sha256"": ""0aa9d82bef91689cc3b4b76c97b385153e325887adf376d641f082358aabea0f""}, {""name"": ""mixer_pruned_75"", ""views"": 4, ""temperature"": 1.0, ""weight"": 0.5185185185185185, ""sha256"": ""c0b7eafe5070b3985442bfdf729ab2955c7340a172dc5b817150cc02771d5f53""}]"
1677698,1631871232,5672,6000,0.9453333333333334,0.15840862691402435,0.8638743455497382,0.825,0.8439897698209718,0.9451839532426553,"[2832, 2840]","[{""name"": ""accuracy_wide_clean_swa"", ""views"": 18, ""temperature"": 1.5, ""weight"": 0.48148148148148145, ""sha256"": ""0aa9d82bef91689cc3b4b76c97b385153e325887adf376d641f082358aabea0f""}, {""name"": ""mixer_pruned_75"", ""views"": 10, ""temperature"": 1.0, ""weight"": 0.5185185185185185, ""sha256"": ""c0b7eafe5070b3985442bfdf729ab2955c7340a172dc5b817150cc02771d5f53""}]"
1677698,1825360128,5674,6000,0.9456666666666667,0.15961423516273499,0.8623693379790941,0.825,0.8432708688245315,0.9455193247485072,"[2828, 2846]","[{""name"": ""accuracy_wide_clean_swa"", ""views"": 18, ""temperature"": 1.5, ""weight"": 0.48148148148148145, ""sha256"": ""0aa9d82bef91689cc3b4b76c97b385153e325887adf376d641f082358aabea0f""}, {""name"": ""mixer_pruned_75"", ""views"": 18, ""temperature"": 1.0, ""weight"": 0.5185185185185185, ""sha256"": ""c0b7eafe5070b3985442bfdf729ab2955c7340a172dc5b817150cc02771d5f53""}]"
1677698,2115593472,5678,6000,0.9463333333333334,0.15979348123073578,0.8628472222222222,0.8283333333333334,0.8452380952380952,0.9461801283213299,"[2836, 2842]","[{""name"": ""accuracy_wide_clean_swa"", ""views"": 18, ""temperature"": 1.5, ""weight"": 0.48148148148148145, ""sha256"": ""0aa9d82bef91689cc3b4b76c97b385153e325887adf376d641f082358aabea0f""}, {""name"": ""mixer_pruned_75"", ""views"": 30, ""temperature"": 1.0, ""weight"": 0.5185185185185185, ""sha256"": ""c0b7eafe5070b3985442bfdf729ab2955c7340a172dc5b817150cc02771d5f53""}]"
1827604,1462339776,5654,6000,0.9423333333333334,0.16671299934387207,0.8524305555555556,0.8183333333333334,0.8350340136054422,0.942189393467608,"[2824, 2830]","[{""name"": ""accuracy_wide_clean_swa"", ""views"": 18, ""temperature"": 1.5, ""weight"": 0.5, ""sha256"": ""0aa9d82bef91689cc3b4b76c97b385153e325887adf376d641f082358aabea0f""}, {""name"": ""accuracy_p2_clean_swa"", ""views"": 1, ""temperature"": 1.25, ""weight"": 0.5, ""sha256"": ""31e66eb705618c067df9d65c5a5cb991addbb4f567a7c5dbab408f87859d6227""}]"
2207556,1486525888,5681,6000,0.9468333333333333,0.15705232322216034,0.8704028021015762,0.8283333333333334,0.8488471391972673,0.946658722347285,"[2835, 2846]","[{""name"": ""accuracy_wide_clean_swa"", ""views"": 18, ""temperature"": 1.5, ""weight"": 0.325, ""sha256"": ""0aa9d82bef91689cc3b4b76c97b385153e325887adf376d641f082358aabea0f""}, {""name"": ""accuracy_p2_clean_swa"", ""views"": 1, ""temperature"": 1.25, ""weight"": 0.325, ""sha256"": ""31e66eb705618c067df9d65c5a5cb991addbb4f567a7c5dbab408f87859d6227""}, {""name"": ""mixer_pruned_75"", ""views"": 1, ""temperature"": 1.0, ""weight"": 0.35, ""sha256"": ""c0b7eafe5070b3985442bfdf729ab2955c7340a172dc5b817150cc02771d5f53""}]"
2207556,1510712000,5686,6000,0.9476666666666667,0.15614280104637146,0.875219683655536,0.83,0.8520102651839179,0.947476936578602,"[2841, 2845]","[{""name"": ""accuracy_wide_clean_swa"", ""views"": 18, ""temperature"": 1.5, ""weight"": 0.325, ""sha256"": ""0aa9d82bef91689cc3b4b76c97b385153e325887adf376d641f082358aabea0f""}, {""name"": ""accuracy_p2_clean_swa"", ""views"": 1, ""temperature"": 1.25, ""weight"": 0.325, ""sha256"": ""31e66eb705618c067df9d65c5a5cb991addbb4f567a7c5dbab408f87859d6227""}, {""name"": ""mixer_pruned_75"", ""views"": 2, ""temperature"": 1.0, ""weight"": 0.35, ""sha256"": ""c0b7eafe5070b3985442bfdf729ab2955c7340a172dc5b817150cc02771d5f53""}]"
2207556,1559084224,5681,6000,0.9468333333333333,0.15561680495738983,0.8643478260869565,0.8283333333333334,0.8459574468085106,0.9466599416651125,"[2837, 2844]","[{""name"": ""accuracy_wide_clean_swa"", ""views"": 18, ""temperature"": 1.5, ""weight"": 0.325, ""sha256"": ""0aa9d82bef91689cc3b4b76c97b385153e325887adf376d641f082358aabea0f""}, {""name"": ""accuracy_p2_clean_swa"", ""views"": 1, ""temperature"": 1.25, ""weight"": 0.325, ""sha256"": ""31e66eb705618c067df9d65c5a5cb991addbb4f567a7c5dbab408f87859d6227""}, {""name"": ""mixer_pruned_75"", ""views"": 4, ""temperature"": 1.0, ""weight"": 0.35, ""sha256"": ""c0b7eafe5070b3985442bfdf729ab2955c7340a172dc5b817150cc02771d5f53""}]"
2207556,1704200896,5681,6000,0.9468333333333333,0.15489983558654785,0.8653846153846154,0.825,0.8447098976109215,0.9466517681268222,"[2836, 2845]","[{""name"": ""accuracy_wide_clean_swa"", ""views"": 18, ""temperature"": 1.5, ""weight"": 0.325, ""sha256"": ""0aa9d82bef91689cc3b4b76c97b385153e325887adf376d641f082358aabea0f""}, {""name"": ""accuracy_p2_clean_swa"", ""views"": 1, ""temperature"": 1.25, ""weight"": 0.325, ""sha256"": ""31e66eb705618c067df9d65c5a5cb991addbb4f567a7c5dbab408f87859d6227""}, {""name"": ""mixer_pruned_75"", ""views"": 10, ""temperature"": 1.0, ""weight"": 0.35, ""sha256"": ""c0b7eafe5070b3985442bfdf729ab2955c7340a172dc5b817150cc02771d5f53""}]"
2207556,1897689792,5687,6000,0.9478333333333333,0.1557675004005432,0.8732394366197183,0.8266666666666667,0.8493150684931506,0.9476417306536786,"[2837, 2850]","[{""name"": ""accuracy_wide_clean_swa"", ""views"": 18, ""temperature"": 1.5, ""weight"": 0.325, ""sha256"": ""0aa9d82bef91689cc3b4b76c97b385153e325887adf376d641f082358aabea0f""}, {""name"": ""accuracy_p2_clean_swa"", ""views"": 1, ""temperature"": 1.25, ""weight"": 0.325, ""sha256"": ""31e66eb705618c067df9d65c5a5cb991addbb4f567a7c5dbab408f87859d6227""}, {""name"": ""mixer_pruned_75"", ""views"": 18, ""temperature"": 1.0, ""weight"": 0.35, ""sha256"": ""c0b7eafe5070b3985442bfdf729ab2955c7340a172dc5b817150cc02771d5f53""}]"
2207556,2187923136,5688,6000,0.948,0.15588127076625824,0.8628472222222222,0.8283333333333334,0.8452380952380952,0.9478537439502196,"[2838, 2850]","[{""name"": ""accuracy_wide_clean_swa"", ""views"": 18, ""temperature"": 1.5, ""weight"": 0.325, ""sha256"": ""0aa9d82bef91689cc3b4b76c97b385153e325887adf376d641f082358aabea0f""}, {""name"": ""accuracy_p2_clean_swa"", ""views"": 1, ""temperature"": 1.25, ""weight"": 0.325, ""sha256"": ""31e66eb705618c067df9d65c5a5cb991addbb4f567a7c5dbab408f87859d6227""}, {""name"": ""mixer_pruned_75"", ""views"": 30, ""temperature"": 1.0, ""weight"": 0.35, ""sha256"": ""c0b7eafe5070b3985442bfdf729ab2955c7340a172dc5b817150cc02771d5f53""}]"
1827604,1534669440,5678,6000,0.9463333333333334,0.16431944072246552,0.8643478260869565,0.8283333333333334,0.8459574468085106,0.9462082445828296,"[2831, 2847]","[{""name"": ""accuracy_wide_clean_swa"", ""views"": 18, ""temperature"": 1.5, ""weight"": 0.5, ""sha256"": ""0aa9d82bef91689cc3b4b76c97b385153e325887adf376d641f082358aabea0f""}, {""name"": ""accuracy_p2_clean_swa"", ""views"": 2, ""temperature"": 1.25, ""weight"": 0.5, ""sha256"": ""31e66eb705618c067df9d65c5a5cb991addbb4f567a7c5dbab408f87859d6227""}]"
2207556,1558855552,5678,6000,0.9463333333333334,0.1557028889656067,0.8671328671328671,0.8266666666666667,0.8464163822525598,0.9461608769316839,"[2831, 2847]","[{""name"": ""accuracy_wide_clean_swa"", ""views"": 18, ""temperature"": 1.5, ""weight"": 0.325, ""sha256"": ""0aa9d82bef91689cc3b4b76c97b385153e325887adf376d641f082358aabea0f""}, {""name"": ""accuracy_p2_clean_swa"", ""views"": 2, ""temperature"": 1.25, ""weight"": 0.325, ""sha256"": ""31e66eb705618c067df9d65c5a5cb991addbb4f567a7c5dbab408f87859d6227""}, {""name"": ""mixer_pruned_75"", ""views"": 1, ""temperature"": 1.0, ""weight"": 0.35, ""sha256"": ""c0b7eafe5070b3985442bfdf729ab2955c7340a172dc5b817150cc02771d5f53""}]"
2207556,1583041664,5688,6000,0.948,0.15491580963134766,0.8706293706293706,0.83,0.8498293515358362,0.9478364459702556,"[2841, 2847]","[{""name"": ""accuracy_wide_clean_swa"", ""views"": 18, ""temperature"": 1.5, ""weight"": 0.325, ""sha256"": ""0aa9d82bef91689cc3b4b76c97b385153e325887adf376d641f082358aabea0f""}, {""name"": ""accuracy_p2_clean_swa"", ""views"": 2, ""temperature"": 1.25, ""weight"": 0.325, ""sha256"": ""31e66eb705618c067df9d65c5a5cb991addbb4f567a7c5dbab408f87859d6227""}, {""name"": ""mixer_pruned_75"", ""views"": 2, ""temperature"": 1.0, ""weight"": 0.35, ""sha256"": ""c0b7eafe5070b3985442bfdf729ab2955c7340a172dc5b817150cc02771d5f53""}]"
2207556,1631413888,5687,6000,0.9478333333333333,0.15447264909744263,0.8678260869565217,0.8316666666666667,0.8493617021276596,0.9476744981060273,"[2839, 2848]","[{""name"": ""accuracy_wide_clean_swa"", ""views"": 18, ""temperature"": 1.5, ""weight"": 0.325, ""sha256"": ""0aa9d82bef91689cc3b4b76c97b385153e325887adf376d641f082358aabea0f""}, {""name"": ""accuracy_p2_clean_swa"", ""views"": 2, ""temperature"": 1.25, ""weight"": 0.325, ""sha256"": ""31e66eb705618c067df9d65c5a5cb991addbb4f567a7c5dbab408f87859d6227""}, {""name"": ""mixer_pruned_75"", ""views"": 4, ""temperature"": 1.0, ""weight"": 0.35, ""sha256"": ""c0b7eafe5070b3985442bfdf729ab2955c7340a172dc5b817150cc02771d5f53""}]"
2207556,1776530560,5693,6000,0.9488333333333333,0.15405841171741486,0.8706293706293706,0.83,0.8498293515358362,0.9486794859461026,"[2841, 2852]","[{""name"": ""accuracy_wide_clean_swa"", ""views"": 18, ""temperature"": 1.5, ""weight"": 0.325, ""sha256"": ""0aa9d82bef91689cc3b4b76c97b385153e325887adf376d641f082358aabea0f""}, {""name"": ""accuracy_p2_clean_swa"", ""views"": 2, ""temperature"": 1.25, ""weight"": 0.325, ""sha256"": ""31e66eb705618c067df9d65c5a5cb991addbb4f567a7c5dbab408f87859d6227""}, {""name"": ""mixer_pruned_75"", ""views"": 10, ""temperature"": 1.0, ""weight"": 0.35, ""sha256"": ""c0b7eafe5070b3985442bfdf729ab2955c7340a172dc5b817150cc02771d5f53""}]"
2207556,1970019456,5697,6000,0.9495,0.15499413013458252,0.875219683655536,0.83,0.8520102651839179,0.949319749544129,"[2844, 2853]","[{""name"": ""accuracy_wide_clean_swa"", ""views"": 18, ""temperature"": 1.5, ""weight"": 0.325, ""sha256"": ""0aa9d82bef91689cc3b4b76c97b385153e325887adf376d641f082358aabea0f""}, {""name"": ""accuracy_p2_clean_swa"", ""views"": 2, ""temperature"": 1.25, ""weight"": 0.325, ""sha256"": ""31e66eb705618c067df9d65c5a5cb991addbb4f567a7c5dbab408f87859d6227""}, {""name"": ""mixer_pruned_75"", ""views"": 18, ""temperature"": 1.0, ""weight"": 0.35, ""sha256"": ""c0b7eafe5070b3985442bfdf729ab2955c7340a172dc5b817150cc02771d5f53""}]"
2207556,2260252800,5698,6000,0.9496666666666667,0.15499968826770782,0.8723776223776224,0.8316666666666667,0.8515358361774744,0.9495121660512013,"[2845, 2853]","[{""name"": ""accuracy_wide_clean_swa"", ""views"": 18, ""temperature"": 1.5, ""weight"": 0.325, ""sha256"": ""0aa9d82bef91689cc3b4b76c97b385153e325887adf376d641f082358aabea0f""}, {""name"": ""accuracy_p2_clean_swa"", ""views"": 2, ""temperature"": 1.25, ""weight"": 0.325, ""sha256"": ""31e66eb705618c067df9d65c5a5cb991addbb4f567a7c5dbab408f87859d6227""}, {""name"": ""mixer_pruned_75"", ""views"": 30, ""temperature"": 1.0, ""weight"": 0.35, ""sha256"": ""c0b7eafe5070b3985442bfdf729ab2955c7340a172dc5b817150cc02771d5f53""}]"
1827604,1679328768,5684,6000,0.9473333333333334,0.16159860789775848,0.8704028021015762,0.8283333333333334,0.8488471391972673,0.9471711856795693,"[2832, 2852]","[{""name"": ""accuracy_wide_clean_swa"", ""views"": 18, ""temperature"": 1.5, ""weight"": 0.5, ""sha256"": ""0aa9d82bef91689cc3b4b76c97b385153e325887adf376d641f082358aabea0f""}, {""name"": ""accuracy_p2_clean_swa"", ""views"": 4, ""temperature"": 1.25, ""weight"": 0.5, ""sha256"": ""31e66eb705618c067df9d65c5a5cb991addbb4f567a7c5dbab408f87859d6227""}]"
2207556,1703514880,5689,6000,0.9481666666666667,0.15486589074134827,0.8787346221441125,0.8333333333333334,0.8554319931565441,0.9479844677203759,"[2839, 2850]","[{""name"": ""accuracy_wide_clean_swa"", ""views"": 18, ""temperature"": 1.5, ""weight"": 0.325, ""sha256"": ""0aa9d82bef91689cc3b4b76c97b385153e325887adf376d641f082358aabea0f""}, {""name"": ""accuracy_p2_clean_swa"", ""views"": 4, ""temperature"": 1.25, ""weight"": 0.325, ""sha256"": ""31e66eb705618c067df9d65c5a5cb991addbb4f567a7c5dbab408f87859d6227""}, {""name"": ""mixer_pruned_75"", ""views"": 1, ""temperature"": 1.0, ""weight"": 0.35, ""sha256"": ""c0b7eafe5070b3985442bfdf729ab2955c7340a172dc5b817150cc02771d5f53""}]"
2207556,1727700992,5695,6000,0.9491666666666667,0.15416154265403748,0.8802816901408451,0.8333333333333334,0.8561643835616438,0.9489829354990258,"[2844, 2851]","[{""name"": ""accuracy_wide_clean_swa"", ""views"": 18, ""temperature"": 1.5, ""weight"": 0.325, ""sha256"": ""0aa9d82bef91689cc3b4b76c97b385153e325887adf376d641f082358aabea0f""}, {""name"": ""accuracy_p2_clean_swa"", ""views"": 4, ""temperature"": 1.25, ""weight"": 0.325, ""sha256"": ""31e66eb705618c067df9d65c5a5cb991addbb4f567a7c5dbab408f87859d6227""}, {""name"": ""mixer_pruned_75"", ""views"": 2, ""temperature"": 1.0, ""weight"": 0.35, ""sha256"": ""c0b7eafe5070b3985442bfdf729ab2955c7340a172dc5b817150cc02771d5f53""}]"
2207556,1776073216,5695,6000,0.9491666666666667,0.1539640873670578,0.8758741258741258,0.835,0.8549488054607508,0.9489896115143613,"[2844, 2851]","[{""name"": ""accuracy_wide_clean_swa"", ""views"": 18, ""temperature"": 1.5, ""weight"": 0.325, ""sha256"": ""0aa9d82bef91689cc3b4b76c97b385153e325887adf376d641f082358aabea0f""}, {""name"": ""accuracy_p2_clean_swa"", ""views"": 4, ""temperature"": 1.25, ""weight"": 0.325, ""sha256"": ""31e66eb705618c067df9d65c5a5cb991addbb4f567a7c5dbab408f87859d6227""}, {""name"": ""mixer_pruned_75"", ""views"": 4, ""temperature"": 1.0, ""weight"": 0.35, ""sha256"": ""c0b7eafe5070b3985442bfdf729ab2955c7340a172dc5b817150cc02771d5f53""}]"
2207556,1921189888,5693,6000,0.9488333333333333,0.15356749296188354,0.8769771528998243,0.8316666666666667,0.853721129170231,0.9486558939690317,"[2841, 2852]","[{""name"": ""accuracy_wide_clean_swa"", ""views"": 18, ""temperature"": 1.5, ""weight"": 0.325, ""sha256"": ""0aa9d82bef91689cc3b4b76c97b385153e325887adf376d641f082358aabea0f""}, {""name"": ""accuracy_p2_clean_swa"", ""views"": 4, ""temperature"": 1.25, ""weight"": 0.325, ""sha256"": ""31e66eb705618c067df9d65c5a5cb991addbb4f567a7c5dbab408f87859d6227""}, {""name"": ""mixer_pruned_75"", ""views"": 10, ""temperature"": 1.0, ""weight"": 0.35, ""sha256"": ""c0b7eafe5070b3985442bfdf729ab2955c7340a172dc5b817150cc02771d5f53""}]"
2207556,2114678784,5697,6000,0.9495,0.15456365048885345,0.8769771528998243,0.8316666666666667,0.853721129170231,0.9493125198734926,"[2842, 2855]","[{""name"": ""accuracy_wide_clean_swa"", ""views"": 18, ""temperature"": 1.5, ""weight"": 0.325, ""sha256"": ""0aa9d82bef91689cc3b4b76c97b385153e325887adf376d641f082358aabea0f""}, {""name"": ""accuracy_p2_clean_swa"", ""views"": 4, ""temperature"": 1.25, ""weight"": 0.325, ""sha256"": ""31e66eb705618c067df9d65c5a5cb991addbb4f567a7c5dbab408f87859d6227""}, {""name"": ""mixer_pruned_75"", ""views"": 18, ""temperature"": 1.0, ""weight"": 0.35, ""sha256"": ""c0b7eafe5070b3985442bfdf729ab2955c7340a172dc5b817150cc02771d5f53""}]"
2207556,2404912128,5702,6000,0.9503333333333334,0.1546083390712738,0.8776223776223776,0.8366666666666667,0.856655290102389,0.9501643477401294,"[2845, 2857]","[{""name"": ""accuracy_wide_clean_swa"", ""views"": 18, ""temperature"": 1.5, ""weight"": 0.325, ""sha256"": ""0aa9d82bef91689cc3b4b76c97b385153e325887adf376d641f082358aabea0f""}, {""name"": ""accuracy_p2_clean_swa"", ""views"": 4, ""temperature"": 1.25, ""weight"": 0.325, ""sha256"": ""31e66eb705618c067df9d65c5a5cb991addbb4f567a7c5dbab408f87859d6227""}, {""name"": ""mixer_pruned_75"", ""views"": 30, ""temperature"": 1.0, ""weight"": 0.35, ""sha256"": ""c0b7eafe5070b3985442bfdf729ab2955c7340a172dc5b817150cc02771d5f53""}]"
1827604,2113306752,5682,6000,0.947,0.16008728742599487,0.8697916666666666,0.835,0.8520408163265306,0.9468644396100651,"[2834, 2848]","[{""name"": ""accuracy_wide_clean_swa"", ""views"": 18, ""temperature"": 1.5, ""weight"": 0.5, ""sha256"": ""0aa9d82bef91689cc3b4b76c97b385153e325887adf376d641f082358aabea0f""}, {""name"": ""accuracy_p2_clean_swa"", ""views"": 10, ""temperature"": 1.25, ""weight"": 0.5, ""sha256"": ""31e66eb705618c067df9d65c5a5cb991addbb4f567a7c5dbab408f87859d6227""}]"
2207556,2137492864,5680,6000,0.9466666666666667,0.15444131195545197,0.8635578583765112,0.8333333333333334,0.8481764206955047,0.9465261553840053,"[2832, 2848]","[{""name"": ""accuracy_wide_clean_swa"", ""views"": 18, ""temperature"": 1.5, ""weight"": 0.325, ""sha256"": ""0aa9d82bef91689cc3b4b76c97b385153e325887adf376d641f082358aabea0f""}, {""name"": ""accuracy_p2_clean_swa"", ""views"": 10, ""temperature"": 1.25, ""weight"": 0.325, ""sha256"": ""31e66eb705618c067df9d65c5a5cb991addbb4f567a7c5dbab408f87859d6227""}, {""name"": ""mixer_pruned_75"", ""views"": 1, ""temperature"": 1.0, ""weight"": 0.35, ""sha256"": ""c0b7eafe5070b3985442bfdf729ab2955c7340a172dc5b817150cc02771d5f53""}]"
2207556,2161678976,5690,6000,0.9483333333333334,0.15386897325515747,0.8723776223776224,0.8316666666666667,0.8515358361774744,0.9481613931185435,"[2840, 2850]","[{""name"": ""accuracy_wide_clean_swa"", ""views"": 18, ""temperature"": 1.5, ""weight"": 0.325, ""sha256"": ""0aa9d82bef91689cc3b4b76c97b385153e325887adf376d641f082358aabea0f""}, {""name"": ""accuracy_p2_clean_swa"", ""views"": 10, ""temperature"": 1.25, ""weight"": 0.325, ""sha256"": ""31e66eb705618c067df9d65c5a5cb991addbb4f567a7c5dbab408f87859d6227""}, {""name"": ""mixer_pruned_75"", ""views"": 2, ""temperature"": 1.0, ""weight"": 0.35, ""sha256"": ""c0b7eafe5070b3985442bfdf729ab2955c7340a172dc5b817150cc02771d5f53""}]"
2207556,2210051200,5688,6000,0.948,0.15374721586704254,0.8704028021015762,0.8283333333333334,0.8488471391972673,0.947808901404785,"[2840, 2848]","[{""name"": ""accuracy_wide_clean_swa"", ""views"": 18, ""temperature"": 1.5, ""weight"": 0.325, ""sha256"": ""0aa9d82bef91689cc3b4b76c97b385153e325887adf376d641f082358aabea0f""}, {""name"": ""accuracy_p2_clean_swa"", ""views"": 10, ""temperature"": 1.25, ""weight"": 0.325, ""sha256"": ""31e66eb705618c067df9d65c5a5cb991addbb4f567a7c5dbab408f87859d6227""}, {""name"": ""mixer_pruned_75"", ""views"": 4, ""temperature"": 1.0, ""weight"": 0.35, ""sha256"": ""c0b7eafe5070b3985442bfdf729ab2955c7340a172dc5b817150cc02771d5f53""}]"
2207556,2355167872,5695,6000,0.9491666666666667,0.15354809165000916,0.8743455497382199,0.835,0.8542199488491049,0.9489965726017335,"[2844, 2851]","[{""name"": ""accuracy_wide_clean_swa"", ""views"": 18, ""temperature"": 1.5, ""weight"": 0.325, ""sha256"": ""0aa9d82bef91689cc3b4b76c97b385153e325887adf376d641f082358aabea0f""}, {""name"": ""accuracy_p2_clean_swa"", ""views"": 10, ""temperature"": 1.25, ""weight"": 0.325, ""sha256"": ""31e66eb705618c067df9d65c5a5cb991addbb4f567a7c5dbab408f87859d6227""}, {""name"": ""mixer_pruned_75"", ""views"": 10, ""temperature"": 1.0, ""weight"": 0.35, ""sha256"": ""c0b7eafe5070b3985442bfdf729ab2955c7340a172dc5b817150cc02771d5f53""}]"
2207556,2548656768,5697,6000,0.9495,0.15459783375263214,0.8756567425569177,0.8333333333333334,0.8539709649871904,0.949318338339254,"[2844, 2853]","[{""name"": ""accuracy_wide_clean_swa"", ""views"": 18, ""temperature"": 1.5, ""weight"": 0.325, ""sha256"": ""0aa9d82bef91689cc3b4b76c97b385153e325887adf376d641f082358aabea0f""}, {""name"": ""accuracy_p2_clean_swa"", ""views"": 10, ""temperature"": 1.25, ""weight"": 0.325, ""sha256"": ""31e66eb705618c067df9d65c5a5cb991addbb4f567a7c5dbab408f87859d6227""}, {""name"": ""mixer_pruned_75"", ""views"": 18, ""temperature"": 1.0, ""weight"": 0.35, ""sha256"": ""c0b7eafe5070b3985442bfdf729ab2955c7340a172dc5b817150cc02771d5f53""}]"
2207556,2838890112,5697,6000,0.9495,0.15463700890541077,0.8708551483420593,0.8316666666666667,0.8508098891730606,0.9493023453448378,"[2844, 2853]","[{""name"": ""accuracy_wide_clean_swa"", ""views"": 18, ""temperature"": 1.5, ""weight"": 0.325, ""sha256"": ""0aa9d82bef91689cc3b4b76c97b385153e325887adf376d641f082358aabea0f""}, {""name"": ""accuracy_p2_clean_swa"", ""views"": 10, ""temperature"": 1.25, ""weight"": 0.325, ""sha256"": ""31e66eb705618c067df9d65c5a5cb991addbb4f567a7c5dbab408f87859d6227""}, {""name"": ""mixer_pruned_75"", ""views"": 30, ""temperature"": 1.0, ""weight"": 0.35, ""sha256"": ""c0b7eafe5070b3985442bfdf729ab2955c7340a172dc5b817150cc02771d5f53""}]"
1827604,2691944064,5686,6000,0.9476666666666667,0.16030482947826385,0.8771929824561403,0.8333333333333334,0.8547008547008547,0.9474913710450178,"[2834, 2852]","[{""name"": ""accuracy_wide_clean_swa"", ""views"": 18, ""temperature"": 1.5, ""weight"": 0.5, ""sha256"": ""0aa9d82bef91689cc3b4b76c97b385153e325887adf376d641f082358aabea0f""}, {""name"": ""accuracy_p2_clean_swa"", ""views"": 18, ""temperature"": 1.25, ""weight"": 0.5, ""sha256"": ""31e66eb705618c067df9d65c5a5cb991addbb4f567a7c5dbab408f87859d6227""}]"
2207556,2716130176,5683,6000,0.9471666666666667,0.15463075041770935,0.8667820069204152,0.835,0.8505942275042445,0.9470312156241203,"[2835, 2848]","[{""name"": ""accuracy_wide_clean_swa"", ""views"": 18, ""temperature"": 1.5, ""weight"": 0.325, ""sha256"": ""0aa9d82bef91689cc3b4b76c97b385153e325887adf376d641f082358aabea0f""}, {""name"": ""accuracy_p2_clean_swa"", ""views"": 18, ""temperature"": 1.25, ""weight"": 0.325, ""sha256"": ""31e66eb705618c067df9d65c5a5cb991addbb4f567a7c5dbab408f87859d6227""}, {""name"": ""mixer_pruned_75"", ""views"": 1, ""temperature"": 1.0, ""weight"": 0.35, ""sha256"": ""c0b7eafe5070b3985442bfdf729ab2955c7340a172dc5b817150cc02771d5f53""}]"
2207556,2740316288,5690,6000,0.9483333333333334,0.15411250293254852,0.8706293706293706,0.83,0.8498293515358362,0.9481505774147589,"[2838, 2852]","[{""name"": ""accuracy_wide_clean_swa"", ""views"": 18, ""temperature"": 1.5, ""weight"": 0.325, ""sha256"": ""0aa9d82bef91689cc3b4b76c97b385153e325887adf376d641f082358aabea0f""}, {""name"": ""accuracy_p2_clean_swa"", ""views"": 18, ""temperature"": 1.25, ""weight"": 0.325, ""sha256"": ""31e66eb705618c067df9d65c5a5cb991addbb4f567a7c5dbab408f87859d6227""}, {""name"": ""mixer_pruned_75"", ""views"": 2, ""temperature"": 1.0, ""weight"": 0.35, ""sha256"": ""c0b7eafe5070b3985442bfdf729ab2955c7340a172dc5b817150cc02771d5f53""}]"
2207556,2788688512,5690,6000,0.9483333333333334,0.15407036244869232,0.8732394366197183,0.8266666666666667,0.8493150684931506,0.9481349701463788,"[2840, 2850]","[{""name"": ""accuracy_wide_clean_swa"", ""views"": 18, ""temperature"": 1.5, ""weight"": 0.325, ""sha256"": ""0aa9d82bef91689cc3b4b76c97b385153e325887adf376d641f082358aabea0f""}, {""name"": ""accuracy_p2_clean_swa"", ""views"": 18, ""temperature"": 1.25, ""weight"": 0.325, ""sha256"": ""31e66eb705618c067df9d65c5a5cb991addbb4f567a7c5dbab408f87859d6227""}, {""name"": ""mixer_pruned_75"", ""views"": 4, ""temperature"": 1.0, ""weight"": 0.35, ""sha256"": ""c0b7eafe5070b3985442bfdf729ab2955c7340a172dc5b817150cc02771d5f53""}]"
2207556,2933805184,5697,6000,0.9495,0.15393295884132385,0.8771929824561403,0.8333333333333334,0.8547008547008547,0.9493069820268459,"[2842, 2855]","[{""name"": ""accuracy_wide_clean_swa"", ""views"": 18, ""temperature"": 1.5, ""weight"": 0.325, ""sha256"": ""0aa9d82bef91689cc3b4b76c97b385153e325887adf376d641f082358aabea0f""}, {""name"": ""accuracy_p2_clean_swa"", ""views"": 18, ""temperature"": 1.25, ""weight"": 0.325, ""sha256"": ""31e66eb705618c067df9d65c5a5cb991addbb4f567a7c5dbab408f87859d6227""}, {""name"": ""mixer_pruned_75"", ""views"": 10, ""temperature"": 1.0, ""weight"": 0.35, ""sha256"": ""c0b7eafe5070b3985442bfdf729ab2955c7340a172dc5b817150cc02771d5f53""}]"
2207556,3127294080,5689,6000,0.9481666666666667,0.15510578453540802,0.8701754385964913,0.8266666666666667,0.8478632478632478,0.9479657498948901,"[2836, 2853]","[{""name"": ""accuracy_wide_clean_swa"", ""views"": 18, ""temperature"": 1.5, ""weight"": 0.325, ""sha256"": ""0aa9d82bef91689cc3b4b76c97b385153e325887adf376d641f082358aabea0f""}, {""name"": ""accuracy_p2_clean_swa"", ""views"": 18, ""temperature"": 1.25, ""weight"": 0.325, ""sha256"": ""31e66eb705618c067df9d65c5a5cb991addbb4f567a7c5dbab408f87859d6227""}, {""name"": ""mixer_pruned_75"", ""views"": 18, ""temperature"": 1.0, ""weight"": 0.35, ""sha256"": ""c0b7eafe5070b3985442bfdf729ab2955c7340a172dc5b817150cc02771d5f53""}]"
2207556,3417527424,5689,6000,0.9481666666666667,0.15511299669742584,0.8717047451669596,0.8266666666666667,0.8485885372112917,0.9479465699987731,"[2838, 2851]","[{""name"": ""accuracy_wide_clean_swa"", ""views"": 18, ""temperature"": 1.5, ""weight"": 0.325, ""sha256"": ""0aa9d82bef91689cc3b4b76c97b385153e325887adf376d641f082358aabea0f""}, {""name"": ""accuracy_p2_clean_swa"", ""views"": 18, ""temperature"": 1.25, ""weight"": 0.325, ""sha256"": ""31e66eb705618c067df9d65c5a5cb991addbb4f567a7c5dbab408f87859d6227""}, {""name"": ""mixer_pruned_75"", ""views"": 30, ""temperature"": 1.0, ""weight"": 0.35, ""sha256"": ""c0b7eafe5070b3985442bfdf729ab2955c7340a172dc5b817150cc02771d5f53""}]"
1827604,3559900032,5687,6000,0.9478333333333333,0.16064190864562988,0.8807829181494662,0.825,0.8519793459552496,0.94762446430846,"[2841, 2846]","[{""name"": ""accuracy_wide_clean_swa"", ""views"": 18, ""temperature"": 1.5, ""weight"": 0.5, ""sha256"": ""0aa9d82bef91689cc3b4b76c97b385153e325887adf376d641f082358aabea0f""}, {""name"": ""accuracy_p2_clean_swa"", ""views"": 30, ""temperature"": 1.25, ""weight"": 0.5, ""sha256"": ""31e66eb705618c067df9d65c5a5cb991addbb4f567a7c5dbab408f87859d6227""}]"
2207556,3584086144,5686,6000,0.9476666666666667,0.15488047897815704,0.8686514886164624,0.8266666666666667,0.8471391972672929,0.9474820043994706,"[2835, 2851]","[{""name"": ""accuracy_wide_clean_swa"", ""views"": 18, ""temperature"": 1.5, ""weight"": 0.325, ""sha256"": ""0aa9d82bef91689cc3b4b76c97b385153e325887adf376d641f082358aabea0f""}, {""name"": ""accuracy_p2_clean_swa"", ""views"": 30, ""temperature"": 1.25, ""weight"": 0.325, ""sha256"": ""31e66eb705618c067df9d65c5a5cb991addbb4f567a7c5dbab408f87859d6227""}, {""name"": ""mixer_pruned_75"", ""views"": 1, ""temperature"": 1.0, ""weight"": 0.35, ""sha256"": ""c0b7eafe5070b3985442bfdf729ab2955c7340a172dc5b817150cc02771d5f53""}]"
2207556,3608272256,5695,6000,0.9491666666666667,0.15438534319400787,0.8776595744680851,0.825,0.8505154639175257,0.9489435397613516,"[2841, 2854]","[{""name"": ""accuracy_wide_clean_swa"", ""views"": 18, ""temperature"": 1.5, ""weight"": 0.325, ""sha256"": ""0aa9d82bef91689cc3b4b76c97b385153e325887adf376d641f082358aabea0f""}, {""name"": ""accuracy_p2_clean_swa"", ""views"": 30, ""temperature"": 1.25, ""weight"": 0.325, ""sha256"": ""31e66eb705618c067df9d65c5a5cb991addbb4f567a7c5dbab408f87859d6227""}, {""name"": ""mixer_pruned_75"", ""views"": 2, ""temperature"": 1.0, ""weight"": 0.35, ""sha256"": ""c0b7eafe5070b3985442bfdf729ab2955c7340a172dc5b817150cc02771d5f53""}]"
2207556,3656644480,5692,6000,0.9486666666666667,0.15429234504699707,0.8704028021015762,0.8283333333333334,0.8488471391972673,0.9484854630238665,"[2844, 2848]","[{""name"": ""accuracy_wide_clean_swa"", ""views"": 18, ""temperature"": 1.5, ""weight"": 0.325, ""sha256"": ""0aa9d82bef91689cc3b4b76c97b385153e325887adf376d641f082358aabea0f""}, {""name"": ""accuracy_p2_clean_swa"", ""views"": 30, ""temperature"": 1.25, ""weight"": 0.325, ""sha256"": ""31e66eb705618c067df9d65c5a5cb991addbb4f567a7c5dbab408f87859d6227""}, {""name"": ""mixer_pruned_75"", ""views"": 4, ""temperature"": 1.0, ""weight"": 0.35, ""sha256"": ""c0b7eafe5070b3985442bfdf729ab2955c7340a172dc5b817150cc02771d5f53""}]"
2207556,3801761152,5700,6000,0.95,0.15416765213012695,0.8800705467372134,0.8316666666666667,0.8551842330762639,0.9498043763296391,"[2848, 2852]","[{""name"": ""accuracy_wide_clean_swa"", ""views"": 18, ""temperature"": 1.5, ""weight"": 0.325, ""sha256"": ""0aa9d82bef91689cc3b4b76c97b385153e325887adf376d641f082358aabea0f""}, {""name"": ""accuracy_p2_clean_swa"", ""views"": 30, ""temperature"": 1.25, ""weight"": 0.325, ""sha256"": ""31e66eb705618c067df9d65c5a5cb991addbb4f567a7c5dbab408f87859d6227""}, {""name"": ""mixer_pruned_75"", ""views"": 10, ""temperature"": 1.0, ""weight"": 0.35, ""sha256"": ""c0b7eafe5070b3985442bfdf729ab2955c7340a172dc5b817150cc02771d5f53""}]"
2207556,3995250048,5697,6000,0.9495,0.15519212186336517,0.8747795414462081,0.8266666666666667,0.8500428449014568,0.949293635835821,"[2846, 2851]","[{""name"": ""accuracy_wide_clean_swa"", ""views"": 18, ""temperature"": 1.5, ""weight"": 0.325, ""sha256"": ""0aa9d82bef91689cc3b4b76c97b385153e325887adf376d641f082358aabea0f""}, {""name"": ""accuracy_p2_clean_swa"", ""views"": 30, ""temperature"": 1.25, ""weight"": 0.325, ""sha256"": ""31e66eb705618c067df9d65c5a5cb991addbb4f567a7c5dbab408f87859d6227""}, {""name"": ""mixer_pruned_75"", ""views"": 18, ""temperature"": 1.0, ""weight"": 0.35, ""sha256"": ""c0b7eafe5070b3985442bfdf729ab2955c7340a172dc5b817150cc02771d5f53""}]"
2207556,4285483392,5694,6000,0.949,0.15553875267505646,0.8732394366197183,0.8266666666666667,0.8493150684931506,0.9487931889922947,"[2844, 2850]","[{""name"": ""accuracy_wide_clean_swa"", ""views"": 18, ""temperature"": 1.5, ""weight"": 0.325, ""sha256"": ""0aa9d82bef91689cc3b4b76c97b385153e325887adf376d641f082358aabea0f""}, {""name"": ""accuracy_p2_clean_swa"", ""views"": 30, ""temperature"": 1.25, ""weight"": 0.325, ""sha256"": ""31e66eb705618c067df9d65c5a5cb991addbb4f567a7c5dbab408f87859d6227""}, {""name"": ""mixer_pruned_75"", ""views"": 30, ""temperature"": 1.0, ""weight"": 0.35, ""sha256"": ""c0b7eafe5070b3985442bfdf729ab2955c7340a172dc5b817150cc02771d5f53""}]"
1297746,2316683520,5671,6000,0.9451666666666667,0.17492830753326416,0.8633975481611208,0.8216666666666667,0.8420153714773698,0.9449729869509207,"[2823, 2848]","[{""name"": ""accuracy_wide_clean_swa"", ""views"": 30, ""temperature"": 1.5, ""weight"": 1.0, ""sha256"": ""0aa9d82bef91689cc3b4b76c97b385153e325887adf376d641f082358aabea0f""}]"
1677698,2340869632,5661,6000,0.9435,0.16246944665908813,0.8495726495726496,0.8283333333333334,0.8388185654008439,0.9433779385653149,"[2827, 2834]","[{""name"": ""accuracy_wide_clean_swa"", ""views"": 30, ""temperature"": 1.5, ""weight"": 0.48148148148148145, ""sha256"": ""0aa9d82bef91689cc3b4b76c97b385153e325887adf376d641f082358aabea0f""}, {""name"": ""mixer_pruned_75"", ""views"": 1, ""temperature"": 1.0, ""weight"": 0.5185185185185185, ""sha256"": ""c0b7eafe5070b3985442bfdf729ab2955c7340a172dc5b817150cc02771d5f53""}]"
1677698,2365055744,5661,6000,0.9435,0.16127122938632965,0.8526863084922011,0.82,0.8360237892948174,0.9433300039683845,"[2825, 2836]","[{""name"": ""accuracy_wide_clean_swa"", ""views"": 30, ""temperature"": 1.5, ""weight"": 0.48148148148148145, ""sha256"": ""0aa9d82bef91689cc3b4b76c97b385153e325887adf376d641f082358aabea0f""}, {""name"": ""mixer_pruned_75"", ""views"": 2, ""temperature"": 1.0, ""weight"": 0.5185185185185185, ""sha256"": ""c0b7eafe5070b3985442bfdf729ab2955c7340a172dc5b817150cc02771d5f53""}]"
1677698,2413427968,5670,6000,0.945,0.15940093994140625,0.8539518900343642,0.8283333333333334,0.8409475465313029,0.9448689981690176,"[2832, 2838]","[{""name"": ""accuracy_wide_clean_swa"", ""views"": 30, ""temperature"": 1.5, ""weight"": 0.48148148148148145, ""sha256"": ""0aa9d82bef91689cc3b4b76c97b385153e325887adf376d641f082358aabea0f""}, {""name"": ""mixer_pruned_75"", ""views"": 4, ""temperature"": 1.0, ""weight"": 0.5185185185185185, ""sha256"": ""c0b7eafe5070b3985442bfdf729ab2955c7340a172dc5b817150cc02771d5f53""}]"
1677698,2558544640,5673,6000,0.9455,0.1584998220205307,0.8581314878892734,0.8266666666666667,0.8421052631578947,0.9453579401408121,"[2833, 2840]","[{""name"": ""accuracy_wide_clean_swa"", ""views"": 30, ""temperature"": 1.5, ""weight"": 0.48148148148148145, ""sha256"": ""0aa9d82bef91689cc3b4b76c97b385153e325887adf376d641f082358aabea0f""}, {""name"": ""mixer_pruned_75"", ""views"": 10, ""temperature"": 1.0, ""weight"": 0.5185185185185185, ""sha256"": ""c0b7eafe5070b3985442bfdf729ab2955c7340a172dc5b817150cc02771d5f53""}]"
1677698,2752033536,5672,6000,0.9453333333333334,0.15963836014270782,0.8581314878892734,0.8266666666666667,0.8421052631578947,0.9451860811844706,"[2831, 2841]","[{""name"": ""accuracy_wide_clean_swa"", ""views"": 30, ""temperature"": 1.5, ""weight"": 0.48148148148148145, ""sha256"": ""0aa9d82bef91689cc3b4b76c97b385153e325887adf376d641f082358aabea0f""}, {""name"": ""mixer_pruned_75"", ""views"": 18, ""temperature"": 1.0, ""weight"": 0.5185185185185185, ""sha256"": ""c0b7eafe5070b3985442bfdf729ab2955c7340a172dc5b817150cc02771d5f53""}]"
1677698,3042266880,5671,6000,0.9451666666666667,0.16081036627292633,0.8568935427574171,0.8183333333333334,0.8371696504688833,0.9449701209907756,"[2832, 2839]","[{""name"": ""accuracy_wide_clean_swa"", ""views"": 30, ""temperature"": 1.5, ""weight"": 0.48148148148148145, ""sha256"": ""0aa9d82bef91689cc3b4b76c97b385153e325887adf376d641f082358aabea0f""}, {""name"": ""mixer_pruned_75"", ""views"": 30, ""temperature"": 1.0, ""weight"": 0.5185185185185185, ""sha256"": ""c0b7eafe5070b3985442bfdf729ab2955c7340a172dc5b817150cc02771d5f53""}]"
1827604,2389013184,5656,6000,0.9426666666666667,0.16643670201301575,0.8521739130434782,0.8166666666666667,0.8340425531914893,0.9425149954535741,"[2824, 2832]","[{""name"": ""accuracy_wide_clean_swa"", ""views"": 30, ""temperature"": 1.5, ""weight"": 0.5, ""sha256"": ""0aa9d82bef91689cc3b4b76c97b385153e325887adf376d641f082358aabea0f""}, {""name"": ""accuracy_p2_clean_swa"", ""views"": 1, ""temperature"": 1.25, ""weight"": 0.5, ""sha256"": ""31e66eb705618c067df9d65c5a5cb991addbb4f567a7c5dbab408f87859d6227""}]"
2207556,2413199296,5683,6000,0.9471666666666667,0.15709137916564941,0.8706293706293706,0.83,0.8498293515358362,0.9469888810927755,"[2838, 2845]","[{""name"": ""accuracy_wide_clean_swa"", ""views"": 30, ""temperature"": 1.5, ""weight"": 0.325, ""sha256"": ""0aa9d82bef91689cc3b4b76c97b385153e325887adf376d641f082358aabea0f""}, {""name"": ""accuracy_p2_clean_swa"", ""views"": 1, ""temperature"": 1.25, ""weight"": 0.325, ""sha256"": ""31e66eb705618c067df9d65c5a5cb991addbb4f567a7c5dbab408f87859d6227""}, {""name"": ""mixer_pruned_75"", ""views"": 1, ""temperature"": 1.0, ""weight"": 0.35, ""sha256"": ""c0b7eafe5070b3985442bfdf729ab2955c7340a172dc5b817150cc02771d5f53""}]"
2207556,2437385408,5686,6000,0.9476666666666667,0.15633396804332733,0.8693379790940766,0.8316666666666667,0.8500851788756388,0.9474936829368741,"[2841, 2845]","[{""name"": ""accuracy_wide_clean_swa"", ""views"": 30, ""temperature"": 1.5, ""weight"": 0.325, ""sha256"": ""0aa9d82bef91689cc3b4b76c97b385153e325887adf376d641f082358aabea0f""}, {""name"": ""accuracy_p2_clean_swa"", ""views"": 1, ""temperature"": 1.25, ""weight"": 0.325, ""sha256"": ""31e66eb705618c067df9d65c5a5cb991addbb4f567a7c5dbab408f87859d6227""}, {""name"": ""mixer_pruned_75"", ""views"": 2, ""temperature"": 1.0, ""weight"": 0.35, ""sha256"": ""c0b7eafe5070b3985442bfdf729ab2955c7340a172dc5b817150cc02771d5f53""}]"
2207556,2485757632,5688,6000,0.948,0.1555454581975937,0.8665511265164645,0.8333333333333334,0.8496176720475785,0.9478386511750532,"[2843, 2845]","[{""name"": ""accuracy_wide_clean_swa"", ""views"": 30, ""temperature"": 1.5, ""weight"": 0.325, ""sha256"": ""0aa9d82bef91689cc3b4b76c97b385153e325887adf376d641f082358aabea0f""}, {""name"": ""accuracy_p2_clean_swa"", ""views"": 1, ""temperature"": 1.25, ""weight"": 0.325, ""sha256"": ""31e66eb705618c067df9d65c5a5cb991addbb4f567a7c5dbab408f87859d6227""}, {""name"": ""mixer_pruned_75"", ""views"": 4, ""temperature"": 1.0, ""weight"": 0.35, ""sha256"": ""c0b7eafe5070b3985442bfdf729ab2955c7340a172dc5b817150cc02771d5f53""}]"
2207556,2630874304,5688,6000,0.948,0.15488791465759277,0.8673647469458988,0.8283333333333334,0.8473998294970162,0.9478259896766122,"[2842, 2846]","[{""name"": ""accuracy_wide_clean_swa"", ""views"": 30, ""temperature"": 1.5, ""weight"": 0.325, ""sha256"": ""0aa9d82bef91689cc3b4b76c97b385153e325887adf376d641f082358aabea0f""}, {""name"": ""accuracy_p2_clean_swa"", ""views"": 1, ""temperature"": 1.25, ""weight"": 0.325, ""sha256"": ""31e66eb705618c067df9d65c5a5cb991addbb4f567a7c5dbab408f87859d6227""}, {""name"": ""mixer_pruned_75"", ""views"": 10, ""temperature"": 1.0, ""weight"": 0.35, ""sha256"": ""c0b7eafe5070b3985442bfdf729ab2955c7340a172dc5b817150cc02771d5f53""}]"
2207556,2824363200,5697,6000,0.9495,0.1557292938232422,0.875219683655536,0.83,0.8520102651839179,0.9493048560258789,"[2846, 2851]","[{""name"": ""accuracy_wide_clean_swa"", ""views"": 30, ""temperature"": 1.5, ""weight"": 0.325, ""sha256"": ""0aa9d82bef91689cc3b4b76c97b385153e325887adf376d641f082358aabea0f""}, {""name"": ""accuracy_p2_clean_swa"", ""views"": 1, ""temperature"": 1.25, ""weight"": 0.325, ""sha256"": ""31e66eb705618c067df9d65c5a5cb991addbb4f567a7c5dbab408f87859d6227""}, {""name"": ""mixer_pruned_75"", ""views"": 18, ""temperature"": 1.0, ""weight"": 0.35, ""sha256"": ""c0b7eafe5070b3985442bfdf729ab2955c7340a172dc5b817150cc02771d5f53""}]"
2207556,3114596544,5695,6000,0.9491666666666667,0.15644341707229614,0.8665511265164645,0.8333333333333334,0.8496176720475785,0.9490246847789644,"[2842, 2853]","[{""name"": ""accuracy_wide_clean_swa"", ""views"": 30, ""temperature"": 1.5, ""weight"": 0.325, ""sha256"": ""0aa9d82bef91689cc3b4b76c97b385153e325887adf376d641f082358aabea0f""}, {""name"": ""accuracy_p2_clean_swa"", ""views"": 1, ""temperature"": 1.25, ""weight"": 0.325, ""sha256"": ""31e66eb705618c067df9d65c5a5cb991addbb4f567a7c5dbab408f87859d6227""}, {""name"": ""mixer_pruned_75"", ""views"": 30, ""temperature"": 1.0, ""weight"": 0.35, ""sha256"": ""c0b7eafe5070b3985442bfdf729ab2955c7340a172dc5b817150cc02771d5f53""}]"
1827604,2461342848,5672,6000,0.9453333333333334,0.16445748507976532,0.859375,0.825,0.8418367346938775,0.9452010471053791,"[2832, 2840]","[{""name"": ""accuracy_wide_clean_swa"", ""views"": 30, ""temperature"": 1.5, ""weight"": 0.5, ""sha256"": ""0aa9d82bef91689cc3b4b76c97b385153e325887adf376d641f082358aabea0f""}, {""name"": ""accuracy_p2_clean_swa"", ""views"": 2, ""temperature"": 1.25, ""weight"": 0.5, ""sha256"": ""31e66eb705618c067df9d65c5a5cb991addbb4f567a7c5dbab408f87859d6227""}]"
2207556,2485528960,5684,6000,0.9473333333333334,0.15600885450839996,0.8719298245614036,0.8283333333333334,0.8495726495726496,0.9471405855883193,"[2837, 2847]","[{""name"": ""accuracy_wide_clean_swa"", ""views"": 30, ""temperature"": 1.5, ""weight"": 0.325, ""sha256"": ""0aa9d82bef91689cc3b4b76c97b385153e325887adf376d641f082358aabea0f""}, {""name"": ""accuracy_p2_clean_swa"", ""views"": 2, ""temperature"": 1.25, ""weight"": 0.325, ""sha256"": ""31e66eb705618c067df9d65c5a5cb991addbb4f567a7c5dbab408f87859d6227""}, {""name"": ""mixer_pruned_75"", ""views"": 1, ""temperature"": 1.0, ""weight"": 0.35, ""sha256"": ""c0b7eafe5070b3985442bfdf729ab2955c7340a172dc5b817150cc02771d5f53""}]"
2207556,2509715072,5694,6000,0.949,0.15532416105270386,0.8743455497382199,0.835,0.8542199488491049,0.9488451826494588,"[2844, 2850]","[{""name"": ""accuracy_wide_clean_swa"", ""views"": 30, ""temperature"": 1.5, ""weight"": 0.325, ""sha256"": ""0aa9d82bef91689cc3b4b76c97b385153e325887adf376d641f082358aabea0f""}, {""name"": ""accuracy_p2_clean_swa"", ""views"": 2, ""temperature"": 1.25, ""weight"": 0.325, ""sha256"": ""31e66eb705618c067df9d65c5a5cb991addbb4f567a7c5dbab408f87859d6227""}, {""name"": ""mixer_pruned_75"", ""views"": 2, ""temperature"": 1.0, ""weight"": 0.35, ""sha256"": ""c0b7eafe5070b3985442bfdf729ab2955c7340a172dc5b817150cc02771d5f53""}]"
2207556,2558087296,5693,6000,0.9488333333333333,0.15462566912174225,0.8719298245614036,0.8283333333333334,0.8495726495726496,0.9486483649534139,"[2841, 2852]","[{""name"": ""accuracy_wide_clean_swa"", ""views"": 30, ""temperature"": 1.5, ""weight"": 0.325, ""sha256"": ""0aa9d82bef91689cc3b4b76c97b385153e325887adf376d641f082358aabea0f""}, {""name"": ""accuracy_p2_clean_swa"", ""views"": 2, ""temperature"": 1.25, ""weight"": 0.325, ""sha256"": ""31e66eb705618c067df9d65c5a5cb991addbb4f567a7c5dbab408f87859d6227""}, {""name"": ""mixer_pruned_75"", ""views"": 4, ""temperature"": 1.0, ""weight"": 0.35, ""sha256"": ""c0b7eafe5070b3985442bfdf729ab2955c7340a172dc5b817150cc02771d5f53""}]"
2207556,2703203968,5694,6000,0.949,0.15414640307426453,0.8706293706293706,0.83,0.8498293515358362,0.9488485851479123,"[2841, 2853]","[{""name"": ""accuracy_wide_clean_swa"", ""views"": 30, ""temperature"": 1.5, ""weight"": 0.325, ""sha256"": ""0aa9d82bef91689cc3b4b76c97b385153e325887adf376d641f082358aabea0f""}, {""name"": ""accuracy_p2_clean_swa"", ""views"": 2, ""temperature"": 1.25, ""weight"": 0.325, ""sha256"": ""31e66eb705618c067df9d65c5a5cb991addbb4f567a7c5dbab408f87859d6227""}, {""name"": ""mixer_pruned_75"", ""views"": 10, ""temperature"": 1.0, ""weight"": 0.35, ""sha256"": ""c0b7eafe5070b3985442bfdf729ab2955c7340a172dc5b817150cc02771d5f53""}]"
2207556,2896692864,5701,6000,0.9501666666666667,0.15501941740512848,0.8741258741258742,0.8333333333333334,0.8532423208191127,0.950026807639192,"[2848, 2853]","[{""name"": ""accuracy_wide_clean_swa"", ""views"": 30, ""temperature"": 1.5, ""weight"": 0.325, ""sha256"": ""0aa9d82bef91689cc3b4b76c97b385153e325887adf376d641f082358aabea0f""}, {""name"": ""accuracy_p2_clean_swa"", ""views"": 2, ""temperature"": 1.25, ""weight"": 0.325, ""sha256"": ""31e66eb705618c067df9d65c5a5cb991addbb4f567a7c5dbab408f87859d6227""}, {""name"": ""mixer_pruned_75"", ""views"": 18, ""temperature"": 1.0, ""weight"": 0.35, ""sha256"": ""c0b7eafe5070b3985442bfdf729ab2955c7340a172dc5b817150cc02771d5f53""}]"
2207556,3186926208,5696,6000,0.9493333333333334,0.1555917114019394,0.8691099476439791,0.83,0.8491048593350383,0.9491709153838872,"[2843, 2853]","[{""name"": ""accuracy_wide_clean_swa"", ""views"": 30, ""temperature"": 1.5, ""weight"": 0.325, ""sha256"": ""0aa9d82bef91689cc3b4b76c97b385153e325887adf376d641f082358aabea0f""}, {""name"": ""accuracy_p2_clean_swa"", ""views"": 2, ""temperature"": 1.25, ""weight"": 0.325, ""sha256"": ""31e66eb705618c067df9d65c5a5cb991addbb4f567a7c5dbab408f87859d6227""}, {""name"": ""mixer_pruned_75"", ""views"": 30, ""temperature"": 1.0, ""weight"": 0.35, ""sha256"": ""c0b7eafe5070b3985442bfdf729ab2955c7340a172dc5b817150cc02771d5f53""}]"
1827604,2606002176,5690,6000,0.9483333333333334,0.16154809296131134,0.8674698795180723,0.84,0.8535139712108383,0.9482279472255734,"[2839, 2851]","[{""name"": ""accuracy_wide_clean_swa"", ""views"": 30, ""temperature"": 1.5, ""weight"": 0.5, ""sha256"": ""0aa9d82bef91689cc3b4b76c97b385153e325887adf376d641f082358aabea0f""}, {""name"": ""accuracy_p2_clean_swa"", ""views"": 4, ""temperature"": 1.25, ""weight"": 0.5, ""sha256"": ""31e66eb705618c067df9d65c5a5cb991addbb4f567a7c5dbab408f87859d6227""}]"
2207556,2630188288,5689,6000,0.9481666666666667,0.15509836375713348,0.8765432098765432,0.8283333333333334,0.8517566409597258,0.9479445832472745,"[2840, 2849]","[{""name"": ""accuracy_wide_clean_swa"", ""views"": 30, ""temperature"": 1.5, ""weight"": 0.325, ""sha256"": ""0aa9d82bef91689cc3b4b76c97b385153e325887adf376d641f082358aabea0f""}, {""name"": ""accuracy_p2_clean_swa"", ""views"": 4, ""temperature"": 1.25, ""weight"": 0.325, ""sha256"": ""31e66eb705618c067df9d65c5a5cb991addbb4f567a7c5dbab408f87859d6227""}, {""name"": ""mixer_pruned_75"", ""views"": 1, ""temperature"": 1.0, ""weight"": 0.35, ""sha256"": ""c0b7eafe5070b3985442bfdf729ab2955c7340a172dc5b817150cc02771d5f53""}]"
2207556,2654374400,5697,6000,0.9495,0.15443935990333557,0.8723776223776224,0.8316666666666667,0.8515358361774744,0.9493315549166479,"[2844, 2853]","[{""name"": ""accuracy_wide_clean_swa"", ""views"": 30, ""temperature"": 1.5, ""weight"": 0.325, ""sha256"": ""0aa9d82bef91689cc3b4b76c97b385153e325887adf376d641f082358aabea0f""}, {""name"": ""accuracy_p2_clean_swa"", ""views"": 4, ""temperature"": 1.25, ""weight"": 0.325, ""sha256"": ""31e66eb705618c067df9d65c5a5cb991addbb4f567a7c5dbab408f87859d6227""}, {""name"": ""mixer_pruned_75"", ""views"": 2, ""temperature"": 1.0, ""weight"": 0.35, ""sha256"": ""c0b7eafe5070b3985442bfdf729ab2955c7340a172dc5b817150cc02771d5f53""}]"
2207556,2702746624,5703,6000,0.9505,0.1540604680776596,0.8711340206185567,0.845,0.8578680203045685,0.9503938525328938,"[2847, 2856]","[{""name"": ""accuracy_wide_clean_swa"", ""views"": 30, ""temperature"": 1.5, ""weight"": 0.325, ""sha256"": ""0aa9d82bef91689cc3b4b76c97b385153e325887adf376d641f082358aabea0f""}, {""name"": ""accuracy_p2_clean_swa"", ""views"": 4, ""temperature"": 1.25, ""weight"": 0.325, ""sha256"": ""31e66eb705618c067df9d65c5a5cb991addbb4f567a7c5dbab408f87859d6227""}, {""name"": ""mixer_pruned_75"", ""views"": 4, ""temperature"": 1.0, ""weight"": 0.35, ""sha256"": ""c0b7eafe5070b3985442bfdf729ab2955c7340a172dc5b817150cc02771d5f53""}]"
2207556,2847863296,5702,6000,0.9503333333333334,0.15358957648277283,0.871304347826087,0.835,0.8527659574468085,0.9501954524853445,"[2843, 2859]","[{""name"": ""accuracy_wide_clean_swa"", ""views"": 30, ""temperature"": 1.5, ""weight"": 0.325, ""sha256"": ""0aa9d82bef91689cc3b4b76c97b385153e325887adf376d641f082358aabea0f""}, {""name"": ""accuracy_p2_clean_swa"", ""views"": 4, ""temperature"": 1.25, ""weight"": 0.325, ""sha256"": ""31e66eb705618c067df9d65c5a5cb991addbb4f567a7c5dbab408f87859d6227""}, {""name"": ""mixer_pruned_75"", ""views"": 10, ""temperature"": 1.0, ""weight"": 0.35, ""sha256"": ""c0b7eafe5070b3985442bfdf729ab2955c7340a172dc5b817150cc02771d5f53""}]"
2207556,3041352192,5700,6000,0.95,0.15453295409679413,0.871304347826087,0.835,0.8527659574468085,0.9498586098988995,"[2842, 2858]","[{""name"": ""accuracy_wide_clean_swa"", ""views"": 30, ""temperature"": 1.5, ""weight"": 0.325, ""sha256"": ""0aa9d82bef91689cc3b4b76c97b385153e325887adf376d641f082358aabea0f""}, {""name"": ""accuracy_p2_clean_swa"", ""views"": 4, ""temperature"": 1.25, ""weight"": 0.325, ""sha256"": ""31e66eb705618c067df9d65c5a5cb991addbb4f567a7c5dbab408f87859d6227""}, {""name"": ""mixer_pruned_75"", ""views"": 18, ""temperature"": 1.0, ""weight"": 0.35, ""sha256"": ""c0b7eafe5070b3985442bfdf729ab2955c7340a172dc5b817150cc02771d5f53""}]"
2207556,3331585536,5701,6000,0.9501666666666667,0.15508165955543518,0.8710801393728222,0.8333333333333334,0.8517887563884157,0.9500116541052506,"[2844, 2857]","[{""name"": ""accuracy_wide_clean_swa"", ""views"": 30, ""temperature"": 1.5, ""weight"": 0.325, ""sha256"": ""0aa9d82bef91689cc3b4b76c97b385153e325887adf376d641f082358aabea0f""}, {""name"": ""accuracy_p2_clean_swa"", ""views"": 4, ""temperature"": 1.25, ""weight"": 0.325, ""sha256"": ""31e66eb705618c067df9d65c5a5cb991addbb4f567a7c5dbab408f87859d6227""}, {""name"": ""mixer_pruned_75"", ""views"": 30, ""temperature"": 1.0, ""weight"": 0.35, ""sha256"": ""c0b7eafe5070b3985442bfdf729ab2955c7340a172dc5b817150cc02771d5f53""}]"
1827604,3039980160,5684,6000,0.9473333333333334,0.15951724350452423,0.8665511265164645,0.8333333333333334,0.8496176720475785,0.9471965990084443,"[2833, 2851]","[{""name"": ""accuracy_wide_clean_swa"", ""views"": 30, ""temperature"": 1.5, ""weight"": 0.5, ""sha256"": ""0aa9d82bef91689cc3b4b76c97b385153e325887adf376d641f082358aabea0f""}, {""name"": ""accuracy_p2_clean_swa"", ""views"": 10, ""temperature"": 1.25, ""weight"": 0.5, ""sha256"": ""31e66eb705618c067df9d65c5a5cb991addbb4f567a7c5dbab408f87859d6227""}]"
2207556,3064166272,5687,6000,0.9478333333333333,0.15445095300674438,0.8706293706293706,0.83,0.8498293515358362,0.9476510808816219,"[2837, 2850]","[{""name"": ""accuracy_wide_clean_swa"", ""views"": 30, ""temperature"": 1.5, ""weight"": 0.325, ""sha256"": ""0aa9d82bef91689cc3b4b76c97b385153e325887adf376d641f082358aabea0f""}, {""name"": ""accuracy_p2_clean_swa"", ""views"": 10, ""temperature"": 1.25, ""weight"": 0.325, ""sha256"": ""31e66eb705618c067df9d65c5a5cb991addbb4f567a7c5dbab408f87859d6227""}, {""name"": ""mixer_pruned_75"", ""views"": 1, ""temperature"": 1.0, ""weight"": 0.35, ""sha256"": ""c0b7eafe5070b3985442bfdf729ab2955c7340a172dc5b817150cc02771d5f53""}]"
2207556,3088352384,5692,6000,0.9486666666666667,0.15388324856758118,0.8691099476439791,0.83,0.8491048593350383,0.948487378001414,"[2840, 2852]","[{""name"": ""accuracy_wide_clean_swa"", ""views"": 30, ""temperature"": 1.5, ""weight"": 0.325, ""sha256"": ""0aa9d82bef91689cc3b4b76c97b385153e325887adf376d641f082358aabea0f""}, {""name"": ""accuracy_p2_clean_swa"", ""views"": 10, ""temperature"": 1.25, ""weight"": 0.325, ""sha256"": ""31e66eb705618c067df9d65c5a5cb991addbb4f567a7c5dbab408f87859d6227""}, {""name"": ""mixer_pruned_75"", ""views"": 2, ""temperature"": 1.0, ""weight"": 0.35, ""sha256"": ""c0b7eafe5070b3985442bfdf729ab2955c7340a172dc5b817150cc02771d5f53""}]"
2207556,3136724608,5698,6000,0.9496666666666667,0.15362243354320526,0.8730434782608696,0.8366666666666667,0.854468085106383,0.949511709573615,"[2843, 2855]","[{""name"": ""accuracy_wide_clean_swa"", ""views"": 30, ""temperature"": 1.5, ""weight"": 0.325, ""sha256"": ""0aa9d82bef91689cc3b4b76c97b385153e325887adf376d641f082358aabea0f""}, {""name"": ""accuracy_p2_clean_swa"", ""views"": 10, ""temperature"": 1.25, ""weight"": 0.325, ""sha256"": ""31e66eb705618c067df9d65c5a5cb991addbb4f567a7c5dbab408f87859d6227""}, {""name"": ""mixer_pruned_75"", ""views"": 4, ""temperature"": 1.0, ""weight"": 0.35, ""sha256"": ""c0b7eafe5070b3985442bfdf729ab2955c7340a172dc5b817150cc02771d5f53""}]"
2207556,3281841280,5701,6000,0.9501666666666667,0.15338341891765594,0.8700173310225303,0.8366666666666667,0.8530161427357689,0.9500188661338681,"[2845, 2856]","[{""name"": ""accuracy_wide_clean_swa"", ""views"": 30, ""temperature"": 1.5, ""weight"": 0.325, ""sha256"": ""0aa9d82bef91689cc3b4b76c97b385153e325887adf376d641f082358aabea0f""}, {""name"": ""accuracy_p2_clean_swa"", ""views"": 10, ""temperature"": 1.25, ""weight"": 0.325, ""sha256"": ""31e66eb705618c067df9d65c5a5cb991addbb4f567a7c5dbab408f87859d6227""}, {""name"": ""mixer_pruned_75"", ""views"": 10, ""temperature"": 1.0, ""weight"": 0.35, ""sha256"": ""c0b7eafe5070b3985442bfdf729ab2955c7340a172dc5b817150cc02771d5f53""}]"
2207556,3475330176,5703,6000,0.9505,0.15440744161605835,0.8682842287694974,0.835,0.8513169073916738,0.9503515108393747,"[2845, 2858]","[{""name"": ""accuracy_wide_clean_swa"", ""views"": 30, ""temperature"": 1.5, ""weight"": 0.325, ""sha256"": ""0aa9d82bef91689cc3b4b76c97b385153e325887adf376d641f082358aabea0f""}, {""name"": ""accuracy_p2_clean_swa"", ""views"": 10, ""temperature"": 1.25, ""weight"": 0.325, ""sha256"": ""31e66eb705618c067df9d65c5a5cb991addbb4f567a7c5dbab408f87859d6227""}, {""name"": ""mixer_pruned_75"", ""views"": 18, ""temperature"": 1.0, ""weight"": 0.35, ""sha256"": ""c0b7eafe5070b3985442bfdf729ab2955c7340a172dc5b817150cc02771d5f53""}]"
2207556,3765563520,5695,6000,0.9491666666666667,0.15494604408740997,0.8680555555555556,0.8333333333333334,0.8503401360544217,0.9490112110058437,"[2844, 2851]","[{""name"": ""accuracy_wide_clean_swa"", ""views"": 30, ""temperature"": 1.5, ""weight"": 0.325, ""sha256"": ""0aa9d82bef91689cc3b4b76c97b385153e325887adf376d641f082358aabea0f""}, {""name"": ""accuracy_p2_clean_swa"", ""views"": 10, ""temperature"": 1.25, ""weight"": 0.325, ""sha256"": ""31e66eb705618c067df9d65c5a5cb991addbb4f567a7c5dbab408f87859d6227""}, {""name"": ""mixer_pruned_75"", ""views"": 30, ""temperature"": 1.0, ""weight"": 0.35, ""sha256"": ""c0b7eafe5070b3985442bfdf729ab2955c7340a172dc5b817150cc02771d5f53""}]"
1827604,3618617472,5684,6000,0.9473333333333334,0.15981322526931763,0.8682842287694974,0.835,0.8513169073916738,0.9472031639846392,"[2837, 2847]","[{""name"": ""accuracy_wide_clean_swa"", ""views"": 30, ""temperature"": 1.5, ""weight"": 0.5, ""sha256"": ""0aa9d82bef91689cc3b4b76c97b385153e325887adf376d641f082358aabea0f""}, {""name"": ""accuracy_p2_clean_swa"", ""views"": 18, ""temperature"": 1.25, ""weight"": 0.5, ""sha256"": ""31e66eb705618c067df9d65c5a5cb991addbb4f567a7c5dbab408f87859d6227""}]"
2207556,3642803584,5685,6000,0.9475,0.15459568798542023,0.8678260869565217,0.8316666666666667,0.8493617021276596,0.9473470119088379,"[2838, 2847]","[{""name"": ""accuracy_wide_clean_swa"", ""views"": 30, ""temperature"": 1.5, ""weight"": 0.325, ""sha256"": ""0aa9d82bef91689cc3b4b76c97b385153e325887adf376d641f082358aabea0f""}, {""name"": ""accuracy_p2_clean_swa"", ""views"": 18, ""temperature"": 1.25, ""weight"": 0.325, ""sha256"": ""31e66eb705618c067df9d65c5a5cb991addbb4f567a7c5dbab408f87859d6227""}, {""name"": ""mixer_pruned_75"", ""views"": 1, ""temperature"": 1.0, ""weight"": 0.35, ""sha256"": ""c0b7eafe5070b3985442bfdf729ab2955c7340a172dc5b817150cc02771d5f53""}]"
2207556,3666989696,5693,6000,0.9488333333333333,0.15409116446971893,0.8706293706293706,0.83,0.8498293515358362,0.9486475884278898,"[2844, 2849]","[{""name"": ""accuracy_wide_clean_swa"", ""views"": 30, ""temperature"": 1.5, ""weight"": 0.325, ""sha256"": ""0aa9d82bef91689cc3b4b76c97b385153e325887adf376d641f082358aabea0f""}, {""name"": ""accuracy_p2_clean_swa"", ""views"": 18, ""temperature"": 1.25, ""weight"": 0.325, ""sha256"": ""31e66eb705618c067df9d65c5a5cb991addbb4f567a7c5dbab408f87859d6227""}, {""name"": ""mixer_pruned_75"", ""views"": 2, ""temperature"": 1.0, ""weight"": 0.35, ""sha256"": ""c0b7eafe5070b3985442bfdf729ab2955c7340a172dc5b817150cc02771d5f53""}]"
2207556,3715361920,5688,6000,0.948,0.15391528606414795,0.8673647469458988,0.8283333333333334,0.8473998294970162,0.9478209710540131,"[2843, 2845]","[{""name"": ""accuracy_wide_clean_swa"", ""views"": 30, ""temperature"": 1.5, ""weight"": 0.325, ""sha256"": ""0aa9d82bef91689cc3b4b76c97b385153e325887adf376d641f082358aabea0f""}, {""name"": ""accuracy_p2_clean_swa"", ""views"": 18, ""temperature"": 1.25, ""weight"": 0.325, ""sha256"": ""31e66eb705618c067df9d65c5a5cb991addbb4f567a7c5dbab408f87859d6227""}, {""name"": ""mixer_pruned_75"", ""views"": 4, ""temperature"": 1.0, ""weight"": 0.35, ""sha256"": ""c0b7eafe5070b3985442bfdf729ab2955c7340a172dc5b817150cc02771d5f53""}]"
2207556,3860478592,5695,6000,0.9491666666666667,0.15375454723834991,0.8708551483420593,0.8316666666666667,0.8508098891730606,0.9489920740258422,"[2847, 2848]","[{""name"": ""accuracy_wide_clean_swa"", ""views"": 30, ""temperature"": 1.5, ""weight"": 0.325, ""sha256"": ""0aa9d82bef91689cc3b4b76c97b385153e325887adf376d641f082358aabea0f""}, {""name"": ""accuracy_p2_clean_swa"", ""views"": 18, ""temperature"": 1.25, ""weight"": 0.325, ""sha256"": ""31e66eb705618c067df9d65c5a5cb991addbb4f567a7c5dbab408f87859d6227""}, {""name"": ""mixer_pruned_75"", ""views"": 10, ""temperature"": 1.0, ""weight"": 0.35, ""sha256"": ""c0b7eafe5070b3985442bfdf729ab2955c7340a172dc5b817150cc02771d5f53""}]"
2207556,4053967488,5698,6000,0.9496666666666667,0.1548997312784195,0.8695652173913043,0.8333333333333334,0.851063829787234,0.9495054563101979,"[2846, 2852]","[{""name"": ""accuracy_wide_clean_swa"", ""views"": 30, ""temperature"": 1.5, ""weight"": 0.325, ""sha256"": ""0aa9d82bef91689cc3b4b76c97b385153e325887adf376d641f082358aabea0f""}, {""name"": ""accuracy_p2_clean_swa"", ""views"": 18, ""temperature"": 1.25, ""weight"": 0.325, ""sha256"": ""31e66eb705618c067df9d65c5a5cb991addbb4f567a7c5dbab408f87859d6227""}, {""name"": ""mixer_pruned_75"", ""views"": 18, ""temperature"": 1.0, ""weight"": 0.35, ""sha256"": ""c0b7eafe5070b3985442bfdf729ab2955c7340a172dc5b817150cc02771d5f53""}]"
2207556,4344200832,5689,6000,0.9481666666666667,0.15540392696857452,0.8680555555555556,0.8333333333333334,0.8503401360544217,0.9480293940999449,"[2840, 2849]","[{""name"": ""accuracy_wide_clean_swa"", ""views"": 30, ""temperature"": 1.5, ""weight"": 0.325, ""sha256"": ""0aa9d82bef91689cc3b4b76c97b385153e325887adf376d641f082358aabea0f""}, {""name"": ""accuracy_p2_clean_swa"", ""views"": 18, ""temperature"": 1.25, ""weight"": 0.325, ""sha256"": ""31e66eb705618c067df9d65c5a5cb991addbb4f567a7c5dbab408f87859d6227""}, {""name"": ""mixer_pruned_75"", ""views"": 30, ""temperature"": 1.0, ""weight"": 0.35, ""sha256"": ""c0b7eafe5070b3985442bfdf729ab2955c7340a172dc5b817150cc02771d5f53""}]"
1827604,4486573440,5689,6000,0.9481666666666667,0.16122110188007355,0.8835125448028673,0.8216666666666667,0.8514680483592401,0.9479160148366932,"[2840, 2849]","[{""name"": ""accuracy_wide_clean_swa"", ""views"": 30, ""temperature"": 1.5, ""weight"": 0.5, ""sha256"": ""0aa9d82bef91689cc3b4b76c97b385153e325887adf376d641f082358aabea0f""}, {""name"": ""accuracy_p2_clean_swa"", ""views"": 30, ""temperature"": 1.25, ""weight"": 0.5, ""sha256"": ""31e66eb705618c067df9d65c5a5cb991addbb4f567a7c5dbab408f87859d6227""}]"
2207556,4510759552,5693,6000,0.9488333333333333,0.15525980293750763,0.8706293706293706,0.83,0.8498293515358362,0.9486566717103656,"[2842, 2851]","[{""name"": ""accuracy_wide_clean_swa"", ""views"": 30, ""temperature"": 1.5, ""weight"": 0.325, ""sha256"": ""0aa9d82bef91689cc3b4b76c97b385153e325887adf376d641f082358aabea0f""}, {""name"": ""accuracy_p2_clean_swa"", ""views"": 30, ""temperature"": 1.25, ""weight"": 0.325, ""sha256"": ""31e66eb705618c067df9d65c5a5cb991addbb4f567a7c5dbab408f87859d6227""}, {""name"": ""mixer_pruned_75"", ""views"": 1, ""temperature"": 1.0, ""weight"": 0.35, ""sha256"": ""c0b7eafe5070b3985442bfdf729ab2955c7340a172dc5b817150cc02771d5f53""}]"
2207556,4534945664,5691,6000,0.9485,0.15474924445152283,0.868421052631579,0.825,0.8461538461538461,0.9483091578326011,"[2839, 2852]","[{""name"": ""accuracy_wide_clean_swa"", ""views"": 30, ""temperature"": 1.5, ""weight"": 0.325, ""sha256"": ""0aa9d82bef91689cc3b4b76c97b385153e325887adf376d641f082358aabea0f""}, {""name"": ""accuracy_p2_clean_swa"", ""views"": 30, ""temperature"": 1.25, ""weight"": 0.325, ""sha256"": ""31e66eb705618c067df9d65c5a5cb991addbb4f567a7c5dbab408f87859d6227""}, {""name"": ""mixer_pruned_75"", ""views"": 2, ""temperature"": 1.0, ""weight"": 0.35, ""sha256"": ""c0b7eafe5070b3985442bfdf729ab2955c7340a172dc5b817150cc02771d5f53""}]"
2207556,4583317888,5696,6000,0.9493333333333334,0.1545112431049347,0.8693379790940766,0.8316666666666667,0.8500851788756388,0.9491671841290618,"[2845, 2851]","[{""name"": ""accuracy_wide_clean_swa"", ""views"": 30, ""temperature"": 1.5, ""weight"": 0.325, ""sha256"": ""0aa9d82bef91689cc3b4b76c97b385153e325887adf376d641f082358aabea0f""}, {""name"": ""accuracy_p2_clean_swa"", ""views"": 30, ""temperature"": 1.25, ""weight"": 0.325, ""sha256"": ""31e66eb705618c067df9d65c5a5cb991addbb4f567a7c5dbab408f87859d6227""}, {""name"": ""mixer_pruned_75"", ""views"": 4, ""temperature"": 1.0, ""weight"": 0.35, ""sha256"": ""c0b7eafe5070b3985442bfdf729ab2955c7340a172dc5b817150cc02771d5f53""}]"
2207556,4728434560,5697,6000,0.9495,0.15436550974845886,0.8719298245614036,0.8283333333333334,0.8495726495726496,0.9493130040116572,"[2844, 2853]","[{""name"": ""accuracy_wide_clean_swa"", ""views"": 30, ""temperature"": 1.5, ""weight"": 0.325, ""sha256"": ""0aa9d82bef91689cc3b4b76c97b385153e325887adf376d641f082358aabea0f""}, {""name"": ""accuracy_p2_clean_swa"", ""views"": 30, ""temperature"": 1.25, ""weight"": 0.325, ""sha256"": ""31e66eb705618c067df9d65c5a5cb991addbb4f567a7c5dbab408f87859d6227""}, {""name"": ""mixer_pruned_75"", ""views"": 10, ""temperature"": 1.0, ""weight"": 0.35, ""sha256"": ""c0b7eafe5070b3985442bfdf729ab2955c7340a172dc5b817150cc02771d5f53""}]"
2207556,4921923456,5701,6000,0.9501666666666667,0.15540039539337158,0.8734622144112478,0.8283333333333334,0.8502994011976048,0.9499731343424971,"[2844, 2857]","[{""name"": ""accuracy_wide_clean_swa"", ""views"": 30, ""temperature"": 1.5, ""weight"": 0.325, ""sha256"": ""0aa9d82bef91689cc3b4b76c97b385153e325887adf376d641f082358aabea0f""}, {""name"": ""accuracy_p2_clean_swa"", ""views"": 30, ""temperature"": 1.25, ""weight"": 0.325, ""sha256"": ""31e66eb705618c067df9d65c5a5cb991addbb4f567a7c5dbab408f87859d6227""}, {""name"": ""mixer_pruned_75"", ""views"": 18, ""temperature"": 1.0, ""weight"": 0.35, ""sha256"": ""c0b7eafe5070b3985442bfdf729ab2955c7340a172dc5b817150cc02771d5f53""}]"
2207556,5212156800,5697,6000,0.9495,0.15619824826717377,0.8741258741258742,0.8333333333333334,0.8532423208191127,0.9493289973327265,"[2841, 2856]","[{""name"": ""accuracy_wide_clean_swa"", ""views"": 30, ""temperature"": 1.5, ""weight"": 0.325, ""sha256"": ""0aa9d82bef91689cc3b4b76c97b385153e325887adf376d641f082358aabea0f""}, {""name"": ""accuracy_p2_clean_swa"", ""views"": 30, ""temperature"": 1.25, ""weight"": 0.325, ""sha256"": ""31e66eb705618c067df9d65c5a5cb991addbb4f567a7c5dbab408f87859d6227""}, {""name"": ""mixer_pruned_75"", ""views"": 30, ""temperature"": 1.0, ""weight"": 0.35, ""sha256"": ""c0b7eafe5070b3985442bfdf729ab2955c7340a172dc5b817150cc02771d5f53""}]"
